lon_east,rho_cos,rho_sin,Name,lat,lon
0.0,0.62411,0.77873,Greenwich,51.477378084236065,0.0
0.1542,0.62992,0.77411,Crowborough,51.05184026963328,0.1542
0.62,0.622,0.781,Rayleigh,51.65306565806702,0.62
3.9,0.725,0.687,Montpellier,43.65059709641058,3.9
1.4625,0.7252,0.68627,Toulouse,43.61228191121627,1.4625
2.231,0.659891,0.748875,Meudon,48.80507095455541,2.231
2.12417,0.751042,0.658129,"Fabra Observatory, Barcelona",41.418532589544306,2.12417
2.33675,0.65947,0.749223,Paris,48.83638263093262,2.33675
3.0355,0.80172,0.59578,Algiers-Bouzareah,36.80146947411836,3.0355
7.4417,0.6838,0.7272,Berne-Uecht,46.95378673483393,7.4417
6.92124,0.723655,0.688135,Caussols,43.750980289771086,6.92124
8.7975,0.6792,0.73161,Wetzikon,47.31934030493554,8.7975
4.35821,0.633333,0.771306,Uccle,50.79859905521009,4.35821
4.48397,0.614813,0.786029,Leiden,52.15494430470505,4.48397
5.39509,0.728859,0.682384,Marseilles,43.30586800150136,5.39509
5.12929,0.61577,0.785285,Utrecht,52.08546037723827,5.12929
5.9893,0.68006,0.73076,Besancon,47.25000743006873,5.9893
6.84924,0.641946,0.764282,Hoher List,50.16139978263201,6.84924
6.7612,0.62779,0.77578,Dusseldorf-Bilk,51.20698944636412,6.7612
6.9575,0.68331,0.72779,Neuchatel,46.997452166374295,6.9575
7.3004,0.72391,0.68767,Nice,43.721550789969925,7.3004
8.3855,0.65701,0.75138,Karlsruhe,49.024024914794595,8.3855
7.7748,0.7079,0.70409,Pino Torinese,45.03782196367589,7.7748
8.2625,0.64299,0.76335,Wiesbaden,50.08119053807378,8.2625
8.7216,0.65211,0.7557,Heidelberg-Konigstuhl,49.398632332945354,8.7216
9.1965,0.660205,0.748637,Stuttgart,48.7825355215621,9.1965
7.46511,0.684884,0.726402,Berne-Zimmerwald,46.877125771167215,7.46511
9.1912,0.70254,0.70929,Milan,45.46633892984899,9.1912
9.9363,0.64686,0.76009,Wurzburg,49.791037948536896,9.9363
10.2406,0.5964,0.8,Hamburg-Bergedorf,53.47970652137735,10.2406
11.25446,0.723534,0.688012,"Arcetri Observatory, Florence",43.75065002902262,11.25446
11.18985,0.639061,0.766705,Sonneberg,50.377409527386874,11.18985
11.58295,0.631624,0.772706,Jena,50.92526060311562,11.58295
11.71124,0.630904,0.773338,"Karl Schwarzschild Observatory, Tautenburg",50.98015049244263,11.71124
12.45246,0.745176,0.664656,"Monte Mario Observatory, Rome",41.92245156287813,12.45246
12.57592,0.565008,0.822321,Copenhagen,55.68686566727769,12.57592
12.6504,0.747247,0.66242,Castel Gandolfo,41.74747894290945,12.6504
13.7333,0.7366,0.67416,"Collurania Observatory, Teramo",42.657480085379504,13.7333
13.7704,0.70033,0.71144,Trieste,45.64327212853134,13.7704
13.1874,0.56485,0.82243,Lund,55.69786197788304,13.1874
13.7298,0.63019,0.77387,"Lohrmann Institute, Dresden",51.03114927905417,13.7298
11.38083,0.679862,0.731012,Innsbruck,47.26817030105361,11.38083
13.06428,0.611721,0.788439,Potsdam,52.37965429333352,13.06428
11.52643,0.697656,0.714269,"Asiago Astrophysical Observatory, Padua",45.866477564277034,11.52643
14.2559,0.75738,0.65082,"Capodimonte Observatory, Naples",40.862942504061415,14.2559
16.339,0.66739,0.74227,Vienna (since 1879),48.23192009949577,16.339
14.2881,0.65922,0.74965,"Klet Observatory, Ceske Budejovice",48.863322245614725,14.2881
16.8782,0.61146,0.78864,Poznan,52.39853637230336,16.8782
15.8408,0.641709,0.764432,Hradec Kralove,50.177337175155714,15.8408
17.6067,0.5088,0.858,Uppsala-Kvistaberg,59.500333384851984,17.6067
18.0582,0.51118,0.8566,Stockholm (before 1931),59.34224603697111,18.0582
18.4766,0.83055,-0.55508,"Royal Observatory, Cape of Good Hope",-33.93394440361534,18.4766
18.3083,0.51224,0.85597,Stockholm-Saltsjobaden,59.27164712212652,18.3083
18.9642,0.67688,0.73373,"Konkoly Observatory, Budapest (since 1933)",47.499616460435966,18.9642
11.6654,0.56595,0.82169,Brorfelde,55.62191759594715,11.6654
19.9596,0.64321,0.76316,Cracow,50.06452362816069,19.9596
20.23418,0.655001,0.75347,Skalnate Pleso,49.18961684020922,20.23418
20.5133,0.71074,0.70116,Belgrade,44.80365787972311,20.5133
20.495,0.57897,0.81262,Kaliningrad,54.712817329024304,20.495
20.2201,0.655,0.75364,Lomnicky Stit,49.19605390162543,20.2201
21.42,0.61572,0.78535,Warsaw-Ostrowik,52.09001477942226,21.42
22.2985,0.662142,0.746904,Uzhhorod,48.633471943347665,22.2985
22.2293,0.4944,0.86632,Turku,60.45242608832039,22.2293
22.445,0.49496,0.86601,Turku-Tuorla,60.415788495041944,22.445
22.75,0.49489,0.86605,Turku-Kevola,60.42040367619557,22.75
12.6318,0.67222,0.738,Traunstein,47.86216538500143,12.6318
23.71817,0.789321,0.611946,Athens,37.972271081794254,23.71817
24.0297,0.64632,0.76058,Lviv University Observatory,49.832828918409234,24.0297
24.0142,0.64627,0.76062,Lviv Polytechnic Institute,49.83649894005384,24.0142
24.4042,0.54925,0.83287,Baldone,56.77311862817477,24.4042
25.2865,0.5794,0.81233,Vilnius (before 1939),54.683110499127224,25.2865
24.73782,0.74803,0.66185,"NAO Rozhen, Smolyan",41.693172328258555,24.73782
7.17,0.629,0.774,Scheuren Observatory,51.088794643160114,7.17
26.09391,0.715515,0.696285,Bucharest,44.4119970580104,26.09391
26.4058,0.87518,-0.48263,"Boyden Observatory, Bloemfontein",-29.038171226311096,26.4058
26.7216,0.52557,0.84791,Tartu,58.37971393435472,26.7216
27.8768,0.90127,-0.43225,Johannesburg-Hartbeespoort,-25.77279653477682,27.8768
28.0292,0.89819,-0.43876,"Yale-Columbia Station, Johannesburg",-26.18730088730828,28.0292
28.075,0.89824,-0.43868,Johannesburg,-26.181900805322698,28.075
28.2288,0.9012,-0.43251,"Radcliffe Observatory, Pretoria",-25.788032478796026,28.2288
28.9667,0.75566,0.65278,Istanbul,41.012702922133755,28.9667
27.8768,0.90127,-0.43225,"Leiden Station, Johannesburg",-25.77279653477682,27.8768
15.7561,0.66929,0.74063,St. Polten,48.08799238504969,15.7561
30.5056,0.63918,0.76651,Holosiivskyi district-Kyiv,50.36500957401272,30.5056
30.3274,0.50471,0.86041,Pulkovo,59.77211764910957,30.3274
30.5023,0.638,0.76749,Kyiv,50.45295802958389,30.5023
30.7582,0.68987,0.72152,Odesa,46.47682632476464,30.7582
31.3411,0.86799,0.49495,Helwan,29.85877578763254,31.3411
31.82769,0.867391,0.496114,Kottomia,29.93402299083861,31.82769
31.9747,0.68359,0.72743,Mykolaiv,46.97160353589204,31.9747
8.25,0.645,0.762,Mainz,49.94320640244149,8.25
4.20919,0.70363,0.708287,"Observatoire de Nurol, Aurec sur Loire",45.38139576010661,4.20919
18.5546,0.60177,0.79601,Torun-Piwnice,53.09630353809423,18.5546
20.3647,0.3537,0.9322,Skibotn,69.34932630509446,20.3647
33.9974,0.71565,0.6962,Crimea-Simeiz,44.403096876435335,33.9974
34.016,0.71172,0.70024,Crimea-Nauchnyi,44.7265728104846,34.016
9.4283,0.69967,0.71215,Merate,45.698843387909974,9.4283
34.7625,0.86165,0.50608,"Wise Observatory, Mitzpeh Ramon",30.595680999887747,34.7625
11.569,0.697916,0.71409,"Asiago Observatory, Cima Ekar, 182 cm Copernicus",45.84863092797327,11.569
25.53529,0.484073,0.872114,Lahti,61.13023889021476,25.53529
24.14145,0.461165,0.88437,Ahtari,62.61716503577125,24.14145
36.2322,0.64403,0.76246,Kharkiv,50.002702678101386,36.2322
36.75953,0.564841,0.822468,Zvenigorod,55.69951937525974,36.75953
14.52774,0.695365,0.716346,Ljubljana,46.04379235578442,14.52774
10.80375,0.719842,0.69204,San Marcello Pistoiese,44.0642084428718,10.80375
37.5706,0.56403,0.82302,Moscow,55.75571791525615,37.5706
14.0711,0.69662,0.71519,Crni Vrh,45.94592637918735,14.0711
11.003,0.70998,0.70186,Cavezzo,44.8628929025288,11.003
11.0278,0.72367,0.68784,Montelupo,43.73811500436124,11.0278
3.0705,0.80241,0.59481,Algiers-Kouba,36.73306915067066,3.0705
39.415,0.54316,0.83683,Rostov,57.18917734477018,39.415
10.9721,0.72439,0.6871,"Piazzano Observatory, Florence",43.6788499606267,10.9721
10.9039,0.70232,0.7095,"Pleiade Observatory, Verona",45.4837895511266,10.9039
13.0166,0.63502,0.77001,"Volkssternwarte Drebach, Schoenbrunn",50.67670141407491,13.0166
41.4277,0.72489,0.68702,"Engelhardt Observatory, Zelenchukskaya Station",43.65577226577502,41.4277
41.44067,0.725004,0.686912,Zelenchukskaya,43.64677346350994,41.44067
11.5958,0.66893,0.74094,Giesing,48.11523373979568,11.5958
11.5385,0.66897,0.74092,Sendling,48.112762111978256,11.5385
17.274,0.66558,0.74394,"Astronomical and Geophysical Observatory, Modra",48.37315770879933,17.274
42.82,0.74731,0.66262,Abastuman,41.75367186251512,42.82
13.7261,0.70489,0.70699,Visnjan,45.27764089174173,13.7261
36.93403,0.648856,0.758394,"Kharkiv University, Chuhuivskyi district Station",49.640840591387814,36.93403
3.5035,0.72017,0.69176,Pises Observatory,44.039578034524645,3.5035
44.2917,0.76352,0.64398,Byurakan,40.33525222885394,44.2917
2.255,0.72534,0.68612,Castres,43.600503578776376,2.255
44.7895,0.747594,0.662026,Tbilisi,41.717331438615076,44.7895
9.79015,0.718943,0.692828,Monte Viseggi L. Zannoni Observatory,44.13257655854905,9.79015
6.9797,0.63385,0.77088,Bornheim,50.76019102810487,6.9797
46.00661,0.623279,0.779393,Saratov,51.5383210723372,46.00661
45.92,0.777,0.628,Ordubad,39.13469491428951,45.92
10.23963,0.700148,0.711796,Lumezzane,45.66504399420196,10.23963
4.725,0.7123,0.6996,Observatoire de l'Ardeche,44.677043710285716,4.725
5.2461,0.71919,0.6926,Bedoin,44.11331584108786,5.2461
5.0906,0.72819,0.68309,Les Tardieux,43.36170463330427,5.0906
11.48245,0.631607,0.772773,Groszschwabhausen,50.928446154259255,11.48245
49.121,0.56353,0.82334,Kasan,55.78970795518804,49.121
48.8156,0.56282,0.82383,"Engelhardt Observatory, Kasan",55.839125951580584,48.8156
34.8147,0.84821,0.5279,Givatayim Observatory,32.06977359895605,34.8147
7.5717,0.6755,0.73494,Village-Neuf,47.60486783983628,7.5717
7.1108,0.72526,0.68618,Antibes,43.60616178527774,7.1108
3.6294,0.69945,0.71241,Augerolles,45.718303914723144,3.6294
7.3672,0.65646,0.75189,Hottviller,49.06702271319774,7.3672
7.1874,0.62156,0.78075,Sinsen,51.663867998163745,7.1874
9.02406,0.692986,0.71859,Gnosca,46.23142399166869,9.02406
1.666,0.65549,0.75268,Bray et Lu,49.138727175798415,1.666
4.5597,0.62734,0.77614,'s-Gravenwezel,51.240027341736734,4.5597
10.6673,0.71715,0.69487,Frignano,44.28836341292018,10.6673
8.57391,0.70043,0.711392,Osservatorio Astronomico di Suno,45.63725039371636,8.57391
2.0375,0.72481,0.68667,Guitalens,43.644348472529266,2.0375
4.2236,0.65403,0.75396,Beine-Nauroy,49.25007957307715,4.2236
2.1572,0.65806,0.75045,Maisons Laffitte,48.94358190258805,2.1572
8.744,0.67719,0.73346,"Eschenberg Observatory, Winterthur",47.47604449222155,8.744
25.5633,0.57036,0.81868,Moletai Astronomical Observatory,55.31604480863807,25.5633
9.1747,0.6608,0.74814,Stuttgart-Hoffeld,48.73808943681944,9.1747
12.1043,0.68923,0.7225,Cortina,46.54220915219347,12.1043
10.1971,0.55864,0.82664,"Ole Romer Observatory, Aarhus",56.12764562632987,10.1971
15.0858,0.79431,0.60549,Catania Astrophysical Observatory,37.50341391494029,15.0858
12.8117,0.74166,0.66864,Frasso Sabino,42.22754857870899,12.8117
7.6033,0.69871,0.71333,Promiod,45.78557725435259,7.6033
10.5153,0.72065,0.69115,Monte Agliale,43.99524330153904,10.5153
10.84144,0.722651,0.688913,Castelmartini,43.82306011531226,10.84144
8.1605,0.70725,0.70467,Cerrina Tololo Observatory,45.08772788880574,8.1605
15.7805,0.75988,0.64808,Potenza,40.65002931630536,15.7805
6.1492,0.65017,0.75731,"Roeser Observatory, Luxembourg",49.543175869379276,6.1492
6.8861,0.66631,0.74325,St. Michel sur Meurthe,48.31556588202098,6.8861
1.7553,0.74984,0.65946,"Piera Observatory, Barcelona",41.52151082182216,1.7553
16.0117,0.6373,0.76812,Upice,50.50691097018727,16.0117
8.5727,0.67662,0.73398,Bulach Observatory,47.52030240211234,8.5727
59.5472,0.54541,0.83541,Kourovskaya,57.036811687616876,59.5472
8.4016,0.70737,0.70453,Airali Observatory,45.077175449013694,8.4016
1.9206,0.75217,0.65711,Observatorio de Begues,41.33184610633961,1.9206
14.4697,0.81089,0.58327,"Flarestar Observatory, San Gwann",35.90994275785923,14.4697
7.0364,0.68593,0.72539,Onnens,46.79363871513649,7.0364
55.5061,0.93464,-0.35447,"St. Clotilde, Reunion",-20.897573100782385,55.5061
25.5131,0.46536,0.88219,"Nyrola Observatory, Jyvaskyla",62.34662622023881,25.5131
7.6083,0.6932,0.7188,"F.-X. Bagnoud Observatory, St-Luc",46.23094988896294,7.6083
2.8225,0.77098,0.63475,Observatorio Astronomico de Consell,39.65368690037196,2.8225
3.9414,0.72477,0.68669,Le Cres,43.64676119296333,3.9414
6.1344,0.69423,0.71745,Collonges,46.13464178492044,6.1344
9.0175,0.69694,0.71507,Monte Generoso,45.92797212361835,9.0175
3.9519,0.72571,0.6857,Mauguio,43.5683912728737,3.9519
55.41,0.93288,-0.35941,"Observatoire des Makes, Saint-Louis",-21.199569552521293,55.41
55.2586,0.93394,-0.35634,"St. Paul, Reunion",-21.01259506436465,55.2586
41.42,0.72496,0.68695,"Starlab Observatory, Karachay-Cherkessia",43.650093197836185,41.42
6.0361,0.72081,0.69097,"Valmeca Observatory, Puimichel",43.98143026992644,6.0361
7.4219,0.67876,0.732,Observatoire Astronomique Jurassien-Vicques,47.35305987545451,7.4219
66.8821,0.77679,0.62781,Kitab,39.133789288214544,66.8821
17.0733,0.61314,0.78735,"Astronomical Observatory, Borowiec",52.27712961229838,17.0733
66.89555,0.782059,0.621762,Maidanak,38.6734380213046,66.89555
6.1514,0.6934,0.71823,Geneva (before 1967),46.19998711417478,6.1514
68.6819,0.78382,0.61909,Gissar,38.49031812135706,68.6819
68.7811,0.78306,0.62006,Dushanbe,38.56111254688203,68.7811
69.2936,0.75213,0.65692,Tashkent,41.325140486677235,69.2936
69.2178,0.78648,0.6161,Sanglok,38.260842617354655,69.2178
18.0094,0.91807,-0.39579,Tivoli,-23.4616336509595,18.0094
11.4492,0.66804,0.74174,"Untermenzing Observatory, Munich",48.18387243428102,11.4492
7.3331,0.65296,0.7549,Homburg-Erbach,49.331755875285516,7.3331
12.1836,0.71739,0.69434,Bastia,44.256928889986504,12.1836
8.75674,0.662195,0.746924,Wildberg,48.63195831628875,8.75674
2.438,0.66659,0.74294,"Telescope Jean-Marc Salomon, Buthiers",48.291738019215366,2.438
4.3036,0.63385,0.77088,Beersel Hills Observatory,50.76019102810487,4.3036
7.6033,0.69871,0.71332,Jonathan B. Postel Observatory,45.7851757946399,7.6033
5.8997,0.73137,0.67971,"Tamaris Observatoire, La Seyne sur Mer",43.095278479923024,5.8997
8.99548,0.701614,0.710215,GiaGa Observatory,45.54144822113383,8.99548
8.76972,0.697648,0.714307,Schiaparelli Observatory,45.86832928437525,8.76972
11.2731,0.71478,0.69703,"Obs. Casalecchio di Reno, Bologna",44.472064638792624,11.2731
10.5667,0.4922,0.8677,"Haagaar Observatory, Eina",60.60094207755226,10.5667
9.3065,0.70156,0.71025,Osservatorio Antonio Grosso,45.54506430953241,9.3065
9.5875,0.70893,0.70294,Rivalta,44.94934014292744,9.5875
11.56883,0.697904,0.7141,"Asiago Observatory, Cima Ekar, 67/92 cm Schmidt",45.84952429039713,11.56883
76.9573,0.73042,0.68104,Alma-Ata,43.18831926153868,76.9573
11.1764,0.72338,0.68815,Scandicci,43.76248261727421,11.1764
355.35747,0.803253,0.593708,Observatorio La Dehesilla,36.653336439361226,-4.642530000000022
2.38539,0.749843,0.659421,Observatorio Montcabre,41.51971526489355,2.38539
11.6569,0.66709,0.74258,Garching Observatory,48.25660338784454,11.6569
10.7328,0.67021,0.73981,Buchloe,48.01730798663397,10.7328
5.6914,0.65732,0.75114,Observatoire des Cote de Meuse,49.0015810846271,5.6914
77.87114,0.730114,0.681643,Assah,43.22560420836987,77.87114
78.4541,0.95444,0.29768,Hyderabad,17.431854371497135,78.4541
78.7283,0.95618,0.29216,Japal-Rangapur,17.098337724656936,78.7283
78.8263,0.97627,0.21634,"Vainu Bappu Observatory, Kavalur",12.576288161189304,78.8263
16.3617,0.919631,-0.392203,"IAS Observatory, Hakos",-23.23640771536279,16.3617
2.4939,0.66113,0.74777,Yerres-Canotiers,48.70985504445265,2.4939
80.2464,0.97427,0.22465,Madras,13.068994609178885,80.2464
7.50171,0.673178,0.737048,Ottmarsheim,47.78476612646321,7.50171
288.825,0.7298,0.6814,Northwood Ridge Observatory,43.22770885997536,-71.17500000000001
11.8858,0.70293,0.70888,"Guido Ruggieri Observatory, Padua",45.433879594697444,11.8858
281.2853,0.73683,0.67392,"OrbitJet Observatory, Colden",42.63840037234447,-78.7147
13.875,0.70038,0.71147,"Bruno Zugna Observatory, Trieste",45.64243509737455,13.875
14.9743,0.75936,0.64857,"G. C. Gloriosi Astronomical Observatory, Salerno",40.690821868713655,14.9743
12.0133,0.6744,0.7363,Mt. Wendelstein Observatory,47.70409290086137,12.0133
5.3983,0.64403,0.76253,Vesqueville,50.00529264638203,5.3983
1.3317,0.75,0.6593,Masquefa Observatory,41.50854368827305,1.3317
10.5403,0.72226,0.68931,"Sauro Donati Astronomical Observatory, San Vito",43.85504252205756,10.5403
1.12833,0.614951,0.785931,Coddenham Observatory,52.145252696772104,1.12833
13.11352,0.696669,0.714993,"CAST Observatory, Talmassons",45.93602452681588,13.11352
84.9465,0.5537,0.82995,Tomsk,56.46826131318155,84.9465
2.7333,0.6822,0.7288,Baugy,47.08353700675479,2.7333
10.9094,0.50204,0.86197,Grorudalen Optical Observatory,59.94914895373619,10.9094
8.4114,0.64506,0.76159,Trebur,49.925390808617934,8.4114
8.83317,0.662308,0.746832,Herrenberg Sternwarte,48.623608692991084,8.83317
13.47,0.66465,0.74474,Schaerding,48.443504034694705,13.47
1.6956,0.72681,0.6846,Varennes,43.479125746811064,1.6956
9.413,0.59572,0.8005,"Umbrella Observatory, Fredenbeck",53.528075894965255,9.413
14.28476,0.659216,0.749664,Klet Observatory-KLENOT,48.86402464360269,14.28476
293.24692,0.949577,0.312734,Arecibo,18.343451794684004,-66.75308000000001
243.20512,0.817719,0.573979,"Goldstone DSS 13, Fort Irwin",35.24722782494833,-116.79488
243.11047,0.815913,0.57651,"Goldstone DSS 14, Fort Irwin",35.425943037161744,-116.88953000000001
288.51128,0.736973,0.673692,"Haystack, Westford",42.62319944708488,-71.48872
33.18689,0.705965,0.705886,Yevpatoriya,45.189217306737454,33.18689
280.16017,0.784451,0.61832,Green Bank,38.433133981788984,-79.83983
243.12461,0.816796,0.575252,"Goldstone DSS 25, Fort Irwin",35.337599847570814,-116.87539000000001
19.22586,0.349828,0.933688,EISCAT Tromso UHF,69.58648814536365,19.22586
149.0661,0.8556,-0.51626,Siding Spring Observatory-DSS,-31.276838205294744,149.0661
243.14022,0.836325,0.546877,Palomar Mountain-DSS,33.357384510888615,-116.85978
289.26626,0.87344,-0.486052,"European Southern Observatory, La Silla-DSS",-29.258880049025972,-70.73374000000001
148.98146,0.816176,-0.576054,Canberra DSS 35,-35.395812217709995,148.98146
148.97854,0.816182,-0.576043,Canberra DSS 36,-35.39509675134203,148.97854
148.98127,0.816109,-0.576148,Canberra DSS 43,-35.40244748940584,148.98127
204.52396,0.941711,0.337239,New Horizons KBO Search-Subaru,19.825579810817683,-155.47604
204.53109,0.941717,0.33724,New Horizons KBO Search-CFHT,19.82551754532978,-155.46891
289.30803,0.875516,-0.482342,Magellan-Clay Telescope,-29.014330338090524,-70.69197000000003
289.30914,0.87551,-0.482349,Magellan-Baade Telescope,-29.01484957457998,-70.69085999999999
149.55014,0.864051,-0.50179,"ATCA, W196 reduction, DSS 47",-30.312908522723948,149.55014
148.98196,0.816149,-0.576092,Canberra DSS 34,-35.39849174078601,148.98196
20.38279,0.608295,0.791076,Plonsk,52.62745490323132,20.38279
356.8175,0.56158,0.82467,"Royal Observatory, Blackford Hill, Edinburgh",55.92492252845769,-3.1825000000000045
116.4494,0.76818,0.63809,"Peking, Transit of Venus site",39.90404836585553,116.4494
10.72822,0.631526,0.772827,"Seeberg Observatory, Gotha (1787-1857)",50.934000895891174,10.72822
8.9118,0.60114,0.79646,Lilienthal,53.14065900475493,8.9118
11.3522,0.71448,0.69733,Bologna,44.496414337309744,11.3522
4.3603,0.72245,0.68912,Nimes,43.83962226498715,4.3603
8.8163,0.60204,0.79579,Bremen,53.07635595338846,8.8163
15.8311,0.60536,0.79329,Driesen,52.8381630221536,15.8311
2.3708,0.66135,0.74759,"Flammarion Observatory, Juvisy",48.69356378193726,2.3708
102.7883,0.90694,0.42057,Yunnan Observatory,25.025492211058154,102.7883
133.80983,0.850085,-0.524929,"Ceduna 30, UTAS",-31.867705479271443,133.80983
250.10799,0.842743,0.537438,Mt. Graham-VATT,32.70138034173792,-109.89201
248.40024,0.849471,0.52647,LPL/Spacewatch II,31.961650359565564,-111.59976
285.1058,0.7663,0.64033,"Burlington, New Jersey",40.07203288784641,-74.89420000000001
285.5899,0.76936,0.63668,Burlington remote site,39.79843141638139,-74.4101
285.8467,0.76031,0.64739,"Astrophysical Obs., College of Staten Island",40.603848805950655,-74.1533
283.0,0.7789,0.6251,"Catholic University Observatory, Washington",38.93650484204852,-77.0
286.22,0.7366,0.67407,"Dudley Observatory, Albany (after 1893)",42.65366815228496,-73.77999999999997
286.819,0.7203,0.6913,Middlebury,44.0153648076595,-73.18099999999998
287.3408,0.74943,0.65988,Van Vleck Observatory,41.55517164249988,-72.6592
107.616,0.99316,-0.11808,"Bosscha Observatory, Lembang",-6.8255179839931674,107.616
133.54444,0.82337,0.56572,Bisei Spaceguard Center-BATTeRS,34.6719692822383,133.54444
288.8467,0.70279,0.70926,Mont Megantic,45.45493610793787,-71.1533
288.88,0.99,0.15,University of the Andes station,8.672833303165662,-71.12
289.1296,0.9889,0.15185,"OAN de Llano del Hato, Merida",8.787754172843625,-70.87040000000002
289.30858,0.875513,-0.482346,Las Campanas Observatory,-29.014615148113794,-70.69142
109.5514,0.82066,0.56963,"Purple Mountain, Hainan Island station",34.945465807232736,109.5514
290.6769,0.98477,0.17381,"Observatorio Taya Beixo, Barquisimeto",10.075587935270896,-69.32310000000001
287.7166,0.7241,0.68743,"Shattuck Observatory, Hanover",43.704050439054974,-72.28339999999997
138.36276,0.808792,0.58653,"Usuda Deep Space Center, 64-m, Nagano",36.13243669923621,138.36276
289.59569,0.909943,-0.414336,Cerro Paranal,-24.627269995729527,-70.40431000000001
288.87164,0.739802,0.670574,Minor Planet Center Test Code,42.38146568608353,-71.12835999999999
112.334,0.9574,0.2877,"Tsingtao field station, Xisha Islands",16.831961523535195,112.334
115.691,0.85206,-0.5217,Quinns Rock,-31.649983035880105,115.691
116.135,0.84883,-0.52702,"Perth Observatory, Perth-Lowell Telescope",-32.00796054205812,116.135
116.4381,0.85859,-0.51102,Chiro Observatory,-30.929888509046684,116.4381
115.7571,0.85078,-0.52378,Craigie,-31.790467834298255,115.7571
116.134,0.84882,-0.52703,"Perth Observatory, Bickley-MCT",-32.008752562329725,116.134
116.135,0.84882,-0.52703,"Perth Observatory, Bickley",-32.008752562329725,116.135
116.3277,0.76598,0.64072,"Peking Observatory, Shaho Station",40.10100999470109,116.3277
117.575,0.76278,0.6447,"Peking Observatory, Xinglong Station",40.39426194523351,117.575
118.8209,0.84828,0.52788,"Purple Mountain Observatory, Nanking",32.06666962326718,118.8209
249.5236,0.84936,0.52642,Desert Eagle Observatory,31.962569025466017,-110.47640000000001
120.3196,0.80925,0.58552,Tsingtao,36.06998379580219,120.3196
121.1843,0.85708,0.51348,Sheshan,31.095926079199366,121.1843
135.4853,0.82199,0.56762,Toyonaka,34.80693386232646,135.4853
137.9486,0.80669,0.58923,Akashina,36.32897889461813,137.9486
134.3189,0.83425,0.54955,Shishikui,33.551340164517164,134.3189
127.1258,0.78688,0.61507,Younchun,38.20007919808839,127.1258
128.9767,0.80841,0.58695,Bohyunsan Optical Astronomy Observatory,36.16486536289137,128.9767
128.4575,0.80046,0.59773,Sobaeksan Optical Astronomy Observatory,36.93459101283535,128.4575
127.3854,0.80474,0.59166,KNUE Astronomical Observatory,36.50787630331463,127.3854
139.9086,0.80417,0.59244,Utsunomiya-Imaizumi,36.563402180923994,139.9086
135.2669,0.81698,0.57475,Ayabe,35.30791436906315,135.2669
139.56622,0.810402,0.583916,Ageo,35.956468315767246,139.56622
139.2635,0.80504,0.59132,Kurohone,36.481918770090495,139.2635
135.8678,0.81939,0.57135,Sakamoto,35.06833189283048,135.8678
136.1778,0.82061,0.56963,Konan,34.947104891101134,136.1778
135.0648,0.82265,0.56669,Nishi Kobe,34.741375436458576,135.0648
140.0206,0.80109,0.59674,Kawachi,36.867344606028496,140.0206
139.2133,0.81618,0.5759,Hadano,35.38844675142051,139.2133
141.0867,0.78319,0.6197,Kogota,38.540259294069834,141.0867
140.0064,0.80807,0.58712,Shimotsuma,36.184254837605124,140.0064
140.1586,0.78856,0.61296,Nanyo,38.04511069330319,140.1586
135.1719,0.82782,0.55912,Wakayama,34.214310063132714,135.1719
132.9442,0.83314,0.55138,Kuma Kogen,33.67432252762397,132.9442
134.8933,0.82649,0.56106,Sumoto,34.34955156739125,134.8933
140.655,0.73673,0.67398,Ray Observatory,42.64481726873792,140.655
130.7703,0.83416,0.54967,Yamada,33.559949932561416,130.7703
130.5747,0.85213,0.52164,YCPM Kagoshima Station,31.644937158626814,130.5747
135.9579,0.82597,0.56196,Uto Observatory,34.409154572571374,135.9579
138.3003,0.81147,0.58267,Miyasaka Observatory,35.86248185657763,138.3003
133.167,0.81504,0.57747,Yatsuka,35.49997554476694,133.167
138.8117,0.81213,0.58191,Ochiai,35.80487973457353,138.8117
139.15,0.8101,0.5844,Chichibu,35.98918764797487,139.15
133.5273,0.83424,0.54956,Kochi,33.552136726118874,133.5273
133.5965,0.82433,0.56431,Tokyo-Okayama,34.573901245119046,133.5965
133.8276,0.8345,0.5492,Geisei,33.526624308040184,133.8276
135.3397,0.82866,0.55797,Oishi,34.1324841791897,135.3397
134.7196,0.81915,0.57174,Minami-Oda Observatory,35.094614371113146,134.7196
134.8708,0.8206,0.5697,Uzurano,34.95073851388355,134.8708
139.0392,0.81321,0.58022,Uenohara,35.68976378220862,139.0392
135.7933,0.82014,0.57031,"Kwasan Observatory, Kyoto",34.994627120181825,135.7933
136.01132,0.824347,0.56431,Murou,34.57334914923027,136.01132
137.6279,0.823,0.56613,Hamamatsu-Yuto,34.70344503241299,137.6279
137.0349,0.8219,0.56772,Ishiki,34.81460510131584,137.0349
137.62542,0.812172,0.581777,Tokyo-Kiso,35.79726020777531,137.62542
137.5553,0.80915,0.58639,Tokyo-Norikura,36.11384955461603,137.5553
137.8959,0.80218,0.59526,Chirorin,36.76171590270747,137.8959
138.1792,0.8219,0.5678,Shimada,34.818389361869116,138.1792
138.468,0.82039,0.56997,Nihondaira Observatory,34.97037406223256,138.468
138.3217,0.81121,0.58309,Yatsugatake-Kobuchizawa,35.89080522556226,138.3217
139.1944,0.81,0.58469,Tokyo-Dodaira,36.00606761985425,139.1944
139.5421,0.8133,0.57991,Tokyo-Mitaka,35.67225251076021,139.5421
139.7447,0.81347,0.57965,Tokyo (before 1938),35.654409443637284,139.7447
139.8725,0.80425,0.59234,Utsunomiya,36.55604756741035,139.8725
140.77843,0.786177,0.61596,"Sendai Observatory, Ayashi Station",38.26524644788412,140.77843
141.3667,0.73355,0.67741,JCPM Sapporo Station,42.9133541462174,141.3667
140.1292,0.809,0.5858,JCPM Sakura Station,36.09144763224662,140.1292
142.3208,0.70692,0.70493,JCPM Hamatonbetsu Station,45.111666029917366,142.3208
142.3583,0.7224,0.6891,Tokyo-Asahikawa,43.84077263429346,142.3583
142.4208,0.7236,0.6879,Asahikawa,43.74337996924478,142.4208
141.4761,0.7321,0.67892,Sapporo Science Center,43.03352407915652,141.4761
139.108,0.8087,0.5863,Nagatoro,36.12483892395898,139.108
144.59,0.73158,0.6795,Kushiro,43.0782397087156,144.59
143.7827,0.72344,0.68811,Kitami,43.75844506846906,143.7827
139.4208,0.8088,0.5861,Oosato,36.1121574157434,139.4208
136.3078,0.818,0.57335,Dynic Astronomical Observatory,35.20835069469251,136.3078
137.0556,0.81593,0.57625,Kani,35.41317231748018,137.0556
140.9292,0.7909,0.6099,Yamamoto,37.82376038551597,140.9292
139.3292,0.8069,0.5887,Kamihoriguchi,36.29725873398752,139.3292
141.8233,0.72946,0.68174,Bibai,43.255297371115624,141.8233
140.3099,0.78426,0.61837,Kahoku,38.44218384565684,140.3099
138.1747,0.81121,0.58328,Nyukasa,35.899671210356956,138.1747
139.5211,0.81234,0.58124,Kiyose and Mizuho,35.76654162024688,139.5211
134.891,0.81883,0.57222,Sengamine,35.12777047453206,134.891
139.417,0.80739,0.58805,Oizumi,36.250476277110714,139.417
140.5991,0.80011,0.59803,Iwaki,36.960438902133255,140.5991
149.06608,0.855595,-0.516262,Siding Spring Observatory,-31.277085267075734,149.06608
149.0077,0.81694,-0.57499,Mount Stromlo,-35.32052061158685,149.0077
149.0636,0.81615,-0.57606,Kambah,-35.396955811087764,149.0636
149.1336,0.81701,-0.57485,Barton,-35.31162359092015,149.1336
137.1371,0.79611,0.60317,Yanagida Astronomical Observatory,37.33467538380103,137.1371
150.94034,0.857259,-0.513294,Tamworth,-31.081455956863493,150.94034
150.8329,0.8337,-0.55038,Windsor,-33.60859689987536,150.8329
151.205,0.83126,-0.55404,Sydney,-33.861539533595106,151.205
133.765,0.83244,0.55262,"Mt. Kajigamori, Otoyo",33.75598354531034,133.765
151.0461,0.85503,-0.51709,Loomberah,-31.334651878979585,151.0461
151.12473,0.831807,-0.553222,North Ryde,-33.8049553034716,151.12473
149.0658,0.81758,-0.57405,Macquarie,-35.25515894236901,149.0658
152.9316,0.88796,-0.45843,"Taylor Range Observatory, Brisbane",-27.46327610729713,152.9316
136.8217,0.85618,-0.51498,Woomera,-31.196556228059233,136.8217
138.7283,0.82667,-0.56084,Stockport,-34.333273127414635,138.7283
153.397,0.88271,-0.46837,Reedy Creek,-28.110269079893317,153.397
149.04,0.81761,-0.57402,Hawker,-35.25275663337214,149.04
149.2123,0.8555,-0.51623,"Rainbow Observatory, near Coonabarabran",-31.278332406125685,149.2123
149.7578,0.83548,-0.54793,"Mt. Tarana Observatory, Bathurst",-33.43464932343432,149.7578
153.08222,0.86379,-0.502166,Boambee,-30.339156954458854,153.08222
152.1078,0.84197,-0.53771,Bagnall Beach Observatory,-32.738474697358406,152.1078
10.9206,0.70765,0.70419,S. Benedetto Po,45.0520094357161,10.9206
11.8936,0.7033,0.70852,"G. Colombo Astronomical Observatory, Padua",45.404255058918345,11.8936
11.3356,0.71658,0.69528,Osservatorio di Livergnano,44.32802897543929,11.3356
284.6971,0.767,0.63953,Haverford,40.01098772867426,-75.30290000000002
287.3621,0.74059,0.66978,"Smith College Observatory, Northampton",42.317302342794655,-72.6379
253.2539,0.81156,0.58288,"ROTSE-III, Los Alamos",35.86926765983715,-106.74610000000001
278.6842,0.73025,0.68097,Elginfield Observatory,43.19203550421606,-81.31580000000002
357.1697,0.55559,0.82867,"Swilken Brae, St. Andrews",56.33751283168942,-2.8303000000000225
357.4822,0.7477,0.6619,Gualba Observatory,41.707879444884036,-2.5178000000000225
301.4656,0.8237,-0.56513,"Obs. Astronomico Plomer, Buenos Aires",-34.633266241886346,-58.534400000000005
243.2794,0.83507,0.54868,Star Cruiser Observatory,33.483634701075765,-116.72059999999999
359.42,0.7802,0.6235,Observatorio d'Ontinyent,38.81806743175103,-0.5799999999999841
262.1666,0.87049,0.49058,"Kingsnake Observatory, Seguin",29.569094503146356,-97.83339999999998
255.2056,0.77154,0.63448,Centennial Observatory,39.621273996867586,-104.7944
253.2801,0.84543,0.53268,"Desert Moon Observatory, Las Cruces",32.38762053498125,-106.7199
279.6503,0.82617,0.56156,"Griffin Hunter Observatory, Bethune",34.38367109809067,-80.34969999999998
279.3339,0.81857,0.57254,"Carla Jane Observatory, Charlotte",35.15141153692325,-80.66609999999997
262.7569,0.79447,0.60536,"West Skies Observatory, Mulvane",37.4918989174581,-97.24310000000003
279.1063,0.898,0.4385,"Big Cypress Observatory, Fort Lauderdale",26.178652684211514,-80.89370000000002
242.1331,0.8203,0.57021,Edwards Raven Observatory,34.98465642739334,-117.86689999999999
283.37678,0.774542,0.630425,Maryland Space Grant Consortium Observatory,39.33181185301835,-76.62322
237.9636,0.78912,0.61218,CBA Concord,37.989974678293976,-122.03639999999999
358.8278,0.61348,0.78709,Daventry Observatory,52.25259693467326,-1.1721999999999753
18.3403,0.66221,0.74685,Partizanske,48.62849898197637,18.3403
355.9806,0.75992,0.64805,Guadarrama Observatory,40.647227806512916,-4.019400000000019
288.1172,0.72607,0.68538,"Smith River Observatory, Danbury",43.54084623720104,-71.88279999999997
265.9981,0.8301,0.55579,"Area 52 Observatory, Nashville",33.982264580137304,-94.00189999999998
19.89367,0.671543,0.738689,"University of Szeged, Piszkesteto Stn. (Konkoly)",47.91748219203921,19.89367
283.0842,0.77905,0.62488,Mount Belleview Observatory,38.92125317651028,-76.91579999999999
254.7375,0.76726,0.63959,"Sommers-Bausch Observatory, Boulder",40.00407217101527,-105.26249999999999
288.5013,0.75109,0.65799,"Toby Point Observatory, Narragansett",41.41071216547302,-71.49869999999999
174.7801,0.80166,-0.59578,Takapuna,-36.80352635591689,174.7801
174.8487,0.8002,-0.5977,"Mount Molehill Observatory, Auckland",-36.94215035807386,174.8487
174.7766,0.80058,-0.59724,Auckland Observatory,-36.90790000648893,174.7766
13.3296,0.74652,0.66349,"Astronomical Observatory, Campo Catino",41.82113497571399,13.3296
7.382,0.67873,0.73205,Courroux,47.356271965437,7.382
13.32756,0.749268,0.660088,Ceccano,41.57028417064592,13.32756
8.2389,0.56364,0.82325,Houstrup,55.781595754031756,8.2389
6.3203,0.71225,0.69998,Merlette,44.69461004578104,6.3203
13.31661,0.694793,0.716822,Remanzacco,46.086367787978446,13.31661
170.46496,0.720773,-0.691079,"Mount John Observatory, Lake Tekapo",-43.9874159001623,170.46496
7.6965,0.70747,0.70443,Turin (before 1913),45.06905931596817,7.6965
7.14074,0.706597,0.705359,"Grange Observatory, Bussoleno",45.14218724934139,7.14074
0.4856,0.62103,0.78117,Galleywood,51.70263374595598,0.4856
3.0896,0.72548,0.68597,Lamalou-les-Bains,43.58872518147611,3.0896
6.0505,0.7302,0.68096,Sollies-Pont,43.193573323436866,6.0505
0.7733,0.61466,0.78616,Cockfield,52.16647852784677,0.7733
7.93067,0.595365,0.800771,Moorwarfen,53.55366845788022,7.93067
357.1854,0.5556,0.82866,St. Andrews,56.336718066305885,-2.8145999999999844
173.8036,0.74734,-0.66254,"Carter Observatory, Black Birch Station",-41.74909249700232,173.8036
174.7594,0.75191,-0.65706,"Happy Valley, Wellington",-41.33950741011828,174.7594
174.7654,0.75256,-0.65635,"Carter Observatory, Wellington",-41.28424137027961,174.7654
175.47,0.765,-0.643,Palmerston North,-40.2374845503327,175.47
355.4444,0.56858,0.81989,Macnairston Observatory,55.43934270583181,-4.555600000000027
358.3664,0.57486,0.81553,Newcastle-upon-Tyne,55.00134758392533,-1.6336000000000013
359.87,0.612,0.788,Hemingford Abbots,52.35158962634232,-0.12999999999999545
358.0,0.633,0.772,Wimborne Minster,50.83859146076049,-2.0
356.9,0.76131,0.64644,Centro Astronomico de Yebes,40.52507836925162,-3.1000000000000227
358.47,0.605,0.795,Mickleover,52.913934354956304,-1.5299999999999727
357.4542,0.79753,0.60182,Calar Alto,37.223591761488365,-2.5457999999999856
357.8361,0.61126,0.78879,Stakenbridge,52.41286412596631,-2.1639000000000124
357.66247,0.597857,0.798936,Altrincham,53.37631961977394,-2.337530000000015
358.686,0.6311,0.7731,Bishopstoke,50.96281751924611,-1.3140000000000214
359.29449,0.622323,0.78016,Loudwater,51.60858297081863,-0.7055100000000039
359.2581,0.61334,0.78718,Earls Barton,52.262097644742795,-0.7418999999999869
359.79078,0.625578,0.777562,Cheam,51.36983390323864,-0.20922000000001617
0.3475,0.63237,0.77208,Herstmonceux,50.869431045118176,0.3475
0.84793,0.618111,0.783475,Colchester,51.915842228454,0.84793
0.0948,0.614,0.78667,Cambridge,52.21428815236244,0.0948
4.3944,0.68553,0.7257,Le Creusot,46.82253219920825,4.3944
4.5639,0.6229,0.7797,Simon Stevin,51.56628088745298,4.5639
9.96,0.598,0.797,Bendestorf,53.30317642579707,9.96
5.22,0.617,0.783,Nyenheim,51.949011460806396,5.22
5.29,0.617,0.783,Zeist,51.949011460806396,5.29
5.8725,0.73132,0.67976,La Seyne sur Mer,43.09933537497621,5.8725
8.0256,0.63185,0.77257,Siegen,50.91029447352055,8.0256
5.7157,0.7214,0.69034,Haute Provence,43.93189180075587,5.7157
4.4893,0.61477,0.78606,Leiden (before 1860),52.15798055742481,4.4893
4.7855,0.69971,0.71209,Lyons,45.69479309759048,4.7855
8.438,0.6513,0.7563,Mundenheim (1907-1913),49.45627966013966,8.438
7.4956,0.64656,0.76038,"Volkssternwarte Dhaun, near Kirn",49.814915808674264,7.4956
9.97321,0.595399,0.800741,Hamburg (before 1909),53.55107903826511,9.97321
6.1358,0.69201,0.71957,Geneva (from 1967),46.31076472598076,6.1358
9.9727,0.59545,0.80071,"Marine Observatory, Hamburg",53.547673637081026,9.9727
8.2867,0.62598,0.77729,Meschede,51.34210417926806,8.2867
7.0966,0.63427,0.77053,Bonn,50.72884578293858,7.0966
10.88794,0.645624,0.761154,"Remeis Observatory, Bamberg",49.88455456542281,10.88794
7.7677,0.66279,0.74633,Strasbourg,48.58382162856914,7.7677
8.6512,0.64251,0.76374,Frankfurt,50.11664802592247,8.6512
8.4605,0.6509,0.7566,Mannheim,49.48488887082747,8.4605
8.76917,0.633171,0.771473,Marburg,50.8118530164935,8.76917
10.1477,0.58426,0.80886,Kiel,54.340948925141745,10.1477
9.9431,0.5955,0.8007,Altona,53.545032439871875,9.9431
9.9426,0.6234,0.77931,Gottingen,51.529932138510105,9.9426
10.7229,0.50259,0.86163,Christiania,59.9121443687587,10.7229
10.6898,0.5911,0.8039,Lubeck,53.85679796465265,10.6898
12.4797,0.74545,0.66434,"Collegio Romano, Rome",41.898436635961765,12.4797
11.6084,0.66853,0.7413,Munich,48.146099958866614,11.6084
11.8715,0.70335,0.70847,Padua,45.40019711240596,11.8715
12.3913,0.62606,0.77719,Leipzig (since 1861),51.33493647171418,12.3913
13.3578,0.78782,0.61386,Palermo,38.112037457102986,13.3578
13.1062,0.61135,0.78873,Berlin-Babelsberg,52.40667998768261,13.1062
13.3642,0.6097,0.79,"Urania Observatory, Berlin",52.5260235538379,13.3642
13.8461,0.70998,0.70187,Pola,44.86330106595967,13.8461
14.1316,0.66968,0.74024,Kremsmunster,48.056397132152675,14.1316
14.2753,0.6647,0.74477,Linz,48.44251021150192,14.2753
14.3953,0.64306,0.76331,Prague,50.07664312221824,14.3953
13.0374,0.6091,0.7904,Falkensee,52.567257861182675,13.0374
12.3688,0.626,0.7772,Leipzig (before 1861),51.33797488157481,12.3688
13.35131,0.610644,0.789263,"Wilhelm Foerster Observatory, Berlin",52.45737983692066,13.35131
16.3817,0.66767,0.742,Vienna (before 1879),48.2096226711726,16.3817
16.3549,0.6676,0.74207,"Oppolzer Observatory, Vienna",48.21529300195877,16.3549
17.0363,0.62904,0.77479,Breslau,51.11557875252774,17.0363
13.395,0.60999,0.78976,Berlin (1835-1913),52.50445999164502,13.395
17.6257,0.50341,0.86116,Uppsala,59.858037508830435,17.6257
11.4196,0.5943,0.8015,Schwerin,53.62757640348675,11.4196
18.1895,0.67201,0.73808,Hurbanovo,47.87416123997611,18.1895
11.3418,0.71485,0.697,"Osservatorio S. Vittore, Bologna",44.468026890711535,11.3418
18.9938,0.64002,0.76574,Chorzow,50.29974014832801,18.9938
8.3959,0.63684,0.76845,"Burgsolms Observatory, Wetzlar",50.53929020030251,8.3959
19.8263,0.64336,0.76306,Cracow-Fort Skala,50.05425176595177,19.8263
11.26,0.675,0.734,"Reintal, near Munich",47.58947953776225,11.26
14.77961,0.64525,0.761529,Ondrejov,49.91481714158982,14.77961
21.0303,0.61396,0.78672,Warsaw,52.21785894649655,21.0303
14.98,0.793,0.607,Serra La Nave,37.61807661428731,14.98
10.931,0.703262,0.708561,Madonna di Dossobuono,45.40746037551231,10.931
19.89367,0.671543,0.738689,Piszkesteto Stn. (Konkoly),47.91748219203921,19.89367
15.9236,0.66938,0.74062,"Figl Observatory, Vienna",48.08377809896843,15.9236
13.6,0.671,0.739,Seewalchen,47.952529775813716,13.6
11.19,0.671,0.741,Herrsching,48.02953490601984,11.19
10.1344,0.70437,0.70746,Bassano Bresciano,45.317818681251715,10.1344
203.7424,0.93623,0.35156,Haleakala-NEAT/GEODSS,20.708434008004748,-156.2576
12.7117,0.69783,0.71387,Chions,45.84333623424626,12.7117
204.5278,0.94171,0.33725,Maunakea,19.826195492932143,-155.4722
24.9587,0.49891,0.86375,Helsinki,60.1552735299901,24.9587
25.299,0.5794,0.8123,Vilnius (since 1939),54.6821123478108,25.299
10.63,0.704,0.708,Cavriana,45.35472702230264,10.63
6.89,0.631,0.772,Cologne,50.92734454391128,6.89
9.6612,0.6145,0.7862,Eldagsen,52.17511645504046,9.6612
10.2667,0.70463,0.70721,Gottolengo,45.29712190541013,10.2667
6.808,0.68219,0.72894,La Chaux de Fonds,47.08944387603833,6.808
0.376,0.63067,0.77346,Burwash,50.99496730942985,0.376
7.5,0.678,0.734,Metzerlen Observatory,47.46293140831055,7.5
27.99,0.898,-0.439,Linden Observatory,-26.204512844226546,27.99
8.85,0.711,0.701,Novi Ligure,44.78664237559687,8.85
15.4936,0.68242,0.72862,Graz,47.06726637291181,15.4936
22.8,0.83,-0.556,Sedgefield,-33.99549678763668,22.8
1.2408,0.61682,0.78447,Orwell Park,52.00926973903084,1.2408
30.2717,0.69087,0.72056,Odesa-Mayaky,46.39728799254692,30.2717
30.2946,0.50213,0.86189,Leningrad,59.94239164896311,30.2946
30.52462,0.640067,0.765748,Kyiv comet station,50.29796653463554,30.52462
0.1423,0.73358,0.67799,Pic du Midi,42.93663923703695,0.1423
9.22918,0.697459,0.714479,Sormano,45.88298187124964,9.22918
11.25,0.715,0.697,Eremo di Tizzano,44.46201726142221,11.25
12.64369,0.738223,0.672386,Santa Lucia Stroncone,42.51943432880122,12.64369
7.46,0.678,0.734,Metzerlen,47.46293140831055,7.46
9.6258,0.60995,0.78979,Resse Observatory,52.50732558779267,9.6258
7.02114,0.628245,0.775437,Solingen,51.17434231738435,7.02114
11.17,0.739,0.671,Monte Argentario,42.430530682025875,11.17
13.2033,0.74497,0.66529,Monte Autore,41.95748493856352,13.2033
13.52578,0.696925,0.714749,Farra d'Isonzo,45.91573192043734,13.52578
12.6183,0.74446,0.66545,Colleverde di Guidonia,41.98384458001977,12.6183
9.6631,0.61461,0.78621,Springe,52.17050164071036,9.6631
11.33409,0.717444,0.694448,Loiano,44.259227434872535,11.33409
13.55764,0.739311,0.671604,Campo Imperatore-CINEOS,42.44419797602087,13.55764
11.4708,0.71618,0.69564,"TLC Observatory, Bologna",44.35884617734212,11.4708
13.7281,0.63009,0.77394,"Engelhardt Observatory, Dresden",51.03812899469942,13.7281
16.3854,0.66764,0.74203,"Urania Observatory, Vienna",48.212052821114334,16.3854
10.13,0.58622,0.80745,Bothkamp,54.20259942349236,10.13
13.47524,0.610235,0.789572,"Archenhold Sternwarte, Berlin-Treptow",52.486759298330014,13.47524
7.113,0.62142,0.78086,Marl,51.674074354479394,7.113
9.9956,0.59353,0.80212,Norderstedt,53.68418385319075,9.9956
8.0,0.6277,0.776,"Hagen Observatory, Ronkhausen",51.218933186343406,8.0
203.742,0.93623,0.35156,Haleakala-AMOS,20.708434008004748,-156.258
12.8533,0.73772,0.67314,Osservatorio Polino,42.570878381991264,12.8533
11.3431,0.71577,0.69604,Pianoro,44.39171154139826,11.3431
8.6531,0.64877,0.75848,"Starkenburg Sternwarte, Heppenheim",49.64779389270677,8.6531
7.1,0.625,0.778,Lenkerbeck,51.41139211574345,7.1
7.0709,0.62504,0.778,Heisingen,51.40960441976881,7.0709
2.467,0.6621,0.7469,Soisy-sur-Seine,48.63512235827619,2.467
6.9067,0.71233,0.70014,St. Veran,44.69793983303064,6.9067
16.58348,0.654655,0.753466,Brno,49.2044412866881,16.58348
2.5725,0.66496,0.74437,Arbonne la Foret,48.41610667829111,2.5725
5.0077,0.7275,0.68382,Martigues,43.41937070141541,5.0077
2.09013,0.749506,0.659828,Sabadell,41.55004632468437,2.09013
2.9517,0.7711,0.63463,Observatorio Astronomico de Mallorca,39.64398367074079,2.9517
7.48503,0.629461,0.774501,Bergisch Gladbach,51.086398563554745,7.48503
7.568,0.68778,0.72358,Oberwichtrach,46.645173566318874,7.568
5.5667,0.63577,0.76932,Liege,50.61835608252798,5.5667
9.6167,0.64723,0.75977,Dertingen,49.76298738135267,9.6167
203.5683,0.93557,0.35201,Kihei-AMOS Remote Maui Experimental Site,20.74606926918328,-156.4317
4.9864,0.62847,0.77524,Geel,51.15720986754175,4.9864
5.2146,0.72002,0.69168,Blauvac,44.04223083478163,5.2146
6.84366,0.624789,0.778184,Mulheim-Ruhr,51.42742860283293,6.84366
20.1511,0.69273,0.7188,Szeged Observatory,46.25036195748451,20.1511
7.2367,0.67051,0.73951,Osenbach,47.9930024586319,7.2367
10.02293,0.595992,0.800307,Hamburg-Georgswerder,53.5089677507433,10.02293
11.1739,0.7238,0.68773,San Polo A Mosciano,43.72839690796016,11.1739
9.9339,0.7193,0.69238,Romito,44.099839775752116,9.9339
5.1456,0.70182,0.71007,Crolles,45.52719121390732,5.1456
2.9019,0.73605,0.67467,Pergignan,42.700401291813456,2.9019
6.9794,0.62524,0.77783,Essen,51.39456223159852,6.9794
10.0903,0.59326,0.80232,Hamburg-Himmelsmoor,53.70343905152923,10.0903
8.8933,0.61778,0.78374,Detmold,51.94014703365845,8.8933
13.7233,0.62933,0.77456,Dresden,51.094360116980646,13.7233
13.5996,0.6429,0.7634,Senftenberger Sternwarte,50.08698463620495,13.5996
20.0272,0.82468,-0.56374,Overberg,-34.53549153112674,20.0272
236.685,0.6648,0.7445,"Oak Bay, Victoria",48.427918629034046,-123.315
243.2794,0.83507,0.54868,OCA-Anza Observatory,33.483634701075765,-116.72059999999999
243.14022,0.836325,0.546877,Palomar Mountain/NEAT,33.357384510888615,-116.85978
254.17942,0.841945,0.538563,Apache Point-Sloan Digital Sky Survey,32.78057624454209,-105.82058
242.4369,0.82999,0.55603,"Santana Observatory, Rancho Cucamonga",33.997249877566034,-117.56309999999999
245.9683,0.6337,0.7712,"Stone Finder Observatory, Calgary",50.778483564516456,-114.0317
249.39822,0.852115,0.522053,"Winer Observatory, Sonoita",31.665644588008735,-110.60177999999999
265.3003,0.78207,0.62117,"Powell Observatory, Louisburg",38.64642089261064,-94.6997
242.9028,0.8351,0.54836,Temecula,33.46730904838667,-117.09719999999999
249.41916,0.852069,0.522123,"Grasslands Observatory, Tucson",31.670459216506963,-110.58084
245.9333,0.6291,0.7749,"Rock Finder Observatory, Calgary",51.11688301414512,-114.0667
237.8678,0.68091,0.72996,"Torus Observatory, Buckley",47.18304455729834,-122.13220000000001
242.31841,0.826471,0.561727,"Table Mountain Observatory, Wrightwood-PHMC",34.381884040115175,-117.68159
236.383,0.6656,0.7438,Sooke,48.36694842049945,-123.61699999999999
236.3921,0.6658,0.74367,Victoria,48.353427653091494,-123.6079
236.6903,0.66437,0.74491,"Climenhaga Observatory, Victoria",48.461978838301626,-123.30969999999999
236.583,0.663631,0.745601,Dominion Astrophysical Observatory,48.51999140971697,-123.417
237.0514,0.66257,0.7465,"Heron Cove Observatory, Orcas",48.599731148181235,-122.9486
237.7379,0.79038,0.61059,"Leuschner Observatory, Berkeley",37.87340587726259,-122.2621
245.7117,0.63251,0.77222,"Rothney Astrophysical Observatory, Priddis",50.868307606501375,-114.28829999999999
238.3545,0.79619,0.60335,"Lick Observatory, Mount Hamilton",37.34014307266446,-121.6455
248.3136,0.83483,0.54879,Red Mountain Observatory,33.49649907430286,-111.68639999999999
239.2775,0.684,0.7273,Manastash Ridge Observatory,46.9493584370719,-120.7225
240.9903,0.82215,0.56781,Wallis Observatory,34.8106946442572,-119.00970000000001
241.1692,0.827,0.5604,Moorpark College Observatory,34.3016861364925,-118.83080000000001
240.00921,0.684483,0.726626,Wanapum Dam,46.90268109441739,-119.99079
240.82,0.821,0.568,San Emigdio Peak,34.85728347194217,-119.18
240.8238,0.8254,0.56279,Ojai,34.46704215313766,-119.1762
240.9558,0.82775,0.55922,Camarillo,34.22132773427936,-119.04419999999999
242.00198,0.827184,0.560523,Stony Ridge,34.30160600468783,-117.99802
241.9436,0.82794,0.55942,Mount Wilson,34.22473998886994,-118.0564
242.31783,0.826474,0.561722,"Table Mountain Observatory, Wrightwood",34.38154942996943,-117.68217000000001
242.33605,0.826464,0.56173,"Ford Observatory, Wrightwood",34.38225281506655,-117.66395
243.13746,0.836357,0.546831,Palomar Mountain,33.35416423910015,-116.86254
242.3907,0.83553,0.54762,San Clemente,33.418165494751875,-117.60929999999999
242.8281,0.82746,0.56012,Lake Arrowhead,34.27352870446239,-117.1719
248.2597,0.83352,0.55083,Fountain Hills,33.63589231868163,-111.74029999999999
244.5367,0.85792,0.51292,San Pedro Martir,31.043478846560273,-115.4633
244.78,0.833,0.554,Los Angeles,33.80421680948427,-115.22
245.8858,0.62954,0.77459,Calgary,51.08610199682922,-114.11420000000001
247.6381,0.79932,0.59932,Kanab,37.04698368106009,-112.36189999999999
248.9182,0.84751,0.52922,"Goodricke-Pigott Observatory, Tucson",32.15549839338329,-111.08179999999999
247.51,0.82512,0.56356,Prescott,34.51267741865335,-112.49000000000001
247.84,0.816,0.575,Williams,35.352114230258366,-112.16
249.2092,0.84512,0.53359,"U. of Minn. Infrared Obs., Mt. Lemmon",32.44138467677522,-110.79079999999999
248.3473,0.81848,0.57318,"Northern Arizona University, Flagstaff",35.18451674495949,-111.65270000000001
248.4645,0.81938,0.57193,"Lowell Observatory, Anderson Mesa Station",35.09600308626332,-111.53550000000001
248.2601,0.81851,0.57319,"U.S. Naval Observatory, Flagstaff",35.18399850865158,-111.7399
248.3367,0.81832,0.57344,"Lowell Observatory, Flagstaff",35.202030741381975,-111.66329999999999
248.39966,0.849466,0.526479,"Steward Observatory, Kitt Peak-Spacewatch",31.962241700044242,-111.60033999999999
249.0513,0.84679,0.53036,"Steward Observatory, Tucson",32.23304178184982,-110.9487
249.26745,0.845313,0.533209,"Catalina Station, Tucson",32.41693870344537,-110.73255
248.9943,0.847,0.53009,"Tumamoc Hill, Tucson",32.21347191871937,-111.00569999999999
248.40533,0.849504,0.526425,Kitt Peak,31.958451336675527,-111.59467000000001
249.1154,0.85205,0.52249,"Whipple Observatory, Mt. Hopkins",31.68902272612722,-110.8846
248.38381,0.849546,0.526308,"Kitt Peak, McGraw-Hill",31.95146036604133,-111.61618999999999
249.26736,0.845316,0.533212,Mt. Bigelow,32.41699256547628,-110.73264
248.46331,0.81938,0.57193,Lowell Observatory-LONEOS,35.09600308626332,-111.53669
250.3817,0.80656,0.5896,Chinle,36.35055456773728,-109.6183
249.79716,0.853823,0.519224,"Junk Bond Observatory, Sierra Vista",31.47559630733149,-110.20284000000001
252.8117,0.8305,0.5561,"Joint Obs. for cometary research, Socorro",33.98427896869192,-107.1883
249.26736,0.845311,0.533211,University of Arizona Catalina Sky Survey,32.417097305166926,-110.73264
253.34093,0.831869,0.553542,"Lincoln Laboratory ETS, New Mexico",33.81829943913188,-106.65907000000001
254.17942,0.841945,0.538563,Apache Point,32.78057624454209,-105.82058
253.9366,0.78294,0.62043,Salida,38.582054072362034,-106.0634
254.56,0.774,0.633,Chamberlin field station,39.46603403756056,-105.44
255.0475,0.77092,0.6352,"Chamberlin Observatory, Denver",39.675829290048725,-104.95249999999999
254.22882,0.84025,0.541096,"W & B Observatory, Cloudcroft",32.95575616513413,-105.77117999999999
254.7336,0.7798,0.62458,"MPO Observatory, Florissant",38.88086280583232,-105.2664
255.9785,0.86114,0.50731,"McDonald Observatory, Fort Davis",30.67153385061311,-104.0215
255.11867,0.778365,0.62625,"USAF Academy Observatory, Colorado Springs",39.00724852586624,-104.88132999999999
254.9897,0.76865,0.63793,Thornton,39.8797333263685,-105.0103
246.8173,0.82444,0.56439,Bagdad,34.57412407006027,-113.18270000000001
253.2759,0.84546,0.53264,"Jornada Observatory, Las Cruces",32.38475482268479,-106.72409999999999
255.2489,0.77753,0.62731,"Palmer Divide Observatory, Colorado Springs",39.08474187681406,-104.75110000000001
256.0481,0.8616,0.50636,Prude Ranch,30.611024479593482,-103.95190000000002
247.7042,0.76004,0.64802,Tooele,40.641445599122996,-112.29580000000001
253.08608,0.829384,0.557204,Etscorn Observatory,34.07271118425811,-106.91391999999999
259.6261,0.90216,0.43018,Universidad de Monterrey,25.643194175005764,-100.37389999999999
259.7312,0.76271,0.64476,Lime Creek,40.39948889873996,-100.2688
264.4192,0.87017,0.4911,Missouri City,29.604201576115145,-95.58080000000001
263.33,0.82134,0.56861,"Cottonwood Observatory, Ada",34.87500223418784,-96.67000000000002
260.8053,0.94388,0.33026,"National Observatory, Tacubaya",19.405031366149313,-99.19470000000001
261.3453,0.86883,0.49358,Fair Oaks Ranch,29.76636243573746,-98.65469999999999
265.6933,0.69024,0.7212,Brainerd,46.44879383137905,-94.30669999999998
262.53872,0.813941,0.579096,"Zeno Observatory, Edmond",35.61276334738279,-97.46127999999999
262.6084,0.8861,0.46194,Corpus Christi,27.69190654695934,-97.39159999999998
262.87858,0.648804,0.758451,"Glenlea Astronomical Observatory, Winnipeg",49.645231311456236,-97.12142
262.84143,0.671544,0.738537,"University of North Dakota, Grand Forks",47.91157475496885,-97.15857
272.6711,0.7729,0.63244,"Rose-Hulman Observatory, Terre Haute",39.48113630033265,-87.32889999999998
263.23,0.95591,0.29359,Oaxaca,17.18167866742149,-96.76999999999998
263.3546,0.83802,0.54387,"Allen, Texas",33.15931394567822,-96.6454
263.99758,0.779425,0.624489,"Farpoint Observatory, Eskridge",38.89025047487932,-96.00241999999997
264.4064,0.872133,0.487634,"George Observatory, Needville",29.37499778857127,-95.59359999999998
263.3357,0.87006,0.49132,Houston,29.61833675669221,-96.66430000000003
275.6633,0.8282,0.5586,"New Bullpen Observatory, Alpharetta",34.177304037884504,-84.33670000000001
267.6733,0.7788,0.6252,Observatory of the State University of Missouri,38.94458153387538,-92.32670000000002
265.244,0.77965,0.62419,"Sunflower Observatory, Olathe",38.868762025636904,-94.75599999999997
265.3383,0.8511,0.5233,"SFA Observatory, Nacogdoches",31.75730697467289,-94.6617
266.8503,0.71493,0.69692,"Goodsell Observatory, Northfield",44.461533847285786,-93.1497
266.31216,0.748989,0.660428,"Drake University, Des Moines",41.59552519104591,-93.68784
267.76148,0.708545,0.703382,"University of Minnesota, Minneapolis",44.98290998775763,-92.23852
273.8378,0.76884,0.63735,"Doyan Rose Observatory, Indianapolis",39.84712584194569,-86.16219999999998
267.1747,0.77569,0.62906,"Morrison Obervatory, Glasgow",39.22936276617567,-92.82530000000003
275.2254,0.72551,0.68597,"Brooks Observatory, Mt. Pleasant",43.587541998711785,-84.77460000000002
268.9292,0.86373,0.50227,Highland Road Park Observatory,30.346064865731485,-91.07080000000002
268.468,0.75014,0.65912,"Van Allen Observatory, Iowa City",41.495472208481296,-91.53199999999998
276.1642,0.82795,0.55902,Oakwood,34.20536189998806,-83.8358
268.7282,0.71059,0.70131,"Hobbs Observatory, Fall Creek",44.8158323407434,-91.27179999999998
269.2439,0.78038,0.62324,Lake Saint Louis,38.799941800528984,-90.7561
275.4647,0.82278,0.56659,"Puckett Observatory, Mountain Town",34.732401313462304,-84.5353
270.59069,0.731622,0.679491,"Washburn Observatory, Madison",43.07622019336384,-89.40931
271.4432,0.73762,0.67303,"Yerkes Observatory, Williams Bay",42.570082987776956,-88.55680000000001
274.6478,0.73353,0.67743,Optec Observatory,42.914976715906214,-85.35219999999998
272.32567,0.743605,0.666407,"Dearborn Observatory, Evanston (bef. July 1939)",42.05753443297318,-87.67433
280.005,0.8096,0.5851,High Point,36.03863263062783,-79.995
279.2379,0.88044,0.47257,"BCC Observatory, Cocoa",28.38503000101632,-80.76209999999998
273.1947,0.80946,0.5853,Nashville,36.05266335835669,-86.80529999999999
273.6048,0.77216,0.63337,"Goethe Link Observatory, Brooklyn",39.54940296798409,-86.39519999999999
277.6456,0.88138,0.47083,Zephyrhills,28.271212243477105,-82.3544
274.2008,0.70885,0.70304,"Four Winds Observatory, Lake Leelanau",44.956648267678126,-85.79919999999998
280.4658,0.72157,0.69009,King City,43.914777294930445,-79.5342
275.1439,0.83264,0.55205,"Puckett Observatory, Stone Mountain",33.72231696577659,-84.85610000000003
275.5775,0.77669,0.62784,Cincinnati,39.13874085545092,-84.42250000000001
275.5167,0.736,0.67477,"Michigan State University Obs., East Lansing",42.70657342211514,-84.48329999999999
276.2697,0.74102,0.6693,Ann Arbor,42.28030081771904,-83.7303
272.32488,0.743585,0.66643,"Dearborn Observatory, Evanston (aft. Oct. 1939)",42.05928441119235,-87.67511999999999
276.9892,0.76716,0.63936,"McMillin Observatory, Columbus",39.99760219416714,-83.01080000000002
274.0786,0.77573,0.629,"Crescent Moon Observatory, Columbus",39.2252381208226,-85.9214
277.57,0.922,0.389,"Boyeros Observatory, Havana",23.013472342665292,-82.43
284.0865,0.70517,0.70669,"Boltwood Observatory, Stittsville",45.254105646897514,-75.9135
278.4318,0.74966,0.65966,"Warner and Swasey Observatory, Cleveland",41.53696148833274,-81.56819999999999
278.925,0.74905,0.66039,"Warner and Swasey Nassau Station, Chardon",41.59157182408341,-81.07499999999999
284.6168,0.76029,0.64743,"Sayre Observatory, South Bethlehem",40.60634276199095,-75.38319999999999
284.4669,0.73472,0.67619,"Foggy Bottom, Hamilton",42.816327087277585,-75.53309999999999
280.6017,0.72454,0.68695,Toronto,43.66667673987722,-79.3983
279.9778,0.76172,0.64582,"Allegheny Observatory, Pittsburgh",40.48269241289423,-80.0222
280.5779,0.72219,0.68943,"David Dunlap Observatory, Richmond Hill",43.86279979024123,-79.4221
281.4778,0.78868,0.6128,"Leander McCormick Observatory, Charlottesville",38.03362032713336,-78.5222
281.5075,1.00045,-0.00405,Quito,-0.23350542233175553,-78.4925
281.65,0.999,0.0,"Quito, comet astrograph station",0.0,-78.35000000000002
282.02,0.783,0.622,Rixeyville,38.65052488547963,-77.98000000000002
282.2146,0.7414,0.66895,"Stull Observatory, Alfred University",42.250763936020896,-77.78539999999998
285.3542,0.76323,0.64397,"Fitz-Randolph Observatory, Princeton",40.34555270178402,-74.64580000000001
282.9345,0.77906,0.62487,"U.S. Naval Obs., Washington (since 1893)",38.92044552420744,-77.06549999999999
282.9494,0.77934,0.62451,"U.S. Naval Obs., Washington (before 1893)",38.89424562336094,-77.05059999999997
284.3667,0.76953,0.6365,"Mount Cuba Observatory, Wilmington",39.7842394656143,-75.63330000000002
284.594,0.73188,0.67922,"Litchfield Observatory, Clinton",43.05474075868076,-75.406
284.2835,0.70343,0.7084,"Dominion Observatory, Ottawa",45.394108752997916,-75.7165
284.5236,0.76713,0.63937,"Flower and Cook Observatory, Philadelphia",39.99914672485072,-75.47640000000001
288.29905,0.751746,0.657236,"University of Rhode Island, Quonochontaug",41.35331604480653,-71.70094999999998
286.2515,0.7365,0.6742,"Dudley Observatory, Albany (before 1893)",42.66305064220896,-73.74849999999998
286.11,0.74789,0.66161,"Vassar College Observatory, Poughkeepsie",41.68817784985299,-73.88999999999999
286.03861,0.757969,0.650106,Rutherford,40.8097923770796,-73.96139
286.45,0.755,0.654,Stamford,41.090481443967775,-73.55000000000001
287.0751,0.75218,0.65676,"Yale Observatory, New Haven",41.31633090195299,-72.92489999999998
287.0154,0.75093,0.65822,"Yale Observatory, Bethany",41.42670183894878,-72.9846
288.865,0.73896,0.6715,Winchester,42.453329370999924,-71.13499999999999
288.4511,0.96006,-0.28021,"Harvard Observatory, Arequipa",-16.374592563699593,-71.5489
288.44233,0.738364,0.672183,Oak Ridge Observatory,42.50536594514385,-71.55766999999997
288.87164,0.739802,0.670574,"Harvard Observatory, Cambridge",42.38146568608353,-71.12835999999999
288.9167,0.74543,0.66436,Taunton,41.90005814182716,-71.08330000000001
289.3121,0.83421,-0.54976,Santiago-San Bernardo,-33.562689210426605,-70.68790000000001
288.98,0.83997,-0.54145,Santiago-Cerro El Roble,-32.98158243429486,-71.01999999999998
289.4513,0.83584,-0.54738,Santiago-Cerro Calan,-33.396852944699134,-70.5487
289.1941,0.8656,-0.4998,"Cerro Tololo Observatory, La Serena",-30.169195488078646,-70.80590000000001
290.6708,0.85098,-0.52414,El Leoncito,-31.802066148945983,-69.32920000000001
289.26626,0.87344,-0.486052,"European Southern Observatory, La Silla",-29.258880049025972,-70.73374000000001
288.5154,0.73712,0.67352,"Wallace Observatory, Westford",42.610215824295885,-71.4846
289.89565,0.752586,0.656289,"Maria Mitchell Observatory, Nantucket",41.28061974020839,-70.10435000000001
288.4543,0.83992,-0.54093,Vina del Mar,-32.95800499608701,-71.54570000000001
289.3083,0.83533,-0.54805,Santiago-Quinta Normal (1862-1920),-33.445149536395185,-70.69170000000003
288.41917,0.746007,0.663734,North Scituate,41.85117748879077,-71.58082999999999
289.3479,0.83539,-0.54799,Santiago-Santa Lucia (1849-1861),-33.44037235177852,-70.65210000000002
285.7583,0.71645,0.69542,Rand Observatory,44.33899159512752,-74.24169999999998
288.6104,0.74018,0.67017,Sudbury,42.349701970504825,-71.38959999999997
286.4167,0.704,0.7079,"Gemeaux Observatory, Laval",45.35068073109313,-73.58330000000001
284.385,0.6972,0.71451,Val-des-Bois,45.89485941817993,-75.61500000000001
295.37581,0.930491,-0.365872,Tarija,-21.59629203821599,-64.62419
295.45041,0.852688,-0.521032,Cordoba-Bosque Alegre,-31.598358999461297,-64.54959000000002
295.80137,0.854203,-0.518325,Cordoba,-31.42005639421855,-64.19862999999998
288.1691,0.73715,0.67354,Fitchburg,42.609901684665594,-71.83089999999999
285.7528,0.71641,0.69546,Lake Clear,44.342237971422456,-74.24720000000002
288.2595,0.74033,0.67003,Granville,42.33796237490943,-71.7405
288.2282,0.69312,0.71843,Plessissville,46.21951649988779,-71.77179999999998
287.5393,0.6619,0.7471,Saint-Felicien,48.65131559425233,-72.46069999999997
288.9758,0.74656,0.6631,Assonet,41.802869485477736,-71.02420000000001
290.6979,0.85102,-0.52411,Complejo Astronomico El Leoncito,-31.799391244866964,-69.3021
288.5697,0.73491,0.6759,Hudson,42.796688396306145,-71.43029999999999
277.4134,0.87191,0.48804,"Rosemary Hill Observatory, University of Florida",29.401651306553372,-82.58659999999998
283.185,0.7653,0.6416,Etters,40.164840672457416,-76.815
301.4633,0.82373,-0.56508,"Obs. Astronomico de Mercedes, Buenos Aires",-34.62991993639321,-58.536699999999996
301.5654,0.82398,-0.56473,Buenos Aires-AAAA,-34.60519486356468,-58.43459999999999
288.6428,0.73709,0.67354,"Drum Hill Station, Chelmsford",42.61222545891373,-71.35719999999998
288.5011,0.74708,0.66252,"Furnace Brook Observatory, Cranston",41.75813765603649,-71.49889999999999
279.7553,0.89228,0.44996,Jupiter,26.915983407984733,-80.24470000000002
275.8628,0.77,0.63596,Dayton,39.7431292887302,-84.1372
302.0678,0.82097,-0.56906,La Plata,-34.90838216190471,-57.93220000000002
276.2833,0.73235,0.6787,Flint,43.01450362251442,-83.7167
279.44233,0.796229,0.60322,"Martin Observatory, Blacksburg",37.33283606865453,-80.55766999999997
282.7678,0.76901,0.63713,Gettysburg College Observatory,39.831164326982666,-77.23219999999998
273.0648,0.82481,0.56357,"Emerald Lane Observatory, Decatur",34.52320462057599,-86.93520000000001
303.80982,0.822499,-0.566884,Observatorio Astronomico Los Molinos,-34.755485645673296,-56.19018
283.5058,0.73942,0.67107,"Ford Observatory, Ithaca",42.417295828078075,-76.49419999999998
269.65501,0.779842,0.623926,"Principia Astronomical Observatory, Elsah",38.85002757764239,-90.34499
275.975,0.7078,0.7041,"Lunar Cafe Observator, Flint",45.042276004236655,-84.02499999999998
237.0219,0.72412,0.68741,"Tenagra Observatory, Cottage Grove",43.702427355201586,-122.97810000000001
265.1694,0.77927,0.62467,"Everstar Observatory, Olathe",38.90393363593142,-94.8306
274.0802,0.8181,0.57333,"Cordell-Lorenz Observatory, Sewanee",35.204109877236306,-85.91980000000001
296.41962,0.71283,0.698986,"Burke-Gaffney Observatory, Halifax",44.630585342633694,-63.58037999999999
269.405,0.7805,0.6231,"River Moss Observatory, St. Peters",38.789354273403475,-90.59500000000003
249.15327,0.843603,0.535508,Biosphere 2 Observatory,32.581217478156184,-110.84673000000001
249.17995,0.846183,0.531351,"Sabino Canyon Observatory, Tucson",32.299871871800995,-110.82005000000001
266.5383,0.7093,0.7026,"Wayside Observatory, Minnetonka",44.92053255978016,-93.46170000000001
242.554,0.83,0.556,Riverside,33.99549678763668,-117.446
249.3992,0.85213,0.52204,"Iowa Robotic Observatory, Sonoita",31.66455645804769,-110.60079999999999
253.78,0.8194,0.5719,"Tebbutt Observatory, Edgewood",35.093931412743586,-106.22
316.3097,0.94132,-0.33707,Wykrota Observatory-CEAMIG,-19.824008357131653,-43.69029999999998
313.0347,0.92108,-0.38842,Valinhos,-23.003293734305924,-46.96530000000001
312.9204,0.92253,-0.38487,Barao Geraldo,-22.78247067332285,-47.07960000000003
138.5262,0.80861,0.58658,Saku,36.14090395269076,138.5262
137.18,0.807,0.588,Furukawa,36.261354526708054,137.18
130.7533,0.84257,0.5368,Kumamoto,32.67579274189277,130.7533
285.8792,0.74765,0.66189,"Emmy Observatory, New Paltz",41.70935265007542,-74.12079999999997
283.51,0.7784,0.6257,"U.S. Naval Academy, Michelson",38.98136878200711,-76.49000000000001
134.1222,0.81671,0.57522,Saji Observatory,35.33894251007452,134.1222
135.1359,0.83066,0.55492,Hidaka Observatory,33.92278057309988,135.1359
133.4298,0.8348,0.5487,Tosa,33.493121942672744,133.4298
313.17411,0.921798,-0.386786,Campinas,-22.9005286515211,-46.825890000000015
134.3925,0.82256,0.56678,Akou,34.74857210391433,134.3925
134.2411,0.82904,0.55734,Tokushima,34.09023277145398,134.2411
133.7717,0.8241,0.56455,Kurashiki Observatory,34.592757737160795,133.7717
314.41735,0.924359,-0.380986,"Observatorio do Pico dos Dias, Itajuba",-22.535524208458014,-45.58265
139.2353,0.80896,0.58593,Yorii,36.09884841013561,139.2353
139.2467,0.80762,0.58774,Honjo,36.22828979160331,139.2467
139.0828,0.81194,0.58196,Okutama,35.813576610589394,139.0828
136.9142,0.82019,0.57019,Kagiya,34.98732188415789,136.9142
137.3535,0.8197,0.57099,Tokai,35.041162844897954,137.3535
316.7771,0.92169,-0.38664,Rio de Janeiro,-22.89518153154255,-43.22289999999998
137.2571,0.81872,0.5723,Toyota,35.13516272791442,137.2571
137.3558,0.81842,0.57281,JCPM Oi Station,35.16907274267892,137.3558
138.4215,0.81986,0.57065,Shizuoka,35.01986586798292,138.4215
138.0792,0.8187,0.5724,Kawane,35.140533132549365,138.0792
138.4667,0.82049,0.56975,JCPM Yakiimo Station,34.956706406186065,138.4667
138.9367,0.81836,0.5728,Mishima,35.17057963557372,138.9367
139.3367,0.80745,0.58798,Ojima,36.245193552388216,139.3367
138.9952,0.81885,0.57217,Gekko,35.1247557914485,138.9952
140.1427,0.80322,0.59372,Karasuyama,36.655018437668964,140.1427
140.25,0.8108,0.5834,JCPM Tone Station,35.91902994270579,140.25
140.8633,0.78606,0.61609,JCPM Kimachi Station,38.275272613428065,140.8633
139.4753,0.80852,0.5865,YGCO Hoshikawa and Nagano Stations,36.14021941740245,139.4753
140.86222,0.786233,0.61587,Sendai Municipal Observatory,38.25919118748702,140.86222
138.4476,0.81113,0.58321,Kiyosato,35.89908895073219,138.4476
140.7203,0.78573,0.61658,Hatamae,38.3091279331325,140.7203
138.3678,0.81132,0.58292,Yatsugatake South Base Observatory,35.879181563402504,138.3678
139.4929,0.80797,0.58725,YGCO Chiyoda Station,36.19367878835012,139.4929
138.1883,0.82107,0.56899,Fujieda,34.90179961567204,138.1883
142.55,0.7224,0.6891,Toma,43.84077263429346,142.55
135.98994,0.819572,0.571083,Moriyama,35.04975611217335,135.98994
137.0877,0.81664,0.57525,Tajimi,35.342669699100114,137.0877
132.2208,0.82775,0.55922,Ootake,34.22132773427936,132.2208
135.17424,0.817354,0.574227,Fukuchiyama and Kannabe,35.27095252823734,135.17424
135.12,0.824,0.565,Go-Chome and Kobe-Suma,34.6173476067607,135.12
135.9246,0.83368,0.5504,Nachi-Katsuura Observatory,33.610190337209616,135.9246
145.667,0.8113,-0.5837,Cobram,-35.91624286536228,145.667
144.9758,0.79082,-0.61001,Melbourne,-37.831573255631376,144.9758
137.2467,0.80352,0.5933,Toyama,36.625357054405754,137.2467
237.8717,0.6711,0.7389,Snohomish Hilltop Observatory,47.944426930547316,-122.1283
6.9267,0.72368,0.68811,Caussols-ODAS,43.74895174616443,6.9267
282.9233,0.7429,0.6672,"Collins Observatory, Corning Community College",42.11846146671654,-77.07670000000002
288.2342,0.74769,0.66186,"Carbuncle Hill Observatory, Greene",41.706540185726574,-71.76580000000001
303.8161,0.82093,-0.56912,"Observatorio Kappa Crucis, Montevideo",-34.91252731942614,-56.183899999999994
288.0108,0.73809,0.67254,"Underwood Observatory, Hubbardston",42.53111297613972,-71.98919999999998
261.8789,0.86861,0.49393,"River Oaks Observatory, New Braunfels",29.790124547684123,-98.12110000000001
272.6836,0.77287,0.63248,"Oakley Observatory, Terre Haute",39.48400606555829,-87.31639999999999
237.5522,0.6814,0.72948,Pacific Lutheran University Keck Observatory,47.143704472762394,-122.4478
257.8694,0.72071,0.6911,"Badlands Observatory, Quinn",43.9907884286122,-102.13060000000002
248.3183,0.8419,0.5379,Desert Beaver Observatory,32.749850695580754,-111.6817
282.3353,0.73161,0.67947,"RIT Observatory, Rochester",43.07580562344937,-77.66469999999998
254.4725,0.83988,0.54159,"SW Institute for Space Research, Cloudcroft",32.99115077514168,-105.5275
272.8333,0.82335,0.56569,"Timberland Observatory, Decatur",34.671198861978304,-87.16669999999999
284.63,0.76655,0.64006,"The Bradstreet Observatory, St. Davids",40.05092367721525,-75.37
287.6769,0.68988,0.7215,Observatoire du Cegep de Trois-Rivieres,46.47561855872026,-72.32310000000001
249.8589,0.8545,0.51811,Palominas Observatory,31.40062396366037,-110.1411
249.1209,0.85394,0.51902,"Tenagra II Observatory, Nogales",31.462075511602876,-110.8791
270.56194,0.735007,0.67585,Madison-YRS,42.79080561078403,-89.43806000000001
286.6761,0.75688,0.65136,"Moonedge Observatory, Northport",40.905181452783516,-73.32389999999998
268.7758,0.86319,0.50319,Port Allen,30.407440076965692,-91.2242
210.41224,0.953752,-0.299638,"S. S. Observatory, Pamatai",-17.551379421960984,-149.58776
210.3842,0.9533,-0.301,Puna'auia,-17.634069521708284,-149.6158
286.57401,0.749767,0.659494,"John J. McCarthy Obs., New Milford",41.52574554647745,-73.42599000000001
249.7342,0.85383,0.51924,"Rockland Observatory, Sierra Vista",31.476173352308138,-110.26580000000001
242.9572,0.83985,0.54108,Poway Valley,32.96743700711755,-117.0428
282.3394,0.77977,0.624,"Wyrick Observatory, Haymarket",38.85593163231452,-77.66059999999999
263.3792,0.77614,0.62852,"Ibis Observatory, Manhattan",39.18898473833614,-96.62079999999997
358.69,0.58065,0.81143,"Bradbury Observatory, Stockton-on-Tees",54.59485725252896,-1.3100000000000023
351.6162,0.77243,0.63299,Linhaceira,39.522687943604076,-8.383800000000008
359.6033,0.76982,0.63619,Observatorio Rodeno,39.75990039583273,-0.3967000000000098
358.9611,0.63199,0.77238,Waterlooville,50.89718469790207,-1.0389000000000124
359.6139,0.76988,0.63608,Observatorio Pla D'Arguines,39.75283393347798,-0.386099999999999
359.3636,0.60413,0.79423,Grantham,52.926888321298314,-0.6363999999999805
355.8664,0.63881,0.76679,Peverell,50.39158530233894,-4.133600000000001
354.08315,0.796657,0.602418,"Observatorio Geminis, Dos Hermanas",37.281245107589186,-5.916850000000011
354.3986,0.72671,0.68474,Observatorio Monte Deva,43.48891175802422,-5.601400000000012
0.7931,0.75662,0.6517,Ametlla de Mar,40.92972267345861,0.7931
2.1244,0.65268,0.75511,Saint-Sulpice,49.3517792478146,2.1244
0.2189,0.61048,0.78937,Pymoor,52.46856765679727,0.2189
359.8169,0.67454,0.73577,Durtal,47.67763497861917,-0.18310000000002447
342.1176,0.87764,0.47847,La Palma,28.760278714384917,-17.88240000000002
358.2983,0.62194,0.78046,Highworth,51.636471254267974,-1.7017000000000166
359.7583,0.7787,0.6253,Marxuquera,38.95265845953395,-0.24169999999998026
2.1339,0.74602,0.66393,Montjoia,41.85908880703259,2.1339
343.4906,0.88148,0.47142,Teide Observatory,28.298440650487585,-16.509400000000028
350.6739,0.78146,0.62188,Sassoeiros,38.70016266680674,-9.326099999999997
356.1908,0.76224,0.6453,Observatorio Pozuelo,40.44059998679287,-3.8091999999999757
359.3506,0.71047,0.70137,Merignac,44.82312132299687,-0.6494000000000142
358.96947,0.724214,0.687282,Observatoire de Dax,43.6933831743776,-1.0305299999999988
1.4653,0.72596,0.68548,Ramonville Saint Agne,43.549355301908726,1.4653
0.6108,0.63016,0.77387,Rolvenden,51.032482967271406,0.6108
356.8206,0.56112,0.82498,"City Observatory, Calton Hill, Edinburgh",55.956698100204264,-3.179399999999987
359.8188,0.77845,0.62561,Gandia,38.9755388839008,-0.1811999999999898
359.7333,0.6084,0.7909,Werrington,52.616534229042934,-0.26670000000001437
358.8433,0.62471,0.77826,Southend Bradfield,51.433687789900276,-1.1567000000000007
351.4008,0.79761,0.60118,"Observacao Astronomica no Algarve, Portimao",37.19146305728246,-8.599199999999996
357.20423,0.609591,0.7901,Church Stretton,52.53447118531506,-2.7957700000000045
358.9778,0.61508,0.78585,Greens Norton,52.136568070398816,-1.022199999999998
0.425,0.6158,0.7853,Haverhill,52.08463772483331,0.425
359.8454,0.6235,0.7792,London-Regents Park,51.52151629653799,-0.15460000000001628
0.49348,0.620452,0.781632,Chelmsford,51.74505127119796,0.49348
350.81249,0.781336,0.62204,Lisbon,38.711792074780696,-9.187509999999975
357.5833,0.54359,0.83656,Dun Echt,57.16010108760608,-2.4166999999999916
359.6671,0.62271,0.77983,Harrow,51.57944244392161,-0.3328999999999951
8.84431,0.715243,0.696571,Genoa Observatory,44.434649654909556,8.84431
359.6333,0.77292,0.63239,Observatorio Astronomico de Valencia,39.47818568257968,-0.36669999999998026
358.4669,0.61258,0.78778,Leamington Spa,52.31759856848212,-1.5330999999999904
351.5483,0.5866,0.80717,Markree,54.17555292231048,-8.451700000000017
357.24541,0.588685,0.805673,Conder Brow,54.02847663138448,-2.7545900000000074
358.6697,0.62896,0.77485,South Wonston,51.121307592342575,-1.3303000000000225
357.22,0.58864,0.8057,Lancaster,54.031471453832,-2.7799999999999727
353.3522,0.58409,0.80898,Armagh,54.35287150105467,-6.647800000000018
353.6621,0.59771,0.79904,"Dunsink Observatory, Dublin",53.386635504264405,-6.3378999999999905
353.79525,0.805167,0.591067,San Fernando,36.465877574040384,-6.20474999999999
357.26975,0.631671,0.772658,Eastfield,50.92143261919213,-2.7302500000000123
357.5317,0.60801,0.7913,Telford,52.64823009848303,-2.4682999999999993
359.36053,0.625049,0.777992,Ascot,51.408914960272874,-0.6394700000000171
355.3735,0.58658,0.80721,"Isle of Man Observatory, Foxdale",54.17782741948565,-4.626500000000021
355.706,0.56225,0.82421,Glasgow,55.87836694098467,-4.293999999999983
357.40582,0.591888,0.803341,"Wilfred Hall Observatory, Preston",53.801442324840025,-2.5941799999999944
356.3121,0.7626,0.64487,Madrid,40.40839213693224,-3.6879000000000133
356.9278,0.5975,0.79919,Liverpool (since 1867),53.4014216341284,-3.0722000000000094
356.9995,0.5973,0.7993,Liverpool (before 1867),53.41437659433146,-3.000499999999988
357.49556,0.629975,0.774031,Woolston Observatory,51.04653580461905,-2.5044399999999882
359.3878,0.62827,0.7754,Godalming,51.17189335296203,-0.612199999999973
358.4177,0.57819,0.81319,Durham,54.768164998864094,-1.5822999999999752
358.7483,0.62025,0.78179,Oxford,51.759751962489894,-1.251700000000028
359.15,0.619,0.783,Hartwell,51.858979079051366,-0.8500000000000227
359.75753,0.622254,0.780206,London-Mill Hill,51.61331959381972,-0.24247000000002572
359.4725,0.71033,0.70153,Bordeaux-Floirac,44.8353013587234,-0.527499999999975
0.377,0.62475,0.77821,Gravesend,51.43010519497347,0.377
0.7441,0.74414,0.66596,Masia Cal Maciarol Modul 2,42.017920989024404,0.7441
0.7441,0.74414,0.66596,Masia Cal Maciarol Modul 8,42.017920989024404,0.7441
1.4,0.7541,0.6546,Torredembarra,41.15036865132502,1.4
1.7181,0.72206,0.68956,Saint-Caprais,43.8733502454272,1.7181
1.8175,0.72721,0.68417,Belesta,43.44541283279358,1.8175
2.4417,0.74922,0.66012,Mataro,41.57348519935776,2.4417
2.7444,0.6607,0.74815,Gretz-Armainvilliers,48.74276785563422,2.7444
2.8847,0.72735,0.68406,Malibert,43.43530682199305,2.8847
1.1803,0.65037,0.75711,Quincampoix,49.527002885874,1.1803
1.9281,0.75278,0.65613,Observatorio Astronomico de Corbera,41.2664155220229,1.9281
2.4718,0.63222,0.77219,Wormhout,50.88008054119897,2.4718
8.74768,0.703404,0.708434,Stazione Astronomica di Sozzago,45.396542353127465,8.74768
7.1394,0.68632,0.72501,"Observatoire Naef, Ependes",46.7624039325071,7.1394
5.1864,0.72028,0.69143,Les Engarouines Observatory,44.02154340570873,5.1864
6.7972,0.61903,0.78275,"Josef Bresser Sternwarte, Borken",51.848742503313964,6.7972
7.1922,0.68622,0.72511,Tentlingen,46.77051403069577,7.1922
8.68147,0.650133,0.757328,"Guidestar Observatory, Weinheim",49.54545810267014,8.68147
7.1761,0.62342,0.77928,Herne,51.52796251120692,7.1761
7.0744,0.63164,0.77267,Koln,50.92324409429073,7.0744
7.51887,0.605274,0.793357,Sogel,52.84441102299582,7.51887
8.0581,0.63667,0.76862,Irmtraut,50.553014224954964,8.0581
8.6531,0.64877,0.75848,Starkenburg Sternwarte-SOHAS,49.64779389270677,8.6531
8.6677,0.65027,0.75719,Weinheim,49.53434225238059,8.6677
8.9481,0.69995,0.71185,"New Millennium Observatory, Mozzate",45.67531714902185,8.9481
9.1925,0.70104,0.71077,Nova Milanese,45.58726439824381,9.1925
8.65736,0.646597,0.760303,Darmstadt,49.81043919440168,8.65736
10.3236,0.61823,0.78341,"Eridanus Observatory, Langelsheim",51.90817916278767,10.3236
10.3342,0.67398,0.73642,Kempten,47.72650717996825,10.3342
10.6733,0.72369,0.68782,Santa Maria a Monte,43.73649186087951,10.6733
11.22308,0.700397,0.711555,Crespadoro,45.64516144654185,11.22308
11.4186,0.70024,0.71155,Corcaroli Observatory,45.6513809385187,11.4186
10.5517,0.58423,0.80887,Panker,54.34267793574038,10.5517
11.0157,0.63231,0.77217,Volkssternwarte Kirchheim,50.87536173809105,11.0157
10.7911,0.64944,0.75793,Grosshabersdorf,49.598096877618666,10.7911
12.8978,0.63511,0.76995,Hormersdorf Observatory,50.670532134188946,12.8978
9.7911,0.69856,0.7134,Ganda di Aviatico,45.79453579088751,9.7911
13.66158,0.611298,0.788754,Mueggelheim,52.409878507316755,13.66158
13.3747,0.74706,0.66266,"Campocatino Automated Telescope, Collepardo",41.764914137380735,13.3747
12.4186,0.63084,0.77336,Altenburg,50.98379086713098,12.4186
14.4978,0.81104,0.58306,Pieta,35.89510844868976,14.4978
14.5911,0.6929,0.71871,"Rezman Observatory, Kamnik",46.23975529602644,14.5911
9.5019,0.6128,0.7876,Gehrden,52.301310354003654,9.5019
13.0897,0.61201,0.78821,"Inastars Observatory, Potsdam (before 2006)",52.35852023715643,13.0897
13.6972,0.66609,0.74346,Altschwendt,48.33300137403872,13.6972
9.362,0.62525,0.77786,Karrenkneul,51.39519289401035,9.362
16.5825,0.65349,0.75447,Lelekovice,49.292636719603856,16.5825
16.6031,0.75962,0.64829,Matera,40.66889587945501,16.6031
10.8885,0.70401,0.70782,Povegliano Veronese,45.34703638404667,10.8885
17.6372,0.50372,0.86098,Uppsala-Angstrom,59.837515557810896,17.6372
28.9973,0.64407,0.76245,Andrushivka Astronomical Observatory,50.00058047222547,28.9973
18.6667,0.5837,0.8093,Danzig,54.38172183853398,18.6667
18.7553,0.67756,0.73304,Etyek,47.444105097171,18.7553
10.6883,0.70294,0.70889,Peschiera del Garda,45.433876174360925,10.6883
16.6217,0.60828,0.79108,Ostrorog,52.62827619896351,16.6217
13.1181,0.73871,0.67204,Osservatorio Astronomico Vallemare di Borbona,42.48592392050957,13.1181
10.3197,0.71406,0.69784,Parma,44.53419854897684,10.3197
11.1031,0.72364,0.68791,"Osservatorio Astron. Margherita Hack, Firenze",43.742213956682626,11.1031
2.4694,0.66135,0.74758,Observatoire de Chalandray-Canotiers,48.69318375640432,2.4694
12.9071,0.64123,0.7649,Karlovy Vary Observatory,50.215624008367634,12.9071
20.8106,0.84556,-0.5326,"YSTAR-NEOPAT Station, Sutherland",-32.379743808232384,20.8106
8.8581,0.70949,0.70238,Tortona,44.90388805435365,8.8581
9.2301,0.66233,0.74678,Aichtal,48.62068587728484,9.2301
4.7567,0.69879,0.71298,"Cosmosoz Obs., Tassin la Demi Lune",45.76824400617647,4.7567
6.1151,0.69034,0.72132,Couvaloup de St-Cergue,46.44940922667865,6.1151
2.4083,0.71939,0.69239,Le Couvent de Lentin,44.096670856026066,2.4083
10.3161,0.72613,0.68526,"Stazione Osservativa Astronomica, Livorno",43.533472327869006,10.3161
7.6785,0.71665,0.69522,Chiusa di Pesio,44.32275975920025,7.6785
9.6533,0.57755,0.81362,"Swedenborg Obs., Bockholmwik",54.81232689703111,9.6533
11.33,0.7287,0.6826,Osservatorio Palazzo Bindi Sergardi,43.32115835467822,11.33
25.2033,0.42654,0.90144,Lumijoki,64.82607049235243,25.2033
15.4533,0.66486,0.74459,Stixendorf,48.42878985389924,15.4533
13.6222,0.62904,0.77481,Radebeul Observatory,51.11630145593283,13.6222
16.2895,0.66788,0.74183,"Penzing Astrometric Obs., Vienna",48.19414644783462,16.2895
8.7624,0.641951,0.764216,Bergen-Enkheim Observatory,50.15874627304547,8.7624
2.1861,0.75124,0.65783,"Fort Pius Observatory, Barcelona",41.39812426974329,2.1861
20.8356,0.66948,0.74037,"Andromeda Observatory, Miskolc",48.06990717073376,20.8356
5.64693,0.720583,0.691196,"Observatoire Chante-Perdrix, Dauban",43.99981068640551,5.64693
11.71509,0.730944,0.680264,Stia,43.13522328029771,11.71509
23.8434,0.743686,0.666622,"Zvezdno Obshtestvo Observatory, Plana",42.06362288620787,23.8434
14.1222,0.61408,0.78662,Lindenberg Observatory,52.208909906680184,14.1222
12.4033,0.74578,0.66397,"Balzaretto Observatory, Rome",41.869966946974756,12.4033
13.8744,0.70037,0.71148,Osservatorio Astronomico di Trieste,45.6432465843743,13.8744
29.9969,0.45945,0.88525,Jakokoski Observatory,62.72746843127379,29.9969
30.3333,0.80175,0.59632,TUBITAK National Observatory,36.82534240382371,30.3333
30.8065,0.68881,0.72252,"Odesa  Astronomical Observatory, Kryzhanovka",46.56043805089961,30.8065
4.3547,0.7017,0.71021,Albigneux,45.53773590822905,4.3547
8.7662,0.64935,0.75798,Rimbach,49.603881602987656,8.7662
8.90133,0.714961,0.696835,Bolzaneto,44.45679826106135,8.90133
10.3308,0.67421,0.73621,"Sterni Observatory, Kempten",47.708642758717204,10.3308
2.1431,0.7512,0.65788,"Sant Gervasi Observatory, Barcelona",41.40179784886771,2.1431
26.5997,0.46678,0.88143,Hankasalmi Observatory,62.254457894314164,26.5997
26.0927,0.71506,0.69673,"Urseanu Observatory, Bucharest",44.448516173922236,26.0927
10.4189,0.72222,0.68935,Lucca,43.85828890962699,10.4189
13.4577,0.69641,0.71526,Cormons,45.957361242093306,13.4577
28.3892,0.46584,0.88193,"Taurus Hill Observatory, Varkaus",62.315388270566224,28.3892
16.2867,0.66656,0.74303,Klosterneuburg,48.29646612624531,16.2867
16.4219,0.66646,0.74308,Stammersdorf,48.30265078019858,16.4219
30.2092,0.58214,0.8104,"Observatory Mazzarot-1, Baran'",54.4910868894284,30.2092
10.8589,0.69978,0.71223,Osservatorio del Monte Baldo,45.69755819446043,10.8589
2.5767,0.66289,0.74622,Savigny-le-Temple,48.57534358988725,2.5767
8.4464,0.64117,0.76499,"Taunus Observatory, Frankfurt",50.221575179626285,8.4464
20.6566,0.63224,0.77224,Kielce,50.88100929260719,20.6566
16.2698,0.66759,0.74211,"Alter Satzberg, Vienna",48.21725387309573,16.2698
7.47851,0.698677,0.7134,"OAVdA, Saint-Barthelemy",45.78973986600715,7.47851
37.8831,0.57134,0.818,"Ka-Dar Observatory, Barybino",55.24770943420188,37.8831
2.53372,0.74752,0.662058,Montseny Astronomical Observatory,41.721524329591126,2.53372
9.0033,0.69383,0.71778,Camorino,46.164302851577,9.0033
11.3807,0.71498,0.69683,San Lazzaro di Savena,44.455831573235265,11.3807
10.6708,0.7255,0.68593,Capannoli,43.58626786593263,10.6708
5.515,0.71564,0.69631,"Observatoire des Baronnies Provencales, Moydans",44.408022150093856,5.515
10.6286,0.69881,0.71318,"Osservatorio Cima Rest, Magasa",45.77545644309735,10.6286
4.4906,0.61329,0.78721,"Koschny Observatory, Noordwijkerhout",52.26541533240054,4.4906
8.9311,0.6995,0.71231,Osservatorio di Tradate,45.71223644604111,8.9311
9.0758,0.71061,0.70138,Ca del Monte,44.81788529241014,9.0758
13.0129,0.61111,0.7889,"Inastars Observatory, Potsdam (since 2006)",52.42352223187758,13.0129
36.9547,0.56382,0.82317,"1st Moscow Gymnasium Observatory, Lipki",55.77049860594279,36.9547
33.1628,0.705588,0.706256,AZT-8 Yevpatoriya,45.219531446678154,33.1628
42.5008,0.72958,0.68232,Terskol,43.274911246592005,42.5008
2.4414,0.74963,0.65966,"Observatorio Iluro, Mataro",41.53809958311704,2.4414
2.2636,0.75026,0.65897,"Observatorio Carmelita, Tiana",41.48445268244659,2.2636
13.4744,0.66335,0.74589,"Gaisberg Observatory, Schaerding",48.54304994503491,13.4744
0.7441,0.74412,0.66598,Observatorio d'Ager,42.01954247488785,0.7441
10.971,0.70124,0.71069,Fiamene,45.57587032769311,10.971
2.5983,0.66317,0.74598,Cesson,48.554195030312236,2.5983
15.0557,0.79386,0.60614,Catania,37.54879623681193,15.0557
5.6667,0.72204,0.68966,"Observatoire des Terres Blanches, Reillanne",43.87829416799626,5.6667
14.1544,0.66425,0.74516,"Picard Observatory, St. Veit",48.476658381241876,14.1544
13.1836,0.69466,0.71696,"Mandi Observatory, Pagnacco",46.0973588746198,13.1836
0.6701,0.75801,0.65008,"L'Ampolla Observatory, Tarragona",40.807125846359604,0.6701
16.5689,0.60872,0.79074,Szamotuly-Galowo,52.59640517243628,16.5689
20.8108,0.8456,-0.53254,"Southern African Large Telescope, Sutherland",-32.375598788506,20.8108
12.9486,0.63467,0.7703,Gelenau,50.702760201200036,12.9486
10.7783,0.72588,0.68555,"Libbiano Observatory, Peccioli",43.555430000526414,10.7783
33.7258,0.81748,0.57405,"Green Island Observatory, Gecitkale",35.25846242508175,33.7258
35.0317,0.84991,0.52524,"Bareket Observatory, Macabim",31.88821427743083,35.0317
13.7125,0.66684,0.74278,"Redshed Observatory, Kallham",48.27493650359673,13.7125
2.25934,0.748338,0.661147,"Obs. de L' Ametlla del Valles, Barcelona",41.6512184776447,2.25934
11.85746,0.724995,0.686523,Santa Mama,43.63091903781547,11.85746
8.9072,0.6995,0.71231,Tradate,45.71223644604111,8.9072
15.0706,0.79331,0.6069,"Skylive Observatory, Catania",37.60268637296151,15.0706
17.6925,0.65449,0.75362,Zlin Observatory,49.21737634883959,17.6925
30.32514,0.574055,0.816105,Vitebsk,55.0580238060914,30.32514
7.3089,0.63404,0.77073,Hennef,50.746314631169525,7.3089
5.5906,0.71772,0.69419,Eygalayes,44.23757100804913,5.5906
19.9356,0.64169,0.76447,Narama,50.179572438870714,19.9356
12.05439,0.714373,0.69742,"Sintini Observatory, Alfonsine",44.50440089538828,12.05439
24.7503,0.49826,0.86413,"Metsala Observatory, Espoo",60.198375305315025,24.7503
6.5981,0.61901,0.78275,Bocholt,51.84964176419104,6.5981
2.1125,0.749498,0.659844,"Paus Observatory, Sabadell",41.55103952850361,2.1125
8.2767,0.65808,0.75045,"Corner Observatory, Durmersheim",48.94271947316575,8.2767
7.06669,0.725612,0.68583,Vallauris,43.577679376499425,7.06669
2.99725,0.741344,0.668883,Observatorio El Far,42.250061690039935,2.99725
12.3536,0.74572,0.66404,"Casal Lumbroso, Rome",41.875260227146136,12.3536
0.7439,0.74413,0.66597,Ager,42.018731731397274,0.7439
12.876,0.689553,0.721975,Comeglians,46.50801092864593,12.876
2.44935,0.749614,0.659663,"Observatorio Sant Pere, Mataro",41.53883592262063,2.44935
2.22439,0.749316,0.660019,"Laietania Observatory, Parets del Valles",41.56548882978434,2.22439
19.02529,0.676156,0.734318,"Polaris Observatory, Budapest",47.553015502085636,19.02529
6.87881,0.619231,0.782586,Borken,51.83387342504227,6.87881
7.17531,0.612824,0.787576,"Deep Sky Observatorium, Bad Bentheim",52.29937983925906,7.17531
2.0435,0.750575,0.658604,"Valldoreix Obs.,Sant Cugat del Valles",41.456723235359746,2.0435
9.68531,0.609275,0.790314,Brelingen,52.55630401340566,9.68531
20.10799,0.642589,0.763698,"Solaris Observatory, Luczanowice",50.11163138109296,20.10799
24.88779,0.491587,0.867927,"Slope Rock Observatory, Hyvinkaa",60.63787416572457,24.88779
24.3878,0.49864,0.86391,"Komakallio Observatory, Kirkkonummi",60.17323907161018,24.3878
9.00693,0.710595,0.701332,Osservatorio di Casasco,44.81652941524648,9.00693
9.22419,0.685858,0.725582,"Sternwarte Mirasteilas, Falera",46.804206754761914,9.22419
13.5395,0.693458,0.718372,Mount Matajur Observatory,46.2032514294823,13.5395
9.01719,0.662152,0.746956,"Owls and Ravens Observatory, Holzgerlingen",48.635021159253114,9.01719
2.4937,0.74787,0.66165,Sant Celoni,41.69065925594538,2.4937
1.5213,0.75363,0.6551,Observatorio El Vendrell,41.18974835492029,1.5213
7.68105,0.634701,0.77023,Soerth Observatory,50.69883648296637,7.68105
8.98503,0.662074,0.747029,"Mauren Valley Observatory, Holzgerlingen",48.641145913625856,8.98503
1.10536,0.74755,0.662053,Santa Maria de Montmagastrell,41.720167218931124,1.10536
8.80519,0.701074,0.710741,"Stazione Astronomica Betelgeuse, Magnago",45.58470668114111,8.80519
13.8944,0.63019,0.7739,"Sternwarte Schonfeld, Dresden",51.03223530313874,13.8944
7.95083,0.677934,0.732833,"Schafmatt Observatory, Aarau",47.42029156586655,7.95083
14.12811,0.670885,0.739158,"Astrophoton Observatory, Audorf",47.96350560726042,14.12811
11.2099,0.70048,0.711457,Marana Observatory,45.63782274599392,11.2099
12.74126,0.742254,0.667919,Osservatorio Astronomico Campomaggiore,42.17396241172123,12.74126
2.899,0.76967,0.63634,Caimari,39.77203144339032,2.899
9.9716,0.64613,0.76072,Maidbronn,49.846329606091686,9.9716
5.79769,0.706034,0.705851,Gieres,45.18499704444667,5.79769
3.53775,0.622812,0.779749,"Cyclops Observatory, Oostkapelle",51.57197563583039,3.53775
6.51011,0.604962,0.793587,Beilen Observatory,52.86662387018576,6.51011
7.45561,0.625931,0.777324,Sternwarte Hagen,51.345514469300255,7.45561
2.7701,0.74295,0.66715,Banyoles,42.11440709036086,2.7701
8.29681,0.71057,0.701309,"Bigmuskie Observatory, Mombercelli",44.816597799974495,8.29681
2.2619,0.75018,0.65907,Observatori Astronomic de Tiana,41.491799057970006,2.2619
13.29686,0.693994,0.7176,"Malina River Observatory, Povoletto",46.15035853694831,13.29686
7.25544,0.672149,0.737995,Bollwiller,47.86498311260102,7.25544
0.27539,0.681073,0.729781,Chinon,47.169201655526464,0.27539
6.47856,0.607102,0.791962,Hoogeveen,52.712616168660595,6.47856
34.2817,0.47422,0.87748,Petrozavodsk,61.77238049356742,34.2817
8.1545,0.602437,0.795492,Achternholt,53.04790624751903,8.1545
4.31031,0.628378,0.775301,"Brixiis Observatory, Kruibeke",51.16350943100804,4.31031
6.1118,0.61688,0.78442,"Sterrenwacht Andromeda, Meppel",52.00479449380303,6.1118
11.313,0.728746,0.682563,Siena,43.317802876415485,11.313
0.7443,0.74413,0.66598,Santa Coloma de Gramenet,42.019159569195224,0.7443
30.515,0.55583,0.82853,Velikie Luki,56.321628646893416,30.515
13.92293,0.630265,0.773855,"Lohrmann-Observatorium, Triebenberg",51.02727223359498,13.92293
2.5305,0.7474,0.66218,Observatorio Royal Park,41.73133772034991,2.5305
24.96114,0.492892,0.86719,"Clayhole Observatory, Jokela",60.55208359799002,24.96114
37.6331,0.65998,0.74878,Kramatorsk,48.79763895002182,37.6331
12.1153,0.68023,0.73088,Konigsleiten,47.247558507061925,12.1153
92.9744,0.56032,0.82553,Krasnoyarsk,56.012309465188395,92.9744
0.7442,0.74413,0.66597,"Anysllum Observatory, Ager",42.018731731397274,0.7442
17.3761,0.50302,0.86138,Fiby,59.88366913084384,17.3761
3.80397,0.72266,0.688932,Rouet,43.823493055824784,3.80397
3.42622,0.661039,0.747874,Maisoncelles,48.717716058700624,3.42622
14.0901,0.64091,0.76509,"City Observatory, Slany",50.23668389477375,14.0901
2.1107,0.74967,0.65964,"Berta Observatory, Sabadell",41.535719897626564,2.1107
9.10031,0.698332,0.71343,Como,45.805088144830336,9.10031
15.967,0.668463,0.741344,"Sky Vistas Observatory, Eichgraben",48.150643961868724,15.967
132.1656,0.72418,0.68737,ISON-Ussuriysk Observatory,43.69839081642537,132.1656
11.57261,0.673687,0.736691,"Isarwinkel Observatory, Bad Tolz",47.74939944779156,11.57261
0.74381,0.744124,0.665978,"Pingu, Ager",42.01930374475848,0.74381
3.604,0.634888,0.770037,Frasnes-Lez-Anvaing,50.68352514209354,3.604
5.4231,0.71591,0.69599,"ROSA Observatory, Vaucluse",44.38405250167391,5.4231
42.66191,0.723859,0.688104,"Kislovodsk Mtn. Astronomical Stn., Pulkovo Obs.",43.74162389235952,42.66191
0.74383,0.744124,0.665978,"Observatorio Via Lactea, Ager",42.01930374475848,0.74383
12.9599,0.63858,0.76717,Oberwiesenthal,50.41566054129451,12.9599
5.15439,0.628694,0.775052,Olmen,51.14044653834967,5.15439
9.1331,0.70036,0.71145,Seveso,45.64244784610513,9.1331
13.55806,0.73931,0.671605,"Pulkovo Observatory Station, Campo Imperatore",42.44427905764808,13.55806
4.49928,0.614813,0.786032,"Levendaal Observatory, Leiden",52.155050251056124,4.49928
1.35302,0.748763,0.660753,Pallerols,41.618105693728666,1.35302
7.483,0.624224,0.778652,Wellinghofen,51.469482096315154,7.483
1.07889,0.737202,0.673777,Observatori Astronomic de Les Planes de Son,42.617931567384595,1.07889
35.3425,0.47988,0.8744,"Petrozavodsk University Obs., Sheltozero Stn.",61.40357908786051,35.3425
6.9825,0.62777,0.77581,"Sternwarte Neanderhoehe Hochdahl e.V., Erkrath",51.208962679201996,6.9825
41.4258,0.72496,0.68694,"Ka-Dar Observatory, TAU Station, Nizhny Arkhyz",43.6496766276363,41.4258
2.8989,0.76967,0.63634,"Observatorio CEAM, Caimari",39.77203144339032,2.8989
19.0108,0.69361,0.71796,Baja Astronomical Observatory,46.18055758133493,19.0108
2.0349,0.74927,0.66012,Terrassa,41.57158708181863,2.0349
30.3086,0.5823,0.81028,"Starry Wanderer Observatory, Baran'",54.47962983844308,30.3086
1.0183,0.614242,0.786484,Stowupland,52.196793250469575,1.0183
7.64911,0.703322,0.708581,"Varuna Observatory, Cuorgne",45.405825111106054,7.64911
5.7992,0.61929,0.78253,Nijmegen,51.829229203171884,5.7992
39.0308,0.70806,0.7038,Kuban State University Astrophysical Observatory,45.019545791345195,39.0308
42.66126,0.723857,0.688105,"MASTER-II Observatory, Kislovodsk",43.74174456225578,42.66126
87.1778,0.72711,0.68469,"Xingming Observatory, Mt. Nanshan",43.47108072706625,87.1778
14.2792,0.62451,0.77842,Hoyerswerda,51.44837076530905,14.2792
9.02239,0.696268,0.715567,"A. Volta Observatory, Lanzo d'Intelvi",45.97548635925062,9.02239
12.40639,0.744413,0.665514,La Giustiniana,41.988383125197586,12.40639
69.12219,0.57662,0.814296,"Horizon Observatory, Petropavlovsk",54.87819587148299,69.12219
15.2356,0.66017,0.74871,Nonndorf,48.78681005640397,15.2356
100.9214,0.62235,0.78051,"Sayan Solar Observatory, Irkutsk",51.619881416767434,100.9214
7.06926,0.634261,0.770545,"Argelander Institute for Astronomy Obs., Bonn",50.72979075483628,7.06926
2.58202,0.658892,0.749723,Chelles,48.880213881367105,2.58202
11.3467,0.68967,0.72175,"Eurac Observatory, Bolzano",46.494240066190535,11.3467
9.9797,0.69363,0.71819,"Giuseppe Piazzi Observatory, Ponte in Valtellina",46.188900344532925,9.9797
15.28439,0.67138,0.738819,Puchenstuben,47.929415403758604,15.28439
0.72965,0.743847,0.666488,Observatori Astronomic del Montsec,42.051725435699566,0.72965
2.805,0.77084,0.63493,Observatorio El Cielo de Consell,39.66678136126055,2.805
12.2199,0.59747,0.79922,Gnevsdorf,53.403828066185696,12.2199
23.89339,0.789058,0.612302,"Ellinogermaniki Agogi Observatory, Pallini",37.997697349037104,23.89339
13.3611,0.65835,0.75036,"Bayerwald Sternwarte, Neuhuette",48.927675267121494,13.3611
4.49775,0.614779,0.786055,"Uiterstegracht Station, Leiden",52.1573976216304,4.49775
1.4892,0.7478,0.66186,Sant Marti Sesgueioles,41.70235367846756,1.4892
12.8717,0.74621,0.66358,Palestrina,41.83682289265036,12.8717
28.0325,0.70312,0.7087,Galati Observatory,45.41886361650495,28.0325
0.7449,0.74412,0.66598,"Observatorio El Teatrillo de Lyra, Ager",42.01954247488785,0.7449
13.2225,0.69384,0.71776,"Whitestar Observatory, Borgobello",46.1630927116246,13.2225
0.74431,0.744127,0.665974,"Observatorio Estels, Ager",42.01901773821116,0.74431
7.4535,0.71589,0.696,Bernezzo Observatory,44.385264164839796,7.4535
34.81242,0.849698,0.525519,"Martin S. Kraar Observatory, Rehovot",31.908276440316843,34.81242
2.7855,0.74801,0.66147,"Roser Observatory, Blanes",41.67759031855122,2.7855
39.7651,0.67959,0.73115,"Don Astronomical Observatory, Rostov-on-Don",47.28498845260046,39.7651
10.84098,0.693023,0.718872,Dolomites Astronomical Observatory,46.24112565447053,10.84098
14.35759,0.760172,0.647614,"Osservatorio Astronomico Nastro Verde, Sorrento",40.61878263468523,14.35759
91.8425,0.5593,0.82626,Badalozhnyj Observatory,56.084135177344045,91.8425
2.24372,0.75069,0.658447,Badalona,41.44559024792855,2.24372
1.2408,0.77939,0.62448,"Observatorio Cala d'Hort, Ibiza",38.891104274824144,1.2408
2.7813,0.74801,0.66147,Blanes,41.67759031855122,2.7813
8.7689,0.64913,0.75817,Rimbach,49.62055092909789,8.7689
11.18331,0.729763,0.681487,"Montarrenti Observatory, Siena",43.23280904445619,11.18331
21.55558,0.730958,0.680397,Astronomical Station Vidojevica,43.140264381991635,21.55558
1.05181,0.754546,0.654066,Vinyols,41.11041809234683,1.05181
11.22621,0.717604,0.694214,"Montevenere Observatory, Monzuno",44.24318997872144,11.22621
13.60995,0.727425,0.683915,"Valdicerro Observatory, Loreto",43.42629338461506,13.60995
13.4064,0.74042,0.67004,"Bellavista Observatory, L'Aquila",42.33492068938147,13.4064
103.067,0.61962,0.78241,"MASTER-II Observatory, Tunka",51.810128546599316,103.067
5.71239,0.721406,0.69035,"SATINO Remote Observatory, Haute Provence",43.932068389163206,5.71239
13.8786,0.73544,0.67537,"OACL Observatory, Mosciano Sant Angelo",42.75369287898223,13.8786
57.97633,0.916656,0.398354,"Al-Fulaij Observatory, Oman",23.629467206139463,57.97633
11.1764,0.72335,0.68818,"Osservatorio Casellina, Scandicci",43.76491733939262,11.1764
2.89631,0.746295,0.663419,"Observatori Can Roig, Llagostera",41.82667073960723,2.89631
42.6536,0.72388,0.68809,ASC-Kislovodsk Observatory,43.74021129181653,42.6536
23.93061,0.49592,0.865471,"Andean Northern Observatory, Nummi-Pusula",60.35276658762452,23.93061
2.05189,0.751414,0.657647,Observatori Petit Sant Feliu,41.3836348578603,2.05189
10.58892,0.715223,0.696709,"Rantiga Osservatorio, Tincana",44.44112445351291,10.58892
38.8569,0.7096,0.70225,Krasnodar,44.89414407799032,38.8569
42.50005,0.72958,0.682314,ISON-Terskol Observatory,43.27465978612932,42.50005
12.77017,0.747232,0.662472,"Associazione Tuscolana di Astronomia, Domatore",41.75028462516614,12.77017
6.2094,0.62867,0.77508,Wegberg,51.14252638147957,6.2094
8.9191,0.69024,0.72136,"Ghezz Observatory, Leontica",46.455140571065584,8.9191
5.6794,0.63139,0.77287,"Observatory Gromme, Maasmechelen",50.94159866978143,5.6794
8.90181,0.661976,0.747123,Gaertringen,48.64892784996026,8.90181
5.62797,0.723085,0.688551,Bastidan Observatory,43.79083085267811,5.62797
11.33806,0.69058,0.7209,"Filzi School Observatory, Laives",46.42279930672466,11.33806
11.56369,0.738665,0.671859,Cat's Eye Observatory,42.47997539903766,11.56369
113.3231,0.92,0.39061,"Nanchuan Observatory, Guangzhou",23.143680891946552,113.3231
11.31781,0.630848,0.773359,"Sternwarte F.Schiller-Gymnasium, Weimar",50.983399228451596,11.31781
113.96422,0.925155,0.37833,"Po Leung Kuk Observatory, Tuen Mun",22.376617694000117,113.96422
114.22,0.9245,0.3799,Hong Kong,22.474598399006823,114.22
114.358,0.86219,0.5049,Mt. Guizi Observatory,30.521409363928733,114.358
114.323,0.924955,0.378843,Hong Kong Space Museum Sai Kung iObservatory,22.40832687083634,114.323
115.71311,0.854733,-0.517343,"Zadko Observatory, Wallingup Plain",-31.355946731672777,115.71311
115.815,0.8492,-0.5263,Shenton Park,-31.961550403201244,115.815
115.81667,0.849044,-0.526558,"UWA Observatory, Crawley",-31.978891326762973,115.81667
0.51853,0.749367,0.659977,"OAIA, Alcarras",41.56174311858387,0.51853
117.08969,0.844095,-0.534439,"LightBuckets Observatory, Pingelly",-32.514145901791174,117.08969
117.08978,0.844104,-0.534424,"Tzec Maun Observatory, Pingelly (before 2010)",-32.513140114482496,117.08978
1.92131,0.722868,0.68875,"Peyrole Observatory, Peyrole",43.807693047474146,1.92131
3.80361,0.725021,0.686446,"Observatoire de Fontcaude, Juvignac",43.626683223206086,3.80361
2.18286,0.748708,0.660744,"Escaldarium Observatory,Caldes de Montbui",41.6198079520062,2.18286
118.4639,0.84204,0.53767,"Purple Mountain Observatory, XuYi Station",32.73436909154565,118.4639
11.0835,0.631405,0.772922,"Sternwarte Silbergraben, Erfurt",50.94281877470258,11.0835
10.09797,0.714476,0.69752,"Osservatorio Aldebaran, Rivalba",44.50437807660307,10.09797
119.59975,0.86277,0.504193,"JiangNanTianChi Observatory, Mt. Getianling",30.469454371502664,119.59975
120.6982,0.9273,0.37308,"Kenting Observatory, Checheng",22.049957693630375,120.6982
120.7839,0.92796,0.37148,"Kenting Observatory, Hengchun",21.950269139079737,120.7839
120.8736,0.91818,0.39597,Lulin Observatory,23.468641873690647,120.8736
120.8897,0.91801,0.39625,"Tataka, Mt. Yu-Shan National Park",23.487318269850565,120.8897
120.87325,0.918176,0.395972,"Lulin Widefield Telescope, Mt. Lulin",23.468838772925054,120.87325
8.43764,0.709383,0.702495,"Tecnosky Astropark, Felizzano",44.91289890295227,8.43764
122.04961,0.793971,0.605943,"Shandong University Observatory, Weihai",37.53592729379142,122.04961
13.33772,0.748318,0.661176,Frosinone,41.65322689573804,13.33772
10.71704,0.727431,0.683991,Osservatorio Astronomico Orciatico,43.42923597052385,10.71704
11.19084,0.723565,0.68797,"Piero Angela Observatory, Scandicci",43.74767658906106,11.19084
7.77039,0.707805,0.704162,"45th Parallel Observatory, Pino Torinese",45.044596127690994,7.77039
124.13928,0.911427,0.410157,Ishigakijima Astronomical Observatory,24.37286419316241,124.13928
21.49325,0.639594,0.766177,"Kamyk, Trzesn",50.33455072861355,21.49325
9.90265,0.671664,0.738525,Observatory Bad Wurzach,47.90601932022951,9.90265
11.56366,0.738665,0.671859,"BigBang Observatory, Manciano",42.47997539903766,11.56366
7.26381,0.652979,0.754898,Niederbexbach Observatory,49.33085676017916,7.26381
0.79444,0.757213,0.650992,L'Ametlla de Mar,40.87668601608989,0.79444
5.21519,0.720062,0.691654,"Vaucluse Observatoire Celeste, Blauvac",44.039484458999134,5.21519
1.94844,0.719539,0.692203,Plateau Astronomique La Couronne,44.08300658247503,1.94844
9.7975,0.707094,0.704768,"ULU Observatory, Caselle Landi",45.098031320030024,9.7975
127.482,0.63981,0.766,ISON-Blagoveschensk Observatory,50.318539447050064,127.482
127.483,0.63981,0.76601,"MASTER-II Observatory, Blagoveshchensk",50.318907010882455,127.483
127.9747,0.79571,0.6037,"Kangwon Science High School Observatory, Ksho",37.37283381042114,127.9747
11.67408,0.700775,0.711011,"Osservatorio Sideris Oculus, San Pietro in Gu",45.60780312203103,11.67408
128.88744,0.817572,0.573996,"Gimhae Astronomical Observatory, Uhbang-dong",35.2528826617037,128.88744
129.025,0.818419,0.572736,"KSA SEM Observatory, Danggam-dong",35.16562038525944,129.025
7.15617,0.723595,0.688001,"MARIAMIR, Saint-Jeannet",43.74777958211828,7.15617
13.55146,0.693649,0.718079,"Sparky's Stars, Masseris",46.183692074768494,13.55146
134.9131,0.82671,0.56075,"Suntopia Marina, Sumoto",34.32769960441968,134.9131
130.4494,0.83676,0.54575,Miyaki-Argenteus,33.28945118629839,130.4494
10.46138,0.719553,0.692176,"G. Pascoli Observatory, Barga (since June 2023)",44.081332589737166,10.46138
14.10967,0.740711,0.669613,"Fucama, Casalincontrada",42.30553034338538,14.10967
11.53481,0.702163,0.709679,"G. Beltrame, Arcugnano Vicenza",45.49741902992582,11.53481
9.14839,0.703654,0.708197,Civico Osservatorio Astronomico di Rozzano,45.3767785983058,9.14839
37.62472,0.586136,0.80753,"Tula Rooftop Observatory, Tula",54.20918748605688,37.62472
11.73622,0.702543,0.70927,"Osservatorio Galileo, Padova",45.46540891833005,11.73622
9.97013,0.646988,0.760014,JMU Space-Observatory,49.78262394147753,9.97013
133.4686,0.83505,0.54834,Tosa,33.46792586972285,133.4686
15.89225,0.685516,0.725682,"ObservaSTYRium, Stainz bei Straden",46.82240693004665,15.89225
16.36131,0.91963,-0.392207,"WAA Remote Observatory, Hakos",-23.23664214169066,16.36131
16.36139,0.919632,-0.392208,"SNX-NET, Hakos",-23.236649928530294,16.36139
134.6819,0.83041,0.5553,Nakagawa,33.94893512829664,134.6819
16.95608,0.772805,0.632534,Cariati,39.488771670289836,16.95608
2.00703,0.749354,0.660032,"AAT-Terrassa, Terrassa",41.56460668273129,2.00703
10.71736,0.727433,0.683988,TD-TRO (Tuscany Remote Observatory),43.42903186274072,10.71736
136.13281,0.822378,0.567077,Iga-Ueno,34.76856973971127,136.13281
138.63092,0.821212,-0.568722,"YSVP Observatory, Vale Park",-34.88448528368465,138.63092
138.9728,0.80392,0.59297,Gumma Astronomical Observatory,36.59644617997074,138.9728
138.2239,0.8031,0.59394,Nagano,36.66928571847782,138.2239
137.6317,0.83058,-0.55504,Wallaroo,-33.93107357118762,137.6317
138.4681,0.80501,0.59161,Miwa,36.49637056868691,138.4681
138.5086,0.8192,-0.5716,Hallet Cove,-35.086369147972064,138.5086
138.6597,0.82186,-0.56782,Ingle Farm,-34.82064252760988,138.6597
138.6407,0.83075,-0.5549,Penwortham,-33.91894977105841,138.6407
138.55,0.82079,-0.56931,Brooklyn Park,-34.926090443509445,138.55
139.3142,0.81635,0.57562,Hiratsuka,35.36966011812911,139.3142
140.3383,0.7871,0.6149,Yamagata,38.18459926381308,140.3383
140.342,0.82728,-0.55991,"RAS Observatory, Moorook",-34.269331167997656,140.342
140.825,0.79261,0.60775,Adati,37.66592155348523,140.825
140.94638,0.78292,0.620047,Osaki,38.5655205579963,140.94638
140.75516,0.786291,0.615826,Sendai Astronomical Observatory,38.25514584209037,140.75516
139.9962,0.80351,0.59335,"Takanezawa, Tochigi",36.62801025773375,139.9962
141.068,0.78035,0.62325,Kurihara,38.801466378080285,141.068
140.34216,0.827287,-0.559905,"Tzec Maun Observatory, Moorook",-34.268867485299175,140.34216
140.57,0.82752,-0.55956,Berri,-34.24493028284106,140.57
11.33409,0.717444,0.694448,Loiano TANDEM,44.259227434872535,11.33409
0.39123,0.717357,0.694422,"AstroKoT, Port-Ste-Marie",44.261628206250634,0.39123
144.2089,0.79902,-0.59937,Castlemaine,-37.05962527144081,144.2089
144.54142,0.798618,-0.599924,Barfold,-37.09895650467355,144.54142
145.3822,0.78756,-0.61419,"RAS Observatory, Officer",-38.13617756786167,145.3822
145.7403,0.96545,0.25977,"Pacific Sky Observatory, Saipan",15.156538261271837,145.7403
145.69721,0.957625,-0.287092,"Earl Hill Observatory, Trinity Beach",-16.794671303063286,145.69721
148.99889,0.820544,-0.56983,Murrumbateman,-34.95871331546741,148.99889
149.33431,0.855971,-0.515472,"Wobblesock Observatory, Coonabarabran",-31.227004291364384,149.33431
149.0814,0.85551,-0.5163,"Oakley Southern Sky Observatory, Coonabarabran",-31.281482543997146,149.0814
149.07085,0.855632,-0.516198,Siding Spring-Faulkes Telescope South,-31.27283412684346,149.07085
149.6627,0.84469,-0.53362,"Frog Rock Observatory, Mudgee",-32.456045961118726,149.6627
149.0642,0.85563,-0.51621,Siding Spring Survey,-31.27348451697684,149.0642
149.0969,0.81622,-0.57597,Wanniassa,-35.3904088594553,149.0969
149.11,0.81852,-0.57274,"Hunters Hill Observatory, Ngunnawal",-35.16247993294685,149.11
149.6061,0.82016,-0.57041,"Magellan Observatory, near Goulburn",-34.99869034025133,149.6061
149.36624,0.831684,-0.553656,"Grove Creek Observatory, Trunkey",-33.82964850671289,149.36624
150.3417,0.8329,-0.5519,Leura,-33.70686903871963,150.3417
151.02714,0.829819,-0.556191,"BDI Observatory, Regents Park",-34.010413547578544,151.02714
151.0958,0.83042,-0.55528,Kingsgrove,-33.947659514422945,151.0958
151.1032,0.832146,-0.552728,Marsfield,-33.77050767406876,151.1032
151.5667,0.8838,-0.4665,"Norma Rose Observatory, Leyburn",-27.985805357795478,151.5667
151.855,0.885337,-0.463616,"Univ. of Southern Queensland Obs., Mt. Kent",-27.79773593939233,151.855
151.07119,0.833596,-0.550574,Arcadia,-33.62120156216132,151.07119
150.7769,0.83176,-0.55329,"Tangra Observatory, St. Clair",-33.8097078118625,150.7769
153.117,0.88713,-0.45997,Rochedale (APTA),-27.563955261231804,153.117
153.3971,0.88414,-0.46566,"RAS Observatory, Biggera Waters",-27.933915374306636,153.3971
153.2667,0.8871,-0.46,Thornlands,-27.566283053501625,153.2667
150.64105,0.833196,-0.55121,"Kuriwa Observatory, Hawkesbury Heights",-33.66439365489272,150.64105
115.95533,0.845978,-0.531426,Mardella Observatory,-32.30979540542909,115.95533
138.89025,0.817664,-0.573796,Strathalbyn,-35.24043355022818,138.89025
139.57019,0.824586,-0.563855,"AUSTRALIA1/SRI, Swan Reach",-34.54400003501366,139.57019
147.09597,0.817401,-0.574196,"The Rock Regional Observatory, The Rock",-35.26794110510776,147.09597
149.08147,0.855509,-0.516305,TransAstra at Springbrook,-31.28175849129092,149.08147
149.06411,0.85562,-0.51621,GOTO South,-31.273781631863073,149.06411
149.08135,0.855509,-0.516305,"Slooh.com Australia, Coonabarabran",-31.28175849129092,149.08135
173.2617,0.75267,-0.65622,Nelson,-41.27446262623913,173.2617
173.95703,0.749648,-0.659621,"Wither Observatory, Witherlea",-41.53573533049374,173.95703
170.10187,0.717434,-0.694397,Twizel Observatory,-44.257523346207115,170.10187
174.894,0.800696,-0.597064,Farm Cove,-36.89580575115518,174.894
175.16937,0.75852,-0.649478,"Speranza Observatory, Otaki",-40.7618113071246,175.16937
175.654,0.76249,-0.64485,Turitea,-40.411594653779034,175.654
176.204,0.78759,-0.61421,"Geyserland Observatory, Pukehangi",-38.13602370037924,176.204
177.88331,0.782217,-0.62092,"Possum Observatory, Gisborne",-38.629919935928626,177.88331
203.74409,0.936241,0.351543,"Pan-STARRS 1, Haleakala",20.707294929191065,-156.25591
203.74409,0.936239,0.351545,"Pan-STARRS 2, Haleakala",20.707443225988154,-156.25591
201.941,0.932037,0.36116,"Ironwood Remote Observatory, Hawaii",21.31109823388877,-158.059
201.95283,0.929942,0.366558,"Ironwood Observatory, Hawaii",21.644638121103004,-158.04717
203.7425,0.936239,0.351538,Haleakala-Faulkes Telescope North,20.707065875337754,-156.2575
210.3842,0.9533,-0.301,"Hibiscus Observatory, Punaauia",-17.634069521708284,-149.6158
210.3842,0.9533,-0.301,"Tiki Observatory, Punaauia",-17.634069521708284,-149.6158
210.38381,0.953304,-0.301004,"Moana Observatory, Punaauia",-17.634219933295654,-149.61619
15.126,0.665508,0.74408,"AZM Martinsberg, Oed",48.38158862894962,15.126
8.16528,0.600977,0.796597,Universitaetssternwarte Oldenburg,53.152845388016964,8.16528
18.76539,0.653307,0.75465,"KYSUCE Observatory, Kysucke Nove Mesto",49.30732714437699,18.76539
18.26061,0.67862,0.732104,"Capricornus Observatory, Csokako",47.363005471218585,18.26061
7.14133,0.627502,0.776082,"Schuelerlabor Astronomie St. 7, Wuppertal",51.2307145898349,7.14133
354.53363,0.787181,0.614802,"Piconcillo, Sierra Morena",38.17729700721264,-5.4663699999999835
4.6715,0.61998,0.781996,"Dordrecht, Sterrenburg",51.779216639818465,4.6715
3.06386,0.719394,0.692378,Millau Observatory,44.096015384107325,3.06386
1.99694,0.748752,0.660794,"Observatorio Les Pedritxes, Matadepera",41.620288827546034,1.99694
0.61056,0.621784,0.780574,"SWF Observatory, South Woodham Ferrers",51.64753782724527,0.61056
354.45055,0.792574,0.607765,"Clavier Observatory, Lora Del Rio",37.66786437859102,-5.549449999999979
7.18379,0.630712,0.773465,"Breitenweg Observatory, Herkenrath",50.99328230406116,7.18379
8.3306,0.6214,0.7809,"Sternwarte EG, Lippstadt",51.67639927591474,8.3306
9.77164,0.45187,0.889105,"Astronomihagen, Fannrem",63.21408178859448,9.77164
7.0052,0.725247,0.686239,"Novaloop Observatory, Mougins",43.6091349103791,7.0052
9.1183,0.71116,0.7008,"Magroforte Observatory, Alessandria",44.77202215104287,9.1183
13.34869,0.787948,0.613701,"OmegaLab Observatory, Palermo",38.10031000875922,13.34869
11.20261,0.723508,0.688023,"BAS Observatory, Scandicci",43.75213611060444,11.20261
11.28056,0.712881,0.698947,"ALMO Observatory, Padulle",44.62693762904015,11.28056
12.746,0.63252,0.77202,"Immanuel Kant Observatory,Limbach",50.86059850222381,12.746
6.05989,0.727743,0.683615,Brignoles Observatory,43.401241723105876,6.05989
13.73789,0.796024,0.603377,Osservatorio Castrofilippo,37.34714096908914,13.73789
9.21439,0.655435,0.75277,"Experimenta Observatory, Heilbronn",49.144495518305334,9.21439
19.09234,0.675698,0.734739,"Vulpecula Observatory, Budapest",47.58870251685473,19.09234
9.0935,0.662443,0.746701,Dettenhausen,48.61283095083214,9.0935
288.105,0.70317,0.70867,Sherbrooke,45.41561411554386,-71.89499999999998
109.8236,0.82499,0.56338,"Fushan Observatory, Mt Shaohua",34.508347207133944,109.8236
0.72935,0.743842,0.666483,"Fabra Observatory, Montsec",42.05170320277168,0.72935
1.0085,0.6099,0.78983,"Wyncroft Observatory, Attleborough",52.51099516485136,1.0085
358.9124,0.77285,0.63263,Requena,39.49140173640783,-1.087600000000009
284.90719,0.704518,0.70732,Casselman,45.30613088067318,-75.09280999999999
13.7253,0.69946,0.71233,CCAT Trieste,45.71467828234483,13.7253
291.8204,0.921639,-0.387713,"Elena Remote Observatory, San Pedro de Atacama",-22.953283570215895,-68.1796
7.60879,0.623411,0.779293,Wickede,51.52883094352449,7.60879
13.7015,0.632547,0.772037,Oberfrauendorf,50.86001882100061,13.7015
249.15789,0.849476,0.526134,"Elephant Head Obsevatory, Sahuarita",31.94507369122012,-110.84210999999999
357.4525,0.797538,0.601812,Calar Alto-CASADO,37.22294804597696,-2.5475000000000136
248.57779,0.8229,0.566927,Lowell Discovery Telescope,34.74444172891127,-111.42221
356.76842,0.759967,0.647951,"Observatorio La Senda, Cabanillas del Campo",40.64115020594175,-3.231580000000008
291.82039,0.92164,-0.387711,"ROAD, San Pedro de Atacama",-22.9531551101168,-68.17961000000003
343.49174,0.88147,0.471441,Slooh.com Canary Islands Observatory,28.29977732095322,-16.508260000000007
264.73816,0.86704,0.496575,"Insperity Observatory, Humble",29.9670746819661,-95.26184
259.023,0.90391,0.42687,"Observatorio Astronomico UAdeC, Saltillo",25.427866002917792,-100.97699999999998
293.6879,0.83817,-0.54382,"Observatorio Buenaventura Suarez, San Luis",-33.15220672274712,-66.31209999999999
313.3061,0.92118,-0.38816,"Observatorio Longa Vista, Sao Paulo",-22.987260201602506,-46.693899999999985
253.63564,0.832748,0.55248,"Space Surveillance Telescope, Atom Site",33.73948710873193,-106.36436
244.66153,0.818022,0.573711,Pinto Valley Observatory,35.22461535350932,-115.33847
253.80654,0.819827,0.571261,"HillTopTop Observatory, Edgewood",35.04977093607602,-106.19345999999999
251.10148,0.849514,0.526196,"Harlingten Research Observatory, Rancho Hildalgo",31.946954210568528,-108.89851999999999
266.5943,0.70889,0.70302,Minnetonka,44.95421674877814,-93.40570000000002
253.33,0.84629,0.53134,"Organ Mesa Observatory, Las Cruces",32.29606410281139,-106.66999999999999
239.95778,0.823164,0.56599,"Byrne Observatory, Sedgwick Reserve",34.69147002628016,-120.04221999999999
237.49604,0.785917,0.616275,"Stone Edge Observatory, El Verano",38.288707762436474,-122.50396
240.58727,0.799043,0.599625,"Alder Springs Observatory, Auberry",37.070553188359916,-119.41273000000001
243.063,0.83295,0.55166,Hemet,33.69377759185156,-116.93700000000001
241.09533,0.816361,0.575651,Bakersfield,35.3707521511652,-118.90467000000001
237.9294,0.78983,0.61128,Walnut Creek,37.92410486430134,-122.07060000000001
236.8564,0.70171,0.71009,"Dilbert Observatory, Forest Grove",45.53248768861505,-123.14359999999999
237.818,0.791,0.60988,"Chabot Space and Science Center, Oakland",37.81934143418982,-122.18199999999999
237.453,0.67475,0.73559,"Maiden Lane Obs., Bainbridge Island",47.661777394251565,-122.547
240.33888,0.825544,0.562496,"Carroll Observatory, Montecito",34.448411940065206,-119.66112000000001
238.1524,0.7927,0.6076,Pleasanton,37.65593422346856,-121.8476
238.5469,0.72214,0.68971,"Sunriver Nature Center Observatory, Sunriver",43.87640514435916,-121.4531
238.6858,0.70152,0.71031,"Mill Creek Observatory, The Dalles",45.54911699321077,-121.3142
239.2911,0.77535,0.62979,Blue Canyon Observatory,39.274229364316845,-120.7089
238.3612,0.79616,0.60338,"Vulcan North, Lick Observatory, Mount Hamilton",37.342557992669555,-121.6388
238.9169,0.78135,0.62206,"Lake Forest Observatory, Forest Hills",38.71219006242461,-121.0831
239.365,0.78134,0.62225,"Rancho Del Sol, Camino",38.72108711809436,-120.63499999999999
240.225,0.78044,0.62355,"Sierra Stars Observatory, Markleeville",38.81170479163132,-119.775
241.0158,0.82829,0.5585,"Via Capote Sky Observatory, Thousand Oaks",34.16964367464585,-118.98419999999999
241.4547,0.82543,0.56273,"Francisquito Observatory, Los Angeles",34.463220388344205,-118.5453
241.6047,0.83216,0.55276,Rancho Palos Verdes,33.771594990140954,-118.39529999999999
241.82408,0.829301,0.55697,University Hills,34.064204194832065,-118.17591999999999
241.94,0.82804,0.55925,Mount Wilson-TIE,34.213424461883996,-118.06
242.88538,0.837429,0.544849,"Boulder Knolls Observatory, Escondido",33.225038815207384,-117.11462
243.2783,0.8351,0.5487,"Starry Knight Observatory, Coto de Caza",33.483648567761904,-116.7217
242.4178,0.83388,0.55015,"Altimira Observatory, Coto de Caza",33.59185690438022,-117.5822
243.7183,0.8274,0.5603,Baldwin Lake,34.28402997533981,-116.2817
244.3127,0.84158,0.53832,"Desert Wanderer Observatory, El Centro",32.780114909665244,-115.6873
243.6165,0.82718,0.5603,Goat Mountain Astronomical Research Station,34.291121823066824,-116.3835
240.5873,0.79904,0.59962,"Sierra Remote Observatories, Auberry",37.07042686269727,-119.4127
242.913,0.834904,0.548639,Temecula,33.48690598559884,-117.08699999999999
248.40057,0.849482,0.526455,"SARA Observatory, Kitt Peak",31.960584015749927,-111.59943000000001
250.11039,0.84274,0.53744,Mt. Graham-LBT,32.701570003728314,-109.88961
249.21084,0.845112,0.53361,Mount Lemmon SkyCenter,32.44260245694908,-110.78916000000001
247.56518,0.799502,0.599067,"Vermillion Cliffs Observatory, Kanab",37.02907980979916,-112.43482
249.0697,0.84645,0.5309,Tucson-Winterhaven,32.26974054448067,-110.93029999999999
248.1894,0.74666,0.66331,"Calvin M. Hooper Memorial Observatory, Hyde Park",41.808071102620175,-111.8106
247.8881,0.83064,0.55514,"LAMP Observatory, New River",33.933937255265825,-112.11189999999999
248.3069,0.81933,0.57197,"Kachina Observatory, Flagstaff",35.09953291005401,-111.69309999999999
248.9658,0.84301,0.53639,"Three Buttes Observatory, Tucson",32.64231338683325,-111.0342
249.1219,0.85208,0.52234,"Whipple Observatory, Mt. Hopkins--2MASS",31.680768050781243,-110.87809999999999
249.2814,0.8492,0.5266,"Jarnac Observatory, Vail",31.97621555490183,-110.71860000000001
249.3726,0.85215,0.52201,"Sonoita Research Observatory, Sonoita",31.66248448240483,-110.6274
249.9267,0.84971,0.52594,"Sonoran Skies Observatory, St. David",31.928503815751274,-110.07329999999999
249.7622,0.85404,0.51888,"Hereford Arizona Observatory, Hereford",31.452207942761238,-110.2378
249.21128,0.845107,0.533611,University of Arizona Mt. Lemmon Survey,32.44280453683192,-110.78872000000001
250.8694,0.84965,0.526,"Astronomical League Alpha Observatory, Portal",31.933253699877245,-109.13059999999999
251.34354,0.815037,0.578012,"Calvin-Rehoboth Observatory, Rehoboth",35.525490561936856,-108.65646000000001
251.8104,0.84192,0.53835,"NF Observatory, Silver City",32.77103436097296,-108.18960000000001
251.6987,0.84247,0.53746,Tyrone,32.71088682686729,-108.3013
252.81067,0.830474,0.556096,"Magdalena Ridge Observatory, Socorro",33.984919341001785,-107.18933000000001
253.3706,0.81146,0.58309,"Sulphur Flats Observatory, La Cueva",35.88242073872987,-106.6294
253.3553,0.81753,0.5744,"Sandia View Observatory, Rio Rancho",35.27327349687023,-106.6447
254.026,0.81388,0.57964,Santa Fe,35.64026849162015,-105.97399999999999
256.0707,0.77126,0.63477,"Edmund Kline Observatory, Deer Trail",39.6443524859909,-103.92930000000001
254.4713,0.840712,0.54031,"iTelescope Observatory, Mayhill",32.90338378649447,-105.52869999999999
254.47134,0.840711,0.54031,"7300 Observatory, Cloudcroft",32.9034148693449,-105.52866
254.47081,0.840705,0.540319,"BlackBird Observatory, Cloudcroft",32.90403664539638,-105.52919
255.5886,0.7707,0.63549,"Antelope Hills Observatory, Bennett",39.6967174383599,-104.41139999999999
254.47141,0.840711,0.540309,"Tzec Maun Observatory, Mayhill",32.90336650501617,-105.52859000000001
250.984,0.85029,0.52492,"LightBuckets Observatory, Rodeo",31.861070864561487,-109.01599999999999
254.47078,0.840712,0.540307,"TechDome, Mayhill",32.90323869342053,-105.52922000000001
248.25212,0.840489,0.540134,"Lenomiya Observatory, Casa Grande",32.901802695664436,-111.74788000000001
249.21233,0.846402,0.530995,"Morning Star Observatory, Tucson",32.27583569266427,-110.78766999999999
254.47156,0.840711,0.540308,"ISON-NM Observatory, Mayhill",32.903318140634624,-105.52843999999999
253.289,0.77152,0.63472,"HUT Observatory, Eagle",39.63264797208365,-106.71100000000001
254.38333,0.783783,0.619652,Angel Peaks Observatory,38.51696465591773,-105.61667
249.28798,0.849231,0.526572,"Vail View Observatory, Vail",31.973907483686165,-110.71202
263.86259,0.828144,0.558685,"Lone Star Observatory, Caney",34.18315634967647,-96.13740999999999
271.81682,0.77295,0.632393,"Eastern Illinois University Obs., Charleston",39.47722774920632,-88.18318
272.03173,0.772885,0.632471,"Astronomical Research Observatory, Westfield",39.48306022465188,-87.96827000000002
272.7371,0.77438,0.63062,Terre Haute,39.346375182607574,-87.2629
273.49858,0.862319,0.504671,"Pear Tree Observatory, Valparaiso",30.506289880896297,-86.50142
274.59881,0.733648,0.67731,"J. C. Veen Observatory, Lowell",42.905319231728235,-85.40118999999999
266.87082,0.714467,0.697388,"Harvest Moon Observatory, Northfield",44.49931781757479,-93.12918000000002
270.78922,0.735075,0.675789,"Doc Greiner Research Observatory, Janesvillle",42.7855851584431,-89.21078
266.23134,0.780074,0.623645,"Moonglow Observatory, Warrensburg",38.82909453819306,-93.76866000000001
263.2315,0.836912,0.545569,"Preston Hills Observatory, Celina",33.27595797878501,-96.76850000000002
262.5494,0.81372,0.5794,"Ivywood Observatory, Edmond",35.6343666471682,-97.45060000000001
262.5558,0.81808,0.57328,"University of Oklahoma Observatory, Norman",35.20241587091891,-97.44420000000002
263.33,0.87011,0.49123,"Star Ridge Observatory, Weimar",29.612412788935593,-96.67000000000002
263.6334,0.86174,0.50567,"Texas A&M Physics Observatory, College Station",30.572719451764957,-96.3666
264.1217,0.8099,0.58466,"Bixhoma Observatory, Bixby",36.00803366376131,-95.87830000000002
264.8258,0.846,0.53143,Chapel Hill,32.30931713945453,-95.17419999999998
264.9517,0.77423,0.63085,Leavenworth,39.362061845715246,-95.04829999999998
264.29345,0.780428,0.623229,"Sandlot Observatory, Scranton",38.797727054229405,-95.70655
265.2003,0.72947,0.68182,"Grems Timmons Observatories, Graettinger",43.258260692462336,-94.79969999999997
265.9864,0.75079,0.6584,"Timberline Observatory, Urbandale",41.439774459797455,-94.0136
266.6828,0.70944,0.70247,"S.O.S. Observatory, Minneapolis",44.90957758672508,-93.31720000000001
266.7306,0.82519,0.56302,Nubbin Ridge Observatory,34.48476974394163,-93.26940000000002
267.0742,0.8187,0.57238,Petit Jean Mountain,35.139590845203365,-92.92579999999998
267.5078,0.73568,0.67512,"Wartburg College Observatory, Waverly",42.73380096117728,-92.49220000000003
267.4998,0.81918,0.57163,Conway,35.08844152697066,-92.5002
267.7982,0.8188,0.5722,Cascade Mountain,35.12781593820795,-92.20179999999999
267.0831,0.8189,0.5721,"Arkansas Sky Obs., Petit Jean Mountain South",35.11981078031769,-92.9169
265.7297,0.77818,0.62602,"Ricky Observatory, Blue Springs",39.00361598980072,-94.27030000000002
269.1439,0.84639,0.53079,Vicksburg,32.266214382850116,-90.85610000000003
265.0139,0.79424,0.60565,"PSU Greenbush Observatory, Pittsburg",37.51316465647839,-94.98610000000002
266.8636,0.81712,0.57457,"ATU Astronomical Observatory, Russellville",35.29482023428212,-93.13639999999998
267.54139,0.819253,0.571536,"University of Central Arkansas Obs., Conway",35.081608157724915,-92.45861000000002
270.4003,0.73117,0.68011,"Greiner Research Observatory, Verona",43.11991366955505,-89.59969999999998
270.67354,0.739151,0.671335,"Hawkeye Observatory, Durand",42.43894284181567,-89.32646
271.22842,0.789618,0.611581,Thompsonville,37.94523891841998,-88.77157999999997
271.6514,0.71305,0.69883,"Cedar Drive Observatory, Pulaski",44.61535209502056,-88.34859999999998
271.8558,0.77283,0.63254,"Astronomical Research Observatory, Charleston",39.48812876224601,-88.14420000000001
272.16764,0.742693,0.667433,Northbrook Meadow Observatory,42.136357304653025,-87.83236
275.97246,0.75885,0.64915,"Ohio State University Observatory, Lima",40.735175129616124,-84.02753999999999
273.3353,0.82349,0.56548,"NASA/MSFC ALaMO, Redstone Arsenal",34.656689644660986,-86.66469999999998
273.3651,0.76362,0.64356,"Prairie Grass Observatory, Camp Cullom",40.31310857252202,-86.63490000000002
273.86542,0.767435,0.639034,"Heartland Observatory, Carmel",39.97310408729497,-86.13458000000003
281.41689,0.721533,0.69008,Newcastle,43.91583042161956,-78.58310999999998
274.4117,0.73335,0.67763,Calvin College Observatory,42.93042331750762,-85.5883
274.9276,0.75227,0.65672,"DeKalb Observatory, Auburn",41.3112012302244,-85.07240000000002
275.4364,0.77796,0.62623,"Thomas More College Observatory, Crestview Hills",39.020939203028405,-84.56360000000001
275.4364,0.77995,0.62381,"Waltonfields Observatory, Walton",38.84094736886768,-84.56360000000001
276.146,0.76956,0.63651,Yellow Springs,39.783583756367584,-83.85399999999998
276.16241,0.740813,0.669522,"Stonegate Observatory, Ann Arbor",42.297726891083315,-83.83758999999998
276.34824,0.854246,0.518152,"Red Barn Observatory, Ty Ty",31.41026534382385,-83.65176000000002
276.94463,0.76432,0.642741,"Perkins Observatory, Delaware",40.25122743285766,-83.05536999999998
277.4458,0.81412,0.57897,Asheville,35.60089766539367,-82.55419999999998
276.48282,0.852885,0.520378,Chula,31.560349299951238,-83.51718
278.2258,0.89584,0.44289,"Evelyn L. Egan Observatory, Fort Myers",26.460313628082964,-81.77420000000001
278.6351,0.7485,0.66097,"Lakeland Astronomical Observatory, Kirtland",41.63744197483926,-81.36489999999998
278.8747,0.87602,0.48066,"Bar J Observatory, New Smyrna Beach",28.915556872156316,-81.12529999999998
278.91856,0.749551,0.659816,"Indian Hill North Observatory, Huntsburg",41.54782159935242,-81.08143999999999
279.4133,0.90197,0.43036,"Oakridge Observatory, Miami",25.657256571863275,-80.58670000000001
279.7653,0.89877,0.43695,Buehler Observatory,26.079017765169883,-80.23469999999998
282.70896,1.000183,0.02103,"University of Narino Observatory, Pasto",1.2126478201988775,-77.29104000000001
280.4927,0.723258,0.688308,"York University Observatory, Toronto",43.77388085605706,-79.50729999999999
285.33567,0.763194,0.644015,"Halsted Observatory, Princeton",40.34886168585715,-74.66433
283.61539,0.738959,0.671615,"Hartung-Boothroyd Observatory, Ithaca",42.45825442355907,-76.38461000000001
281.7839,0.77836,0.62576,"CBA-NOVAC Observatory, Front Royal",38.9854952441169,-78.21609999999998
282.6641,0.77926,0.62463,"Timberlake Observatory, Oakton",38.90249986376759,-77.33589999999998
282.4961,0.73259,0.67843,"Northview Observatory, Mendon",42.99376837019331,-77.50389999999999
283.0029,0.77784,0.62638,Silver Spring,39.03197529285405,-76.99709999999999
283.1576,0.77693,0.62749,"CBA-East Observatory, Laurel",39.1144351495395,-76.8424
282.4361,0.79309,0.60708,"Fenwick Observatory, Richmond",37.618583574502,-77.56389999999999
283.7577,0.77295,0.63235,"Hope Observatory, Belcamp",39.47531584862893,-76.2423
284.2975,0.70235,0.70945,"Galaxy Blues Observatory, Gatineau",45.480547375648015,-75.70249999999999
284.4731,0.70267,0.70914,Ottawa,45.454980731699486,-75.52690000000001
285.04839,0.712263,0.69959,"Reynolds Observatory, Potsdam",44.678122285736734,-74.95161000000002
285.6211,0.76785,0.63849,Arcturus Observatory,39.93383592355528,-74.37889999999999
285.5758,0.75934,0.64853,Berkeley Heights,40.68982095098884,-74.42419999999998
285.5439,0.75781,0.65032,Cedar Knolls,40.82506693110622,-74.45609999999999
285.8212,0.758745,0.649211,"NJIT Observatory, Newark",40.74175771412334,-74.17880000000002
286.6142,0.69143,0.72005,"Observatoire des Pleiades, Mandeville",46.353842687919446,-73.38580000000002
287.20132,0.746487,0.663233,"Talcott Mountain Science Center, Avon",41.81136325634779,-72.79867999999999
287.2655,0.74987,0.65938,"Dark Rosanne Obs., Middlefield",41.516923231295934,-72.73450000000003
288.8036,0.7404,0.66992,"Sunhill Observatory, Newton",42.33058228122105,-71.19639999999998
288.2294,0.74794,0.66157,"Carbuncle Hill Observatory, Coventry",41.684554974349744,-71.7706
288.86253,0.740677,0.66963,"Clay Center Observatory, Brookline",42.30756364211469,-71.13747000000001
289.1949,0.86558,-0.49976,"Cerro Tololo Observatory, La Serena--2MASS",-30.16777830487602,-70.80509999999998
289.26626,0.87344,-0.486052,"European Southern Obs., La Silla--ASTROVIRTEL",-29.258880049025972,-70.73374000000001
289.3152,0.86693,-0.49697,Mamalluca Observatory,-29.989939627785116,-70.6848
289.298,0.87559,-0.48217,Las Campanas Observatory-TIE,-29.0036099868486,-70.702
289.8061,0.74801,0.66147,"Werner Schmidt Obs., Dennis-Yarmouth Regional HS",41.67759031855122,-70.19389999999999
288.0971,0.74279,0.66735,"Conlin Hill Observatory, Oxford",42.129089733849746,-71.90289999999999
290.6932,0.85116,-0.52394,"Alianza S4, Cerro Burek",-31.78684726577118,-69.30680000000001
289.80377,0.910166,-0.413875,Cerro Armazones,-24.597802722162047,-70.19623000000001
291.82,0.92165,-0.3877,"CAO, San Pedro de Atacama (until 2012)",-22.952348124109935,-68.18
289.26345,0.86502,-0.500901,"Gemini South Observatory, Cerro Pachon",-30.24071026198819,-70.73655000000002
288.87053,0.736679,0.673998,"Phillips Academy Observatory, Andover",42.64755630051121,-71.12947000000003
282.93006,0.779116,0.624793,"Burleith Observatory, Washington D.C.",38.91498147886921,-77.06993999999997
288.58931,0.740298,0.67004,"Tigh Speuran Observatory, Framingham",42.33962105285604,-71.41068999999999
288.70076,0.747034,0.662558,"Wishing Star Observatory, Barrington",41.76152298234949,-71.29924
291.82033,0.921638,-0.387715,"IAA-AI Atacama, San Pedro de Atacama",-22.953412030349796,-68.17966999999999
284.32206,0.748993,0.660451,"Thomas G. Cupillari Observatory, Fleetville",41.596363911628444,-75.67793999999998
281.3067,0.79038,0.6107,"Fan Mountain Observatory, Covesville",37.87840768810632,-78.69330000000002
295.40711,0.854834,-0.517422,"Observatorio El Gato Gris, Tanti",-31.35682594220846,-64.59289000000001
295.68161,0.838551,-0.543122,"Observatorio Astronomico Salvador, Rio Cuarto",-33.10660938816394,-64.31839000000002
295.8281,0.85465,-0.5176,"El Condor Observatory, Cordoba",-31.371065679279113,-64.1719
296.17399,0.71212,0.699724,"Abbey Ridge Observatory, Stillwater Lake",44.6893604862853,-63.82601
292.26649,0.714173,0.697623,"Frosty Cold Observatory, Mash Harbor",44.520757487840925,-67.73351000000002
282.2306,0.78534,0.61702,"Lake of the Woods Observatory, Locust Grove",38.34285089129626,-77.76940000000002
295.44381,0.850887,-0.523945,"ECCCO Observatory, Bosque Alegre",-31.795322389877605,-64.55619000000002
295.8214,0.85417,-0.51839,"Observatorio Kappa Crucis, Cordoba",-31.42423750483214,-64.17860000000002
284.0006,0.70401,0.70783,"Barred Owl Observatory, Carp",45.34744108556689,-75.99939999999998
289.0889,0.74643,0.66324,"Starhoo Observatory, Lakeville",41.81383778863129,-70.91109999999998
288.63304,0.738432,0.672081,"Middlesex School Observatory, Concord",42.49840678118107,-71.36696
299.3417,0.83966,-0.54131,Observatorio Geminis Austral,-32.98447438160206,-60.6583
299.3649,0.83995,-0.54086,Observatorio Astronomico del Colegio Cristo Rey,-32.95368626773667,-60.63510000000002
299.3464,0.83969,-0.54125,"Observatorio Beta Orionis, Rosario",-32.9806393475595,-60.65359999999998
289.26631,0.865052,-0.500865,"SOAR, Cerro Pachon",-30.237996390149455,-70.73369000000002
284.1297,0.76548,0.64134,Morgantown,40.146753591019255,-75.87029999999999
301.5572,0.82198,-0.56762,Sidoli,-34.80726055471343,-58.44279999999998
301.28271,0.819978,-0.570483,"Observatorio Los Campitos, Canuelas",-35.008110195456,-58.71728999999999
301.35275,0.825603,-0.56236,"Astrodomi Observatory, Santa Rita",-34.44003966486411,-58.647249999999985
302.02141,0.8544,-0.517885,"Observatorio Los Algarrobos, Salto",-31.392538904731886,-57.97859
301.42661,0.823342,-0.565652,"Observatorio Cruz del Sur, San Justo",-34.66965859486016,-58.57339000000002
289.26061,0.873472,-0.485986,La Silla--TRAPPIST,-29.254667525763157,-70.73939000000001
243.14022,0.836322,0.546875,Palomar Mountain--ZTF,33.35738266867821,-116.85978
288.9081,0.74895,0.66041,Westport Observatory,41.596231107429524,-71.09190000000001
261.90237,0.846901,0.530084,"Tarleton State University Obs., Stephenville",32.21620008643936,-98.09762999999998
273.5176,0.86201,0.50521,"Northwest Florida State College, Niceville",30.542032749124875,-86.48239999999998
301.4281,0.82326,-0.56577,"W Crusis Astronomical Observatory, San Justo",-34.67792010855709,-58.57190000000003
281.6108,0.76192,0.64558,"The Cottage Observatory, Altoona",40.464749687180124,-78.38920000000002
290.5503,0.81526,-0.57753,"Pierre Auger Observatory, Malargue",-35.49547940001253,-69.4497
295.6757,0.8034,-0.59348,"Observatorio El Catalejo, Santa Rosa",-36.63777644410991,-64.3243
253.98617,0.813183,0.580617,"Sunflower Observatory, Santa Fe",35.7092365405796,-106.01383000000001
254.47142,0.840712,0.540309,"P2 Observatory, Mayhill",32.903335422189315,-105.52858
283.0547,0.78133,0.62203,Clinton,38.71155728817744,-76.94529999999997
249.21108,0.845109,0.533609,"Steward Observatory, Mt. Lemmon Station",32.44264592642535,-110.78891999999999
356.3783,0.79822,0.60052,Armilla,37.14007703595582,-3.6216999999999757
353.03081,0.779853,0.623912,"Observatorio Las Vaguadas, Badajoz",38.84900470041318,-6.969190000000026
359.64214,0.772769,0.632566,Valencia,39.49150415703423,-0.3578600000000165
357.71066,0.801182,0.596429,"Observatorio Astronomico John Beckman, Almeria",36.84985157552569,-2.2893399999999815
359.3256,0.78579,0.61646,Elche,38.30157537337605,-0.6743999999999915
359.5374,0.77206,0.63345,Betera,39.55659947677151,-0.462600000000009
356.1558,0.72754,0.68377,"Observatorio Fuente de los matos, Muriedas",43.415706428669914,-3.8442000000000007
357.1781,0.67397,0.7363,Guernanderf,47.722282844992215,-2.821900000000028
352.1494,0.74047,0.66989,Ourense,42.32660835497221,-7.850599999999986
356.42639,0.767072,0.639561,Observatorio Helios Ontigola,40.00970690788905,-3.5736099999999738
358.833,0.62944,0.77446,"Cygnus Observatory, New Airesford",51.08585035273026,-1.1669999999999732
359.29386,0.623532,0.779182,Maidenhead,51.5194392298226,-0.7061400000000049
355.0796,0.80245,0.59491,Yunquera,36.73631697140582,-4.920399999999972
312.0,0.96235,-0.27153,"Taurus Australis Observatory, Brasilia",-15.857442973543952,-48.0
359.08753,0.62644,0.77687,Hartley Wintney,51.30646279967602,-0.9124699999999848
312.4981,0.96931,-0.24573,Pousada dos Anoes Observatory,-14.317320006581594,-47.50189999999998
352.0069,0.85232,0.5214,"AGM Observatory, Marrakech",31.627457678452476,-7.993100000000027
359.94158,0.604128,0.794217,"Gedney House Observatory, Kirton",52.926528475914424,-0.05842000000001235
353.6698,0.7733,0.63205,"Observatorio Los Milanos, Caceres",39.449247078250686,-6.330199999999991
355.9849,0.75923,0.64893,"Observatorio Carpe-Noctem, Madrid",40.71139004134812,-4.015100000000018
359.58711,0.670611,0.739353,"Salvia Observatory, Saulges",47.982661333286764,-0.4128900000000044
358.18739,0.629588,0.774337,"Baxter Garden Observatory, Salisbury",51.07481818394314,-1.8126100000000065
359.965,0.76735,0.6391,"Observatorio Los Caracoles, Castello",39.97914184355875,-0.03500000000002501
355.93681,0.761573,0.646107,"Observatorio Tesla, Valdemorillo",40.50072412121518,-4.06319000000002
316.0025,0.94119,-0.33714,"CEAMIG-REA Observatory, Belo Horizonte",-19.830329536170822,-43.9975
355.5721,0.8024,0.59481,"Observatorio Principia, Malaga",36.7334114142077,-4.427900000000022
357.6733,0.78743,0.61474,"AstroCamp, Nerpio",38.16568528012454,-2.3267000000000166
358.13328,0.590762,0.804183,"Rose Cottage Observatory, Keighley",53.88200873038714,-1.8667199999999866
356.20111,0.53351,0.842967,"Tarbatness Observatory, Portmahomack",57.84412360681348,-3.7988899999999717
343.5797,0.88105,0.47156,Guimar,28.31721538005082,-16.420299999999997
353.19,0.5963,0.80008,"Cherryvalley Observatory, Rathmolyon",53.48704126117595,-6.810000000000002
353.0212,0.77967,0.62415,"Cerro del Viento, Badajoz",38.86624991770043,-6.978799999999978
357.9848,0.80086,0.59686,Las Negras,36.88077225504066,-2.015199999999993
356.2739,0.76211,0.64543,"Observatorio UCM, Madrid",40.45112265233262,-3.726099999999974
352.9593,0.60121,0.79643,"Astroshot Observatory, Monasterevin",53.136421149094275,-7.040700000000015
356.0823,0.79287,0.60753,Fuensanta de Martos,37.646799505532,-3.917700000000025
357.6739,0.78744,0.61474,"iTelescope Observatory, Nerpio",38.16533177156809,-2.3260999999999967
351.5976,0.618315,0.783298,Blackrock Castle Observatory,51.90037693117187,-8.4024
357.6925,0.801192,0.596407,Retamar,36.848494134947664,-2.3075000000000045
353.95289,0.795987,0.603315,"Astreo Observatory, Mairena del Aljarafe",37.345585914274935,-6.047109999999975
359.79704,0.713717,0.698101,St Pardon de Conques,44.558672481252934,-0.20296000000001868
356.1367,0.76162,0.64603,"Observatorio Rho Ophiocus, Las Rozas de Madrid",40.495605718836416,-3.863299999999981
356.81394,0.771993,0.633666,Observatorio de la Hita,39.56863260177269,-3.1860599999999977
356.50384,0.758233,0.64996,"Hyperion Observatory, Urbanizacion Caraquiz",40.79355755592974,-3.496159999999975
359.50178,0.621889,0.780493,"Penn Heights Observatory, Rickmansworth",51.639936645027184,-0.49822000000000344
356.41339,0.757256,0.651181,El Berrueco,40.88330619638623,-3.5866100000000074
356.46043,0.763221,0.644121,"Observatorio Blanquita, Vaciamadrid",40.35251440983193,-3.539570000000026
359.5056,0.7688,0.63744,Segorbe,39.85257219178166,-0.49439999999998463
354.2845,0.739938,0.670609,"Observatorio Cielo Profundo, Leon",42.37771071820433,-5.71550000000002
359.555,0.78391,0.61884,Busot,38.47584085041345,-0.4449999999999932
355.1325,0.638787,0.766833,"Gothers Observatory, St. Dennis",50.39417663935904,-4.867500000000007
343.48818,0.881471,0.471466,"ESA Optical Ground Station, Tenerife",28.30101843871981,-16.51182
355.29639,0.749617,0.659822,"Bootes Observatory, Boecillo",41.54557610630147,-4.703610000000026
358.81247,0.604374,0.794039,"Trent Astronomical Observatory, Clifton",52.909130514561596,-1.187529999999981
353.89543,0.767881,0.638546,"Observatorio SPAG Monfrague, Palazuelo-Empalme",39.935170727585316,-6.104570000000024
359.6549,0.77127,0.63439,"Observatorio Zonalunar, Puzol",39.627132436623874,-0.3451000000000022
353.7917,0.5945,0.80141,Balbriggan,53.61529790688416,-6.208300000000008
359.59839,0.784437,0.618151,Alicante,38.42600579164009,-0.40161000000000513
351.31769,0.746984,0.662617,Matosinhos,41.76596295381951,-8.682309999999973
356.51061,0.758248,0.649949,Caraquiz,40.792517298930825,-3.4893900000000144
342.1208,0.87763,0.47851,La Palma-Liverpool Telescope,28.762574401188417,-17.879200000000026
345.99281,0.880303,0.472891,La Corte,28.405035568262598,-14.00718999999998
352.83061,0.75542,0.653125,Muxagata,41.03670671948206,-7.169390000000021
354.20356,0.584292,0.808826,"An Carraig Observatory, Loughinisland",54.33832177168173,-5.796440000000018
357.20313,0.609723,0.790018,Ragdon,52.52561028765114,-2.7968700000000126
356.906,0.60992,0.789845,"Dingle Observatory, Montgomery",52.51061332035571,-3.093999999999994
359.83036,0.764671,0.642359,El Maestrat,40.22145942210129,-0.16964000000001533
356.21926,0.762019,0.645541,Aravaca,40.45936514190768,-3.7807399999999802
356.08003,0.759065,0.649062,El Boalo,40.72330892519268,-3.919969999999978
342.13235,0.878415,0.476543,"Tacande Observatory, La Palma",28.641577879629153,-17.867650000000026
358.49361,0.671765,0.7383,Centre Astronomique de La Couyere,47.89304926462017,-1.5063900000000103
343.55719,0.881661,0.470499,Observatorio Altamira,28.246791859505183,-16.44281000000001
354.48883,0.728241,0.683076,"Penamayor Observatory, Nava",43.359115399784095,-5.511169999999993
356.98119,0.612507,0.787898,"The Spaceguard Centre, Knighton",52.32505323013715,-3.0188099999999736
355.96899,0.760373,0.647528,El Guijo Observatory,40.607537328221376,-4.031009999999981
356.21381,0.791408,0.609366,Jaen,37.781637089376886,-3.7861899999999764
346.34213,0.875695,0.481318,"Observatorio Nira, Tias",28.95774895885718,-13.657870000000003
356.293,0.761925,0.645666,"Observatorio Ventilla, Madrid",40.46833239010173,-3.7069999999999936
355.77411,0.802445,0.594759,La Axarquia,36.729516475202665,-4.225889999999993
352.97769,0.796769,0.602268,Aljaraque,37.270486987433095,-7.0223100000000045
359.906,0.62004,0.781953,"University of Hertfordshire Obs., Bayfordbury",51.774990077188114,-0.09399999999999409
355.22711,0.748695,0.660858,La Fecha,41.625209889264205,-4.772890000000018
356.02911,0.792167,0.608432,"Tucci Observatory, Martos",37.71250828861272,-3.970889999999997
356.94519,0.765179,0.641659,"Observatorio DiezALaOnce, Illana",40.17190311043286,-3.054809999999975
353.06469,0.796893,0.602104,Huelva,37.25867113480133,-6.935310000000015
353.60924,0.726887,0.684518,"Observatorio La Vara, Valdes",43.4726684386249,-6.39076
344.5636,0.88429,0.46547,Ingenio,27.92021735786327,-15.436399999999992
355.55847,0.802546,0.594601,Malaga,36.718764292243115,-4.44153
353.8189,0.59779,0.79897,Raheny,53.38056130826288,-6.181100000000015
359.6989,0.77138,0.63425,Puzol,39.616906934876305,-0.30110000000001946
352.13354,0.856441,0.515339,"Oukaimeden Observatory, Marrakech",31.206510467766883,-7.866460000000018
357.6552,0.73506,0.67596,"Observatorio Iturrieta, Alava",42.793394524890736,-2.3448000000000206
344.46735,0.883626,0.466916,"Observatorio Montana Cabreja, Vega de San Mateo",28.011650621561976,-15.53264999999999
346.3594,0.87569,0.48131,"Observatorio Montana Blanca, Tias",28.957484114076408,-13.640600000000006
346.444,0.87501,0.4826,Observatorio Nazaret,29.04138342885191,-13.555999999999983
343.696,0.87977,0.47393,"Observatory Mackay, La Laguna",28.472223876513223,-16.303999999999974
359.4482,0.78695,0.61496,Santa Pola,38.19262229046415,-0.5518000000000143
342.1176,0.87764,0.47847,La Palma-NEON,28.760278714384917,-17.88240000000002
343.72898,0.879789,0.473809,"Observatorio Atlante, Tenerife",28.465574750468154,-16.27102000000002
358.6608,0.74198,0.66826,Observatorio Pinsoro,42.19904037398587,-1.3392000000000053
354.89278,0.791142,0.609607,Posadas,37.8019354076798,-5.107219999999984
343.4906,0.88149,0.47142,Bradford Robotic Telescope,28.298169339047906,-16.509400000000028
344.3144,0.88549,0.46313,Los Altos de Arguineguin Observatory,27.768870830744945,-15.685600000000022
344.4536,0.88416,0.46624,Observatorio La Avejerilla,27.96290630681874,-15.546400000000006
358.89083,0.767822,0.63884,Centro Astronomico Alto Turia 1,39.95031986899549,-1.109170000000006
356.6644,0.62304,0.77959,"Brynllefrith Observatory, Llantwit Fardre",51.556074581320814,-3.3355999999999995
356.20256,0.726956,0.684386,"Observatorio Linceo, Santander",43.46443604461769,-3.7974399999999946
354.3406,0.74773,0.66201,"Tocororo Observatory, Arquillinos",41.71146678252451,-5.659400000000005
353.4264,0.59719,0.79942,"Brownstown Observatory, Kilcloon",53.423542974979796,-6.573599999999999
351.6345,0.59017,0.80459,"Kingsland Observatory, Boyle",53.923156142761215,-8.365499999999997
359.4831,0.78548,0.61683,San Gabriel,38.32929659286326,-0.516900000000021
359.3459,0.78871,0.61271,La Mata,38.028478868756196,-0.6541000000000281
353.4497,0.5983,0.7986,Celbridge,53.344456028891216,-6.550299999999993
357.7833,0.61071,0.78922,Kinver,52.452879651930424,-2.216700000000003
359.4667,0.77114,0.63457,Observatorio La Puebla de Vallbona,39.639862189465134,-0.533299999999997
357.7055,0.61813,0.78345,"Tweenhills Observatory, Hartpury",51.91409952636956,-2.2945000000000277
358.98034,0.631443,0.772863,"North Observatory, Clanfield",50.93899161520422,-1.0196599999999876
358.8404,0.78968,0.61149,"Obs. Astronomico Vega del Thader, El Palmar",37.93892327368903,-1.1596000000000117
357.8947,0.5935,0.80217,Willow Bank Observatory,53.68727010986624,-2.1052999999999997
358.9664,0.79065,0.61028,Valle del Sol,37.84982432356075,-1.0335999999999785
359.0833,0.6187,0.783,Quainton,51.87246979764258,-0.9166999999999916
357.0961,0.7295,0.68169,Bilbao,43.25163216352483,-2.9039000000000215
357.43471,0.789388,0.612222,"OAM Observatory, La Sagra",37.98244383291124,-2.5652900000000045
358.79718,0.790771,0.610163,La Murta,37.840254104069125,-1.2028199999999742
357.5947,0.63154,0.77276,"Golden Hill Observatory, Stourton Caundle",50.9309487271525,-2.405300000000011
358.8244,0.78887,0.61253,Murcia,38.014670595361395,-1.1755999999999744
358.38066,0.795516,0.603908,"Observatorio Calarreona, Aguilas",37.38909537470556,-1.6193400000000224
359.1083,0.70862,0.70323,Sainte Helene,44.97368630774717,-0.8917000000000144
358.13489,0.735984,0.674878,Guirguillano,42.71176442586731,-1.8651100000000156
357.3067,0.5935,0.8021,Leyland,53.68488412840241,-2.693300000000022
357.3883,0.59274,0.8027,"Olive Farm Observatory, Hoghton",53.74034635909116,-2.611699999999985
358.9803,0.63144,0.77285,"South Observatory, Clanfield",50.93865324744705,-1.0197000000000003
357.4833,0.5666,0.8213,Makerstoun,55.578579638499505,-2.5167000000000144
356.6153,0.7993,0.59968,Sierra Nevada Observatory,37.06421893470832,-3.3847000000000094
355.5067,0.76047,0.64753,La Canada,40.60401332936117,-4.4932999999999765
358.5592,0.63165,0.77266,"Strawberry Field Obs., Southampton",50.92243733736739,-1.4408000000000243
356.2861,0.76045,0.64739,Tres Cantos Observatory,40.59863625604675,-3.7139000000000237
358.5317,0.62251,0.78,West Challow,51.594482888189326,-1.4682999999999993
357.0483,0.7411,0.6692,"Alt emporda Observatory, Figueres",42.2729608735566,-2.9517000000000166
359.3487,0.62214,0.78031,Beaconsfield,51.62214611160119,-0.651299999999992
357.7426,0.61927,0.78255,"Mount Tuffley Observatory, Gloucester",51.83083969942359,-2.2574000000000183
357.7886,0.61909,0.7827,Abbeydale,51.84426683596729,-2.211400000000026
358.55301,0.624152,0.778715,Great Shefford,51.4749615308,-1.446990000000028
356.05669,0.735326,0.67569,Observatorio de Cantabria,42.771649576901865,-3.9433099999999968
359.5333,0.7754,0.6293,Alginet,39.25056685088859,-0.466700000000003
359.5344,0.77275,0.63259,Observatorio Manises,39.49326242757636,-0.4655999999999949
359.57808,0.772589,0.63279,Burjassot,39.50801165494781,-0.4219200000000001
8.94836,0.64263,0.763639,Hanau,50.10765438908529,8.94836
0.62091,0.618636,0.78306,"Astrognosis Observatory, Bradwell",51.877480685224725,0.62091
0.66761,0.622858,0.779718,"Eastwood Observatory, Leigh on Sea",51.568806091041296,0.66761
0.74411,0.744133,0.665979,Observatori AAS Montsec,42.01900191509224,0.74411
0.74416,0.74413,0.665983,"Lo Fossil Observatory, Ager",42.01928791941201,0.74416
1.02311,0.610689,0.789233,"Eden Observatory, Banham",52.454287607445096,1.02311
1.9995,0.749658,0.659703,"Observatorio Montagut, Can Sola",41.53889109526962,1.9995
2.4614,0.65973,0.74902,"Observatoire de Gravelle, St. Maurice",48.81749690342393,2.4614
1.88,0.75142,0.65773,"Observatorio Lledoner, Vallirana",41.3869945356676,1.88
2.24,0.74889,0.66051,Llica d'Amunt,41.60281713906804,2.24
5.4214,0.71851,0.69332,"Micro Palomar, Reilhanette",44.17015570253713,5.4214
2.88079,0.697458,0.71439,Observatoire de Pommier,45.87945583107349,2.88079
2.7267,0.77121,0.63447,Obsevatorio Astronomico de Marratxi,39.632871256692276,2.7267
2.9124,0.77015,0.63575,"Albireo Observatory, Inca",39.72834094801972,2.9124
2.9131,0.7709,0.63485,Observatorio de Sencelles,39.66104277758098,2.9131
3.75522,0.725152,0.686311,Murviel-les-Montpellier,43.61588538478316,3.75522
5.42106,0.71854,0.693283,Reilhanette,44.167431861172766,5.42106
7.02679,0.692802,0.718806,"Observatoire des Valentines, Bex",46.247626280004695,7.02679
7.5242,0.67588,0.7346,Hesingue,47.57562033562368,7.5242
5.64731,0.720582,0.691187,"PASTIS Observatory, Banon",43.99947762215399,5.64731
4.68015,0.642261,0.763954,"Danastro Observatory, Romeree",50.13547303694627,4.68015
4.9292,0.72101,0.69061,Saint-Saturnin-les-Avignon,43.95856772116899,4.9292
5.07611,0.724222,0.687283,"Les Barres Observatory, Lamanon",43.693108687046866,5.07611
9.4023,0.70168,0.71014,Gorgonzola,45.53572905643384,9.4023
6.86069,0.651487,0.756168,Schmelz,49.4432142572651,6.86069
5.7136,0.72157,0.69014,"Haute Provence Sud, Saint-Michel-l'Observatoire",43.91685139682577,5.7136
6.2201,0.64965,0.75775,Contern,49.58223634915095,6.2201
6.2094,0.68296,0.72816,"St-Martin Observatory, Amathay Vesigneux",47.02661820707464,6.2094
6.8947,0.63326,0.77137,Sternwarte Eckdorf,50.8041622344691,6.8947
7.78347,0.696415,0.715918,Stellarium Gornergrat,45.98348293897169,7.78347
7.14839,0.682674,0.728365,Luscherz,47.0466309336803,7.14839
7.00361,0.713656,0.698546,Osservatorio Astronomico di Bellino,44.57937431741113,7.00361
7.52964,0.716152,0.695733,"Maritime Alps Observatory, Cuneo",44.36379467197019,7.52964
7.49761,0.715775,0.696117,San Defendente,44.39467977792058,7.49761
7.7005,0.70697,0.70492,Turin,45.10923347643023,7.7005
8.16369,0.639883,0.765937,Huenfelden,50.313011312229136,8.16369
8.24887,0.645167,0.761522,Ebersheim,49.918188819874416,8.24887
8.3148,0.70738,0.70449,Cereseto,45.07514392478047,8.3148
8.91824,0.697505,0.714297,"M57 Observatory, Saltrio",45.87379838066784,8.91824
8.95556,0.71408,0.697844,Serra Observatory,44.53356045867398,8.95556
9.0135,0.66228,0.74685,Altdorf,48.625495106152655,9.0135
8.793,0.71113,0.70075,"Vegaquattro Astronomical Obs., Novi Ligure",44.77118668802629,8.793
8.3332,0.65685,0.75151,Knielingen,49.03584052109778,8.3332
9.8389,0.69215,0.7197,"OVM Observatory, Chiesa in Valmalencom",46.31014538779445,9.8389
9.97331,0.615161,0.785779,"Marienburg Sternwarte, Hildesheim",52.13040345542281,9.97331
10.49814,0.733299,0.677639,"Oss. Astronomico di Punta Falcone, Piombino",42.93278997682995,10.49814
10.9114,0.64561,0.76115,Bamberg,49.885018410077244,10.9114
10.68822,0.724257,0.687222,"BSCR Observatory, Santa Maria a Monte",43.689185566743696,10.68822
10.83881,0.705714,0.706127,"Keyhole Observatory, San Giorgio di Mantova",45.2091833015586,10.83881
11.18581,0.724381,0.687146,"Carpione Observatory, Spedaletto",43.681121333907626,11.18581
11.133,0.646903,0.760116,"Sternwarte Feuerstein, Ebermannstadt",49.79012646508218,11.133
11.65789,0.695636,0.716268,"Osservatorio del Celado, Castello Tesino",46.02951960622811,11.65789
7.6478,0.70548,0.70642,"Gwen Observatory, San Francesco al Campo",45.230567963503404,7.6478
12.04564,0.744479,0.665409,Marina di Cerveteri,41.98136215490142,12.04564
11.33678,0.728803,0.682494,Astronomical Observatory University of Siena,43.312674955955806,11.33678
7.765,0.645586,0.761172,Wallhausen,49.88688394179029,7.765
12.70497,0.732993,0.678008,Osservatorio di Foligno,42.96027187247414,12.70497
13.0444,0.69854,0.71317,Fiore Observatory,45.786121641589666,13.0444
7.4497,0.62655,0.77685,Gevelsberg,51.300834333532,7.4497
13.27744,0.620411,0.781663,"Elsterland Observatory, Jessnigk",51.74799696675013,13.27744
13.51069,0.568623,0.819848,Lindby,55.43594721300672,13.51069
13.6026,0.64741,0.75967,Rokycany Observatory,49.75141187877202,13.6026
13.84675,0.635514,0.769557,Teplice Observatory,50.63832612600066,13.84675
10.46252,0.719536,0.692195,"G. Pascoli Observatory, Barga (before June 2023)",44.082795039587346,10.46252
11.74397,0.644963,0.761748,Waizenreuth,49.935490272167016,11.74397
12.2339,0.71879,0.6929,Cesena,44.14164670647083,12.2339
12.62861,0.750491,0.658684,Osservatorio Astronomico di Anzio,41.46335816222003,12.62861
13.361,0.65835,0.75036,"Bayerwald Sternwarte, Spiegelau",48.927675267121494,13.361
14.90512,0.759709,0.64811,"Osservatorio Elianto, Pontecagnano",40.6577136463942,14.90512
10.9941,0.62938,0.77452,Riethnordhausen,51.0906892724165,10.9941
15.9736,0.78375,0.61901,Rosarno,38.489203898774605,15.9736
12.2159,0.65748,0.75101,Neutraubling,48.989766008051745,12.2159
16.3396,0.77485,0.63021,Celico,39.311064789435,16.3396
16.4158,0.75789,0.65029,Gravina in Puglia,40.820767331407396,16.4158
10.2364,0.64667,0.76025,"Muensterschwarzach Observatory, Schwarzach",49.80528147623473,10.2364
11.7289,0.68897,0.72269,"Astro Dolomites, Santa Cristina Valgardena",46.56052393111075,11.7289
7.62898,0.713488,0.69841,"BSA Osservatorio, Savigliano",44.580540911114994,7.62898
11.2903,0.6468,0.76019,"EHB01 Observatory, Engelhardsberg",49.797374319005584,11.2903
9.85356,0.718987,0.692718,"iota Scorpii Observatory, La Spezia",44.12627746947133,9.85356
11.05789,0.631175,0.773097,Erfurt,50.95937786744572,11.05789
16.63733,0.610859,0.789111,"Platanus Observatory, Lusowko",52.44230197032547,16.63733
13.78511,0.748666,0.660819,"P.M.P.H.R. Deep Sky Observatory, Atina",41.62463290552541,13.78511
17.5894,0.75937,0.64854,"Alphard Observatory, Ostuni",40.68913868183601,17.5894
11.04317,0.723487,0.68808,"Osservatorio Astronomico Beppe Forti, Montelupo",43.75533786947292,11.04317
10.75861,0.71834,0.693581,"Felliscopio Observatory, Fellicarolo",44.18770985972509,10.75861
6.03161,0.634354,0.770499,Kelmis,50.723997933201304,6.03161
10.18189,0.701516,0.710308,Brescia,45.54919966283946,10.18189
10.17011,0.646647,0.760288,Dettelbach Vineyard Observatory,49.807697882720056,10.17011
19.89367,0.671543,0.738689,"GINOP-KHK, Piszkesteto",47.91748219203921,19.89367
11.56339,0.738665,0.67186,"Digital Stargate Observatory, Manciano",42.48001787387879,11.56339
20.54577,0.714093,0.697776,Sopot Astronomical Observatory,44.53024769209286,20.54577
20.81019,0.845561,-0.532618,Sutherland-LCO A,-32.38058891329015,20.81019
20.81004,0.845561,-0.532618,Sutherland-LCO B,-32.38058891329015,20.81004
20.81011,0.84556,-0.53262,Sutherland-LCO C,-32.38071686401294,20.81011
20.81097,0.845561,-0.532606,Sutherland,-32.38000508137376,20.81097
20.81106,0.845555,-0.532613,"MASTER-SAAO Observatory, Sutherland",-32.38052952747532,20.81106
16.75119,0.77487,0.630302,Savelli Observatory,39.31443954623311,16.75119
7.18026,0.664361,0.74505,Freconrupt,48.46770840229557,7.18026
17.07217,0.608205,0.791142,"6ROADS Observatory 1, Wojnowko",52.6338500488748,17.07217
22.4535,0.663064,0.746102,Derenivka Observatory,48.563387823758006,22.4535
12.5375,0.74535,0.66446,"East Rome Observatory, Rome",41.90740149472591,12.5375
13.7493,0.704742,0.707169,"Visnjan Observatory, Tican",45.290908161306284,13.7493
20.81658,0.771051,0.634781,"NOAK Observatory, Stavraki",39.65246941406139,20.81658
14.73081,0.671765,0.738393,"SGT Observatory, Gaflenz",47.896639263449046,14.73081
23.5964,0.685544,0.725675,"ROASTERR-1 Observatory, Cluj-Napoca",46.82096340844378,23.5964
10.0699,0.70093,0.71089,"Dridri Observatory, Franciacorta",45.59659413498832,10.0699
9.25403,0.69628,0.715445,"Sormano 2 Observatory, Bellagio Via Lattea",45.97011101056344,9.25403
14.56406,0.760166,0.647727,"Osservatorio Salvatore di Giacomo, Agerola",40.623946085817636,14.56406
24.39447,0.497926,0.864325,"Metsahovi Optical Telescope, Metsahovi",60.22051521791449,24.39447
20.80987,0.845559,-0.532619,Sutherland-LCO Aqawan A #1,-32.38069885788579,20.80987
22.6186,0.78943,0.61203,Kryoneri Observatory,37.97224812024045,22.6186
17.2092,0.50421,0.8607,Sandvreten Observatory,59.80520824735537,17.2092
2.67789,0.629068,0.774754,Koksijde,51.113031601927254,2.67789
25.62193,0.700409,0.711479,"Stardust Observatory, Brasov",45.64161152125045,25.62193
4.92247,0.698669,0.713095,Planetarium de Vaulx-en-Velin Observatory,45.77782189905929,4.92247
25.97839,0.708234,0.703665,"St. George Observatory, Ploiesti",45.00701102458155,25.97839
26.04561,0.70582,0.706098,"Stardreams Observatory, Valenii de Munte",45.20370421539366,26.04561
2.7114,0.74071,0.66964,Observatori Astronomic Albanya,42.306718856666535,2.7114
26.71828,0.659348,0.749399,"QOS Observatory, Zalistsi",48.848303748342865,26.71828
11.15258,0.716257,0.695653,"Osservatorio Felsina AAB, Montepastore",44.35630227032382,11.15258
18.32069,0.722441,0.689239,"AG_Sarajevo Observatory, Sarajevo",43.84492142648617,18.32069
27.42128,0.720179,0.691479,"Ostrov Observatory, Constanta",44.02758741814187,27.42128
27.66953,0.692963,0.718573,Barlad Observatory,46.231696826354884,27.66953
27.8319,0.70211,0.70968,Schela Observatory,45.49962151816179,27.8319
27.9289,0.89882,-0.43743,Gauteng,-26.102605474424436,27.9289
14.43739,0.598174,0.7987,Smolecin,53.35367116228864,14.43739
11.81019,0.743368,0.666653,"Sanderphil Urban Observatory, Civitavecchia",42.077136553161694,11.81019
5.64704,0.720583,0.691197,"29PREMOTE Observatory, Dauban",43.99985210795835,5.64704
15.46339,0.758034,0.650341,ISON-Castelgrande Observatory,40.817605355485455,15.46339
18.0169,0.91802,-0.39574,"Drebach-South Observatory, Windhoek",-23.46012968368528,18.0169
7.51469,0.624126,0.778737,"Lohbach Observatory, Benninghofen",51.476913314098276,7.51469
12.85615,0.632524,0.772019,"RaSo Observatory, Chemnitz",50.86038477971359,12.85615
20.81044,0.845576,-0.532593,Korea Microlensing Telescope Network-SAAO,-32.3789129123694,20.81044
29.9546,0.67379,0.73646,Ananiv,47.73609664423531,29.9546
14.02061,0.789742,0.611548,"Galhassin Robotic Telescope, Isnello",37.939377124206295,14.02061
30.5086,0.64055,0.76537,"DreamSky Observatory, Lisnyky",50.26281730722729,30.5086
14.78008,0.645319,0.761467,Ondrejov--BlueEye600 Telescope,49.90950049348127,14.78008
353.73883,0.803937,0.592739,"Observatorio Alnitak, El Puerto de Santa Maria",36.58518137743467,-6.261169999999993
9.69997,0.615648,0.785407,"Gartensternwarte Schafsweide, Sehlde",52.09527856562899,9.69997
11.04031,0.723062,0.68849,"Osservatorio Spica, Signa",43.78920547284776,11.04031
6.95681,0.654011,0.754011,Sternwarte Saarbruecken Rastpfuhl,49.25281913748274,6.95681
12.30181,0.720683,0.691022,Ponte Uso,43.98862954438735,12.30181
11.5633,0.7367,0.674,Observatory-Astrocamp Manciano,42.646827141276376,11.5633
0.74439,0.744131,0.665982,"Ager, Leida",42.019206845795175,0.74439
6.22111,0.688185,0.72336,"AstroVal, Le Chenit",46.619639164029586,6.22111
15.06243,0.793975,0.605979,"ObsCT, Catania",37.53743237111846,15.06243
356.11939,0.762017,0.645574,Observatorio Majadahonda,40.46088547954695,-3.88060999999999
12.50711,0.725542,0.685961,"Osservatorio Astronomico, Piobbico",43.585904585516126,12.50711
23.56873,0.674816,0.735566,"CNVL Observatory, Baia Mare",47.65805675557795,23.56873
13.0073,0.671444,0.738747,"VEGA-Sternwarte, Dorfleiten",47.9239214843189,13.0073
34.0114,0.71157,0.70039,"GenShtab Observatory, Nauchnyi",44.73874673336573,34.0114
34.0164,0.71169,0.70028,"MARGO, Nauchnyi",44.729416671087726,34.0164
34.01694,0.711679,0.700287,MASTER-Tavrida,44.73014579158265,34.01694
9.03381,0.699589,0.712226,"Aldo Agnetti Observatory, Como",45.705215313397176,9.03381
22.88878,0.700704,0.711156,"Berthelot Observatory, Hunedoara",45.616545484310734,22.88878
35.0875,0.666222,0.743283,"Sura Gardens, Dnipro",48.320587730912095,35.0875
8.05858,0.63896,0.766697,"Sternwarte Limburg, Limburg",50.381564259908,8.05858
26.90419,0.688762,0.722601,"Bacau Observatory, Bacau",46.56563817736187,26.90419
30.57108,0.69171,0.719771,Heavenly Owl observatory,46.33116633401497,30.57108
1.22606,0.651546,0.756108,"Compustar Observatory, Rouen",49.438405100224756,1.22606
30.69722,0.644961,0.761695,"Popovich Observatory, Ivanivka",49.93361399222327,30.69722
20.81028,0.845575,-0.532593,"MONET South, Sutherland",-32.37894355706844,20.81028
12.52889,0.719467,0.692209,"Hypatia Observatory, Rimini",44.086120078221036,12.52889
11.00914,0.723671,0.687849,"HOB Observatory, Capraia Fiorentina",43.73844993143323,11.00914
9.36314,0.701822,0.710005,"Martesana Observatory, Cassina de Pecchi",45.524487475082466,9.36314
8.82831,0.602059,0.795784,"Bredenkamp Observatory, Bremen",53.07528007309652,8.82831
20.81122,0.845577,-0.532615,"MeerLICHT-1, Sutherland",-32.37995262682069,20.81122
37.79889,0.561057,0.825033,"Cherkizovo Observatory, Moscow Oblast",55.96138960088379,37.79889
25.53683,0.830048,-0.555874,"PESCOPE, Port Elizabeth",-33.98794151056965,25.53683
28.2142,0.90084,-0.43323,"LaCaille Observatory, Pretoria",-25.83436051915931,28.2142
15.92333,0.698145,0.7136,"Zvjezdarnica Graberje, Zagreb",45.819580265267334,15.92333
38.5839,0.71089,0.70101,"Vedrus Observatory, Azovskaya",44.791483419056696,38.5839
38.6928,0.55979,0.82589,Melezhy Astrophoto Observatory,56.04901066531728,38.6928
11.26183,0.724459,0.687083,"Beato Ermanno Observatory, Impruneta",43.67541616466515,11.26183
14.21109,0.757212,0.651048,"AstroColauri, Naples",40.879162251791165,14.21109
26.46394,0.527292,0.846853,Tartu Observatory of Tartu University,58.26401513693566,26.46394
39.65161,0.68353,0.727483,"Nomad Observatory, Kochevanchik",46.97619439466865,39.65161
39.82025,0.678927,0.731765,"RDSS, Kovalevka",47.33686815548685,39.82025
14.78,0.75943,0.64844,"San Marco Observatory, Salerno",40.6825332036615,14.78
18.22039,0.696477,0.715222,"BOSZA Observatory, Szalanta",45.953085573031274,18.22039
18.0175,0.91802,-0.39574,"SpringBok Observatory, Tivoli",-23.46012968368528,18.0175
16.36169,0.919631,-0.392204,Skygems Namibia Remote Observatory,-23.23646067538125,16.36169
352.6795,0.775227,0.629726,"Crow Observatory, Portalegre",39.27583047803397,-7.320499999999981
356.22231,0.791355,0.609451,"UJA Observatory, Jaen",37.787364867081415,-3.777690000000007
41.27989,0.695443,0.716182,"Kairos Observatory, Letnik",46.0340261017002,41.27989
15.86325,0.766873,0.63983,"BiAnto Observatory, Lauria",40.02889306828076,15.86325
9.2631,0.7114,0.70062,"Giordano Bruno Observatory, Brallo",44.75499722828203,9.2631
16.36189,0.919631,-0.392204,"Moonbase South Observatory, Hakos",-23.23646067538125,16.36189
16.5422,0.77721,0.62746,"Stazione Astronomica Le Pleiadi, Pantane",39.10298920320896,16.5422
11.14439,0.722146,0.689445,"PAO, Prato",43.865166665055156,11.14439
15.97949,0.78412,0.61856,"ABObservatory, Rosarno",38.45573703203588,15.97949
13.8078,0.74776,0.66189,"Antares MTM Observatory, S. Donato",41.70516587138046,13.8078
16.00211,0.781423,0.621967,San Costantino,38.705397543588255,16.00211
1.77221,0.752844,0.65601,"Garraf Observatory, Sant Pere de Ribes",41.25880534888552,1.77221
354.14561,0.728187,0.683146,"Observatorio MOMA, Oviedo",43.364167100753775,-5.8543900000000235
358.95159,0.793164,0.607,Observatorio Astronomico de Cartagena,37.61234830568894,-1.0484099999999899
44.2745,0.7634,0.64416,ISON-Byurakan Observatory,40.34759635433391,44.2745
357.99161,0.624666,0.778298,"Castle Fields Observatory, Calne",51.43701852063479,-2.00839000000002
357.43425,0.789394,0.612232,"La Sagra Observatory, Puebla de Don Fadrique",37.982686546988155,-2.56574999999998
30.60281,0.635913,0.769201,Novosilky,50.60768961391516,30.60281
26.21155,0.490116,0.868754,"Viestikallio, Artjarvi",60.73447071312395,26.21155
35.04073,0.866349,0.4979,Weizmann Astrophysical Observatory,30.05298366850681,35.04073
0.86386,0.754439,0.654271,Astropriorat Observatory,41.123338774981264,0.86386
2.25822,0.750568,0.658591,Badalona Boreal,41.45642721275784,2.25822
1.4256,0.74764,0.66207,"Pujalt Observatory, Barcelona",41.71747179228938,1.4256
1.33161,0.729979,0.681267,"Observatoire de la Nine, Canens",43.215115263220696,1.33161
0.74381,0.74413,0.665983,"PeLe's Observatory, Ager",42.01928791941201,0.74381
10.29447,0.594202,0.801641,Siek,53.636900219871386,10.29447
4.0381,0.62786,0.77573,"CHON, Stekene",51.20206662436539,4.0381
5.60094,0.630164,0.773882,Observatory Gromme - Oudsbergen,51.0327395512698,5.60094
6.85411,0.724305,0.687343,"CPF Observatory, St Vallier de Thiey",43.69232733642863,6.85411
5.64718,0.720589,0.691192,"Novaastro Observatory, Banon",43.99940660679368,5.64718
47.8639,0.55891,0.82648,Puschino,56.10969951078968,47.8639
7.7425,0.662866,0.746267,"Lucie Berger Observatory, Strasbourg",48.57816299515388,7.7425
8.78939,0.699981,0.711832,Schiaparelli Gallarate Station,45.673324540184005,8.78939
9.1506,0.70039,0.71142,"Virgo Oservatory, Seveso",45.64001331413889,9.1506
9.77319,0.719401,0.692358,Osservatorio Il Coreggiolo,44.09490964748109,9.77319
9.80922,0.719163,0.692525,"SN1572 Tycho Observatory, La Spezia",44.111289960517446,9.80922
11.83939,0.639618,0.766239,Koeditz,50.335772404324494,11.83939
13.88327,0.709976,0.701881,"Osservatorio Explorer, Pula",44.86391143878888,13.88327
13.01169,0.690044,0.721515,"Polse di Cougnes Observatory, Zuglio",46.469412910797075,13.01169
16.36144,0.91963,-0.392206,"Schiaparelli Southern Observatory, Hakos",-23.23658918175865,16.36144
20.81059,0.845564,-0.532612,"ATLAS South Africa, Sutherland",-32.380205060763245,20.81059
16.6035,0.679955,0.730852,"ELTE Gothard Observatory, Szombathely",47.258012547609454,16.6035
16.2005,0.787195,0.614649,"La Macchina del Tempo, Ardore Marina",38.16987316057369,16.2005
23.8283,0.47849,0.87517,"Einarin Observatory, Tampere",61.49452607741373,23.8283
11.13494,0.723236,0.688304,"Zen Observatory, Scandicci",43.77458514973212,11.13494
10.7175,0.72743,0.68399,"Elijah Observatory, Lajatico",43.429233473126004,10.7175
20.81064,0.845568,-0.532607,"Lesedi Telescope-SAAO Observatory, Sutherland",-32.37983921504314,20.81064
12.24864,0.718724,0.692984,"O.M.Ni.A. Observatory, Cesena",44.14774734664364,12.24864
25.62,0.70038,0.711516,"Zeta Aquarii Observatory, Brasov",45.6442867960309,25.62
26.21281,0.49013,0.868745,"Ursa Havaintokeskus,  Artjarvi",60.73351961742941,26.21281
22.70919,0.665464,0.743964,"Sunny Transcarpathian, Mukachevo",48.37903415626844,22.70919
34.76334,0.861632,0.506111,"OWL-Net, Mitzpe Ramon",30.597743031199713,34.76334
17.27363,0.665591,0.743936,"AGO70, Astronomical Observatory, Modra",48.3725345609818,17.27363
26.61669,0.688654,0.722734,"PS Observatory, Parjol",46.575388305501704,26.61669
13.79647,0.699732,0.71209,"Opicina, Trieste",45.693892640885586,13.79647
13.91243,0.696956,0.714892,"Astronomsko drustvo Nanos, Ajdovscina",45.92018638770071,13.91243
21.76719,0.671089,0.738924,"Harsona Observatory, Nyiregyhaza",47.94581959887485,21.76719
22.95888,0.760013,0.64775,"AUTH Observatory, Thessaloniki",40.63065104230076,22.95888
31.82708,0.867372,0.496143,"OSTS-NRIAG, Kottamia",29.93601403103922,31.82708
39.25827,0.930706,0.364567,Jeddah,21.521801614462213,39.25827
54.6708,0.9099,0.41343,"Emirates Observatory, Al Rahba",24.580817292641495,54.6708
54.68478,0.912805,0.407034,"Al Sadeem Observatory, Abu Dhabi",24.176306472547385,54.68478
54.92031,0.912502,0.407722,"Al-Khatim Observatory, Abu Dhabi",24.219596022144703,54.92031
25.76889,0.697617,0.714205,"Starhopper Observatory, Sfantu Gheorghe",45.86551248346921,25.76889
55.45033,0.90528,0.423399,"Althuraya Astronomy Center, Dubai",25.21347418487619,55.45033
55.46205,0.904763,0.424484,"Sharjah Observatory, Sharjah",25.282672948123782,55.46205
15.09222,0.794277,0.605535,"GAC - Via L. Sturzo Observatory, Catania",37.50662021141786,15.09222
16.36172,0.91963,-0.392206,"IAS Remote Observatory, Hakos",-23.23658918175865,16.36172
11.56375,0.738663,0.671862,"Virtual Telescope Project, Manciano",42.480180090286794,11.56375
9.22697,0.6555,0.752709,"Robert Mayer Sternwarte, Heilbronn",49.139386940151375,9.22697
8.5785,0.758941,0.649052,Sassari,40.72750071722555,8.5785
10.28219,0.585977,0.807623,"CAS Observatory, Preetz",54.219691095657055,10.28219
7.07781,0.72514,0.686335,Observatoire Albireo de Biot,43.61735952773521,7.07781
19.987,0.656685,0.751814,"Luckystar Observatory, Vazec",49.05443707118524,19.987
9.17483,0.700833,0.710985,Varedo,45.60438532290425,9.17483
14.0202,0.790651,0.610701,"Wide-field Mufara Telescope, Isnello",37.868934540886734,14.0202
16.36133,0.91963,-0.392207,"VdS Remote Observatory, Hakos",-23.23664214169066,16.36133
7.22883,0.680334,0.730616,"Rondchamp Observatory, Reconvilier",47.232874165456344,7.22883
11.32554,0.717411,0.694492,"Virgil Observatory, Loiano",44.262359191957714,11.32554
6.58581,0.624893,0.778108,Observatory Moers Kapellen,51.42005181425007,6.58581
7.13417,0.679741,0.731214,Lajoux Observatory,47.281143582752314,7.13417
18.36969,0.768886,0.637286,"RPF Observatory, Gagliano del Capo",39.84260916177192,18.36969
0.23964,0.631065,0.77317,"Holbrook, Heathfield",50.96690979522533,0.23964
28.32494,0.485072,0.871558,"Mustola Observatory, Lappeenranta",61.06479874078557,28.32494
32.84019,0.820917,0.569526,"SNX-NET, Prodromos",34.93213173434882,32.84019
58.63631,0.591867,0.803429,"Kolobov Observatory, Magnitogorsk",53.80540213522303,58.63631
37.83052,0.563964,0.823064,"School 1502 Rooftop Obs., Moscow",55.76026153128487,37.83052
54.74547,0.917029,0.397543,Emirates Astronomical Observatory L.L.C,23.578072064742205,54.74547
26.40409,0.875173,-0.482645,"BOOTES-6, Bloemfontein",-29.0391214080655,26.40409
22.99562,0.760788,0.646852,"AUTH Astronomical Station, Noesis",40.56252274624637,22.99562
32.84017,0.820914,0.569524,"AUTH Astronomical Station, Cyprus",34.93213557410449,32.84017
54.74531,0.917018,0.397539,"Eden Emirates Observatory, Abu Dhabi",23.578112677238263,54.74531
39.51155,0.699085,0.712651,"Online observatory, Peschany",45.74293898480006,39.51155
39.96553,0.71811,0.693769,Mezmay Comet Search Center,44.20464137752686,39.96553
65.4286,0.54672,0.83452,Chervishevo,56.946119405474164,65.4286
73.7253,0.57847,0.81298,Omsk-Yogik Observatory,54.74811797383272,73.7253
74.3694,0.85369,0.51909,"Zeds Astronomical Observatory, Lahore",31.472985517894564,74.3694
74.44422,0.853321,0.51969,"Eden Astronomical Observatory, Lahore",31.51350322603708,74.44422
76.97181,0.732126,0.679511,Tien-Shan Astronomical Observatory,43.05737820664405,76.97181
77.1167,0.16712,-0.98328,"Plateau Observatory for Dome A, Kunlun Station",-80.41745619559713,77.1167
77.13931,0.785023,0.617693,"Shache Station, Langan Village",38.384503692541145,77.13931
78.96383,0.842176,0.538692,"Himalayan Chandra Telescope, IAO, Hanle",32.77966785895456,78.96383
78.96461,0.842178,0.538687,"GROWTH India Telescope, IAO, Hanle",32.779363847166536,78.96461
79.6853,0.872572,0.487612,International Liquid Mirror Telescope,29.361569736696264,79.6853
80.02674,0.846505,0.532071,"Purple Mountain Observatory, Jiama'erdeng",32.32507406575185,80.02674
80.02623,0.846497,0.532089,"Corona Borealis Observatory, Ngari, Tibet",32.32619457348846,80.02623
80.02675,0.846503,0.532073,"Jiama'erdeng Tianwentai JIST project, Ali, Tibet",32.325232549145476,80.02675
80.046,0.846724,0.53182,"YLT, NAOC",32.30616403915752,80.046
85.95494,0.641844,0.76445,Multa Observatory,50.17207261756926,85.95494
86.23504,0.749549,0.659927,"LW-1, NAOC-Korla",41.55268158124396,86.23504
87.17701,0.727046,0.684749,Megrez-NAOC,43.4760638279219,87.17701
87.17852,0.72707,0.684719,"Xingming Observatory-KATS, Nanshan",43.47386614646375,87.17852
87.17503,0.727076,0.68472,"Nanshan Station, Xinjiang Observatory",43.473671851377,87.17503
87.17322,0.727098,0.684697,"Xingming Observatory #3, Nanshan",43.47184532050509,87.17322
87.17906,0.727107,0.684682,"Xingming Observatory #2, Nanshan",43.4708645073079,87.17906
88.72792,0.675788,0.734831,Altay Astronomical Observatory,47.58847483829498,88.72792
89.75361,0.725576,0.686265,"Xingyuan Observatory #2, Qitai",43.59724160257507,89.75361
90.52614,0.866434,0.498958,"Galaxy Tibet YBJ Observatory,Yangbajing",30.103291550748406,90.52614
93.88669,0.783127,0.62073,"Purple Mountain Observatory, Lenghu-1",38.58888653245297,93.88669
93.89522,0.782966,0.621021,"WFST, Lenghu",38.60772351008548,93.89522
98.48553,0.948521,0.316891,"TRT-NEO, Chiangmai",18.589912571539788,98.48553
101.04528,0.902014,0.431157,"Purple Mountain Observatory, Dayao",25.697563541089817,101.04528
100.03106,0.894458,0.446769,"BOOTES-4, Lijiang",26.695628243927647,100.03106
100.22861,0.875727,0.482435,"Xingyuan, Daocheng",29.013159439281775,100.22861
99.46556,0.949569,0.312613,"Choakanan Observatory, Lampang",18.336973548513285,99.46556
100.029,0.894239,0.447183,"Gaomeigu Gemini Observatory, LiJiang",26.722568644783006,100.029
99.78111,0.994005,0.109127,"Observatori Negara, Langkawi",6.3070207830667355,99.78111
100.02973,0.894468,0.446765,"Lijiang Station, Yunnan Observatories",26.69516525737352,100.02973
100.03261,0.894444,0.446808,"Yunnan-HK Observatory, Gaomeigu",26.69799560673369,100.03261
100.22664,0.875738,0.482415,Daocheng Glacier Observatory,29.011846722354385,100.22664
101.13415,0.902535,0.429998,"Yunling Observatory, Yunnan",25.624450134343817,101.13415
101.18154,0.903223,0.428442,"Purple Mountain Observatory, Yaoan (0.8-m)",25.526567467892516,101.18154
101.18111,0.903206,0.428474,"Purple Mountain Observatory, Yaoan Station",25.528650917754316,101.18111
101.43942,0.998617,0.052565,"Hin Hua Observatory, Klang",3.033412117078325,101.43942
101.27869,0.975556,0.218996,"Akin Observatory, Rayong",12.734698146393928,101.27869
100.72972,0.972224,0.23325,"Astro820, Samut Prakan",13.578633002679243,100.72972
101.40403,0.967655,0.25161,"Pakchong, Nachonratchasima",14.669315502925226,101.40403
100.94939,0.97337,0.22846,"TSky Observatory, Chonburi",13.294691978270679,100.94939
101.8545,0.9991,0.042381,"Telok Kemang Observatory, Port Dickson",2.4453339542926837,101.8545
101.45456,0.967528,0.252097,Jaichalad-Pailin Observatory,14.698326063461453,101.45456
102.63094,0.957811,0.286532,ROP KKN Observatory,16.760678363229413,102.63094
101.45413,0.967528,0.252097,"SSTAC, Pak Chong",14.698326063461453,101.45413
105.3309,0.793121,0.607347,"LW-2, NAOC-Zhongwei",37.62968237802547,105.3309
106.33476,0.672017,0.738399,"OWL-Net, Songino",47.88618084217987,106.33476
107.0518,0.672284,0.738151,ISON-Hureltogoot Observatory,47.86528335443473,107.0518
109.213,0.826583,0.561181,"LiShan Observatory, Lintong",34.35230403656543,109.213
114.08987,0.928304,-0.370597,"Space Surveillance Telescope, HEH Station",-21.8956865305201,114.08987
115.57333,0.769058,0.637315,"Baihuashan Observatory, Beijing",39.83758751410013,115.57333
115.81167,0.848989,-0.526638,Nedlands,-31.98446928073049,115.81167
116.61083,0.75701,0.651328,"Birch Forest Observatory, LaBaGouMen",40.898918557524105,116.61083
117.28146,0.85054,-0.524246,"6R-AUS1, Youndegin",-31.820529752276357,117.28146
117.57588,0.762782,0.644702,"LW-3, NAOC-Xinglong",40.3942755253593,117.57588
118.31274,0.910976,0.411089,"Kinmen Educational Remote Observatory, Jincheng",24.43246183244179,118.31274
119.59708,0.862775,0.504181,"Jiangnantianchi Observatory, Anji",30.4687132588067,119.59708
119.59736,0.862772,0.504189,"Starlight Observatory, Tianhuangping",30.469197659579624,119.59736
120.32031,0.85504,0.516826,"Lvye Observatory, Suzhou",31.321359042184604,120.32031
120.55699,0.913398,0.405722,"Cuteip Remote Observatory, Changhua",24.093397613195307,120.55699
120.62669,0.855207,0.516553,"ULTRA Observatory,Suzhou",31.30294947274286,120.62669
120.63972,0.91298,0.406672,"HuiWen High School Observatory, Taichung City",24.153163984523975,120.63972
120.71429,0.927137,0.373477,Checheng Elementary School Observatory,22.074676745288386,120.71429
121.53958,0.905916,0.422185,"Chinese Culture University, Taipei",25.134649265343924,121.53958
121.786,0.797583,0.601303,"Merak, NAOC",37.198041574218124,121.786
123.32403,0.258064,-0.963413,"ASTEP, Concordia Station",-75.10044193952216,123.32403
126.33047,0.722664,0.688958,Jilin Observatory,43.82441484862214,126.33047
127.03597,0.809823,0.584732,Jeonbuk Science High School Observatory,36.013979945799974,127.03597
126.8475,0.817778,0.573621,"GSA Observatory, Gwangju",35.22843376734577,126.8475
127.00489,0.796371,0.602805,"GSHS Observatory, Suwon",37.308898155797756,127.00489
127.37568,0.805889,0.590124,"OWL-Net, Daedeok",36.397629008866524,127.37568
127.44675,0.824763,0.563603,Deokheung Optical Astronomy Observatory,34.52629572092042,127.44675
127.7415,0.7904,0.61057,Kangwon National University Observatory,37.87179380142103,127.7415
127.4744,0.806556,0.589222,DDSHS Biryong Observatory,36.33315049766417,127.4744
127.47561,0.801895,0.595484,ChungBuk National University Observatory,36.78181558655276,127.47561
128.76108,0.815026,0.57752,Miryang Arirang Astronomical Observatory,35.50278609745064,128.76108
128.97595,0.808423,0.586939,"OWL-Net, Mt. Bohyun",36.163914859174426,128.97595
129.082,0.81744,0.57412,"BSH Byulsem Observatory, Busan",35.2630772012642,129.082
132.09419,0.830358,0.555374,"Hirao Observatory, Yamaguchi",33.954134343988805,132.09419
133.54433,0.823371,0.565729,"Space Tracking and Communications Center, JAXA",34.67236318197484,133.54433
135.49344,0.825315,0.562809,"Sakai Observatory, Osaka",34.470697898193,135.49344
136.49547,0.816116,0.57599,"Tarui Observatory, Tarui",35.39479528476755,136.49547
137.32944,0.821623,0.568142,Toyokawa Observatory,34.84361874762272,137.32944
137.52069,0.820236,0.570158,Shinshiro,34.98430181417734,137.52069
137.82536,0.805147,0.591292,Nagano Observatory,36.47698152342081,137.82536
138.30444,0.811183,0.583125,Goto Astronomical Observatory in Yatsugatake,35.89334432702571,138.30444
139.439,0.8143,0.57852,Machida,35.573819720009844,139.439
139.57008,0.824585,-0.563856,"Swan Reach Imaging, Glenalta",-34.54407994921838,139.57008
139.85335,0.804747,0.591654,Southern Utsunomiya,36.5073601340892,139.85335
140.34192,0.827286,-0.559911,"SNX-NET, Moorook",-34.26918541842493,140.34192
140.38646,0.796535,0.602639,Sukagawa,37.295603866720995,140.38646
140.5235,0.810991,0.583108,Katori,35.898992914966044,140.5235
142.48278,0.715989,0.695814,"Nayoro Observatory, Hokkaido University",44.373648540106785,142.48278
143.5506,0.81654,-0.57538,Swan Hill,-35.3520900429032,143.5506
147.28772,0.73929,-0.671278,"Harlingten Telescope, Greenhill Observatory",-42.43115486446604,147.28772
149.06142,0.855643,-0.516191,"SkyMapper, Siding Spring",-31.2721625783748,149.06142
148.97642,0.82148,-0.568478,"Heaven's Mirror Observatory, Yass",-34.864181940527295,148.97642
149.06173,0.855649,-0.516175,Korea Microlensing Telescope Network-SSO,-31.271196351782034,149.06173
149.07085,0.855632,-0.516199,Siding Spring-LCO Clamshell #1,-31.27288337444,149.07085
149.07081,0.855626,-0.516197,Siding Spring-LCO Clamshell #2,-31.272963144839853,149.07081
149.069,0.855626,-0.516198,"ISON-SSO Observatory, Siding Spring",-31.273012392647047,149.069
149.0619,0.85564,-0.51618,"PROMPT, Siding Spring",-31.27170998023718,149.0619
149.06442,0.855629,-0.516206,"iTelescope Observatory, Siding Spring",-31.273317239486474,149.06442
149.07064,0.855632,-0.516202,Siding Spring-LCO A,-31.27303111692115,149.07064
149.07078,0.855632,-0.516202,Siding Spring-LCO B,-31.27303111692115,149.07078
149.19313,0.855519,-0.516201,Warrumbungle Observatory,-31.276339524508582,149.19313
149.06425,0.855627,-0.516205,"Siding Spring-Janess-G, JAXA",-31.27332741457774,149.06425
149.49233,0.835816,-0.547369,"JBL Observatory, Bathurst",-33.397079860359824,149.49233
150.33742,0.832917,-0.551813,"Blue Mountains Observatory, Leura",-33.70215939240922,150.33742
150.44933,0.832777,-0.551945,Hazelbrook,-33.71293235002859,150.44933
150.50044,0.919153,-0.392623,"Glenlee Observatory, Glenlee",-23.269456187929404,150.50044
149.06981,0.855626,-0.516205,"SNX-NET, Siding Spring",-31.27335712585759,149.06981
151.64894,0.841722,-0.538113,"Buckthorn, Thornton",-32.76568546410184,151.64894
152.94789,0.886807,-0.460619,"Woogaroo Observatory, Forest Lake",-27.605674821159248,152.94789
152.8481,0.88871,-0.45696,Samford Valley Observatory,-27.3682898902968,152.8481
153.216,0.88762,-0.45904,Birkdale,-27.50345205198959,153.216
153.09622,0.893194,-0.448181,Caloundra West,-26.80085649347029,153.09622
342.12071,0.87765,0.478474,GOTO North,28.760205387633594,-17.879290000000026
342.23206,0.878518,0.476188,VillaDeMazoElHoyo,28.620794506318827,-17.76794000000001
343.46464,0.880457,0.472653,"Tafuriaste, La Orotava",28.388775907945472,-16.535360000000026
343.48969,0.881484,0.47143,ATLAS-TDO,28.29883943511303,-16.510310000000004
343.49025,0.881483,0.471432,"Two-meter Twin Telescope, TTT4",28.298968028083152,-16.509749999999997
344.57711,0.88236,0.469022,"LaMelira, Las Palmas de Gran Canaria",28.15285782708256,-15.422889999999995
353.01175,0.741817,0.668659,"NEObserver Trevinca, Trevinca Skies",42.22232348070507,-6.988249999999994
357.35656,0.791876,0.608856,PixelSkiesAstro,37.74201391521886,-2.6434399999999982
352.30683,0.798224,0.600382,"Dobsonian Power, Algarve",37.13360124474338,-7.693170000000009
351.16978,0.783453,0.619386,"STB Astro Observatory, Setubal",38.51673456588382,-8.830219999999997
356.30367,0.761143,0.646784,"UAM, Madrid",40.54634317243273,-3.696329999999989
358.24614,0.746259,0.663617,Observatorio Astronomico del Moncayo,41.83654082358139,-1.7538599999999747
353.37281,0.786772,0.615322,TransAstra TKO at e-EYE,38.215308022856256,-6.627189999999985
353.01164,0.741813,0.668665,Metis Trevinca Skies,42.22273308426142,-6.98836
353.01158,0.741811,0.668654,"Tycho Brahe, Trevinca",42.222340890944764,-6.988420000000019
357.69143,0.599819,0.797488,"Lovell (76-m, Jodrell Bank)",53.23657764978849,-2.3085699999999747
355.75199,0.762362,0.64519,Madrid DSS-63 (70-m),40.43125120798122,-4.248010000000022
358.89092,0.767825,0.638837,Centro Astronomico Alto Turia 2,39.95007722540429,-1.1090800000000058
354.56048,0.77265,0.632947,"Observatorio Villuercas-Navezuelas, Navezuelas",39.51276803607359,-5.439520000000016
354.40658,0.745697,0.664228,Obsservatorio astronomico Orion,41.8842000408713,-5.5934199999999805
354.91808,0.765253,0.641682,"Astrogredos Observatory, Arenas de San Pedro",40.17018428867284,-5.081920000000025
355.46503,0.803836,0.592881,"Observatorio IES Al-Baytar, Benalmadena",36.595195380493465,-4.534969999999987
355.41333,0.803227,0.593731,"Pinos, Alhaurin de la Torre",36.655287694856284,-4.5866700000000264
356.7885,0.679215,0.7315,"Petit Cosquet, Bangor",47.314416146986446,-3.211500000000001
357.23226,0.774034,0.631202,"ALFA CENTAURI, LAS MESAS",39.38484885453202,-2.7677400000000034
170.48389,0.720473,-0.691324,"Scott Street Observatory, Lake Tekapo",-44.009483103265005,170.48389
170.47278,0.720489,-0.691309,"Aorangi Iti Observatory, Lake Tekapo",-44.00822606698133,170.47278
170.49039,0.697579,-0.714138,"Beverly-Begg Observatory, Dunedin",-45.86438592132492,170.49039
357.67342,0.787441,0.614744,"Camarasa Observatory, Astrocamp Nerpio",38.16547754722866,-2.3265799999999786
357.67344,0.787445,0.61475,"MonitorMyPlanet, Nerpio",38.16560783266745,-2.326559999999972
358.6305,0.768299,0.638201,Landete-Kea,39.90458526952377,-1.3695000000000164
359.11339,0.669125,0.740688,"lama'stro, Le Genest-Saint-Isle",48.097245017384786,-0.8866100000000188
358.77989,0.792058,0.608451,"Observatorio Sureste Estelar, Fuente Alamo",37.717189476585574,-1.220109999999977
359.66752,0.632125,0.772282,Steyning Observatory,50.88763635528948,-0.33247999999997546
172.34981,0.726556,-0.68483,"R. F. Joyce Observatory, Christchurch",-43.498734835368516,172.34981
172.58761,0.726587,-0.684777,"Mooray Observatory, Christchurch",-43.49530008491854,172.58761
0.28344,0.681028,0.729829,"Chinon Private Observatory, Chinon",47.17296790622773,0.28344
359.6768,0.693026,0.718523,Bourgeon Observatory,46.22710322823695,-0.3231999999999857
0.80258,0.678413,0.73224,SAT01-Mntlouis sur Loire,47.37701851078167,0.80258
359.62036,0.709877,0.701989,"WATCH, Beychac Et Caillau",44.87231410398525,-0.37963999999999487
359.50454,0.784613,0.617946,"Erchico, San Vicente Del Raspeig",38.41049529032454,-0.49545999999998
2.03528,0.750193,0.659046,"RubiObservatory, Rubi",41.49027092283937,2.03528
0.83289,0.680384,0.730428,"Observatoire de Tauxigny, Tauxigny",47.22342492638804,0.83289
1.93494,0.751434,0.657653,"Observatori Puig d'Agulles, Vallirana",41.38313771590962,1.93494
1.45486,0.753664,0.655084,"Rodamir, Roda de Bara",41.18777384087699,1.45486
4.10667,0.63848,0.767079,"LEPTINA-ONE, Estinnes-au-val",50.416729338310105,4.10667
3.72744,0.723117,0.68847,Observatoire de l'etoile qui rit,43.78619693143427,3.72744
175.09104,0.788021,-0.613626,"Crystal Lake Observatory, Ngutunui",-38.094332586375536,175.09104
4.33403,0.708332,0.703766,"Observatoire Hubert Reeves, Mars",45.00715888025592,4.33403
4.41089,0.708799,0.703289,Observatoire International de Beauvert,44.96885407895547,4.41089
2.087,0.749353,0.660015,"Obs Vallespir, Sabadell",41.56391206448372,2.087
5.64647,0.720583,0.691196,"Observatoire Banon La Tuilerie, Banon",43.99981068640551,5.64647
7.07181,0.725295,0.686171,"Telescope Leonard de Vinci, GAPRA, Antibes",43.60440564530096,7.07181
6.98947,0.68127,0.729861,"Mont-Soleil, Saint-Imier",47.16407143891027,6.98947
6.92294,0.723628,0.688176,Observatoire de la Cote d'Azur,43.753753376289964,6.92294
7.14447,0.680871,0.730105,"La Porte des Etoiles, Corgemont",47.19035418427146,7.14447
8.51092,0.678068,0.732656,ETH Honggerberg Observatory,47.40775413055169,8.51092
8.78094,0.600059,0.797286,Osterholz-Scharmbeck,53.21862667824757,8.78094
9.06719,0.710955,0.700966,"Sanse Observatory, San Sebastiano Curone",44.78706606117857,9.06719
9.79045,0.718941,0.692828,"Fiammetta Observatory, La Spezia",44.13265621660129,9.79045
10.43101,0.716999,0.694998,Osservatorio Pierino Zambonini,44.29966924897044,10.43101
10.53953,0.649091,0.758232,Baudenbach,49.62456197884631,10.53953
10.88781,0.735341,0.67544,Otus Scopes Observatory,42.76049772702601,10.88781
11.23808,0.723496,0.688038,"Giuliano Betti Observatory, Firenze",43.75323478507584,11.23808
12.92156,0.670725,0.739321,"Stierlingwald, Buermoos",47.97658484844654,12.92156
12.71285,0.744787,0.665093,Osservatorio Astronomico Narciso Spuntoni,41.95604701142654,12.71285
12.83332,0.668165,0.741616,Sternwarte Burghausen,48.17378532184137,12.83332
13.07584,0.744332,0.665855,ASTRIS Osservatorio Astronomico Claudio Del Sole,42.00607785512656,13.07584
16.36147,0.91963,-0.392205,"Namibia1/HAKOS, Hakos, Namibia, Hakos",-23.2365362217846,16.36147
16.705,0.759851,0.648047,ASI Matera Flyeye,40.649668080692344,16.705
19.54683,0.671902,0.738204,"Szilard Leo Observatory, Bujak",47.8835306991125,19.54683
21.49744,0.674553,0.735785,"Zenit, Hajduboszormeny",47.67766676420619,21.49744
26.02889,0.716302,0.695479,Institute of Space Science Magurele,44.34733833078043,26.02889
26.0225,0.714576,0.697241,"StarBlazer Observatory, Bucharest",44.48890998928417,26.0225
26.46538,0.70756,0.704357,"SkyQuest Observatory, Sahateni",45.062446224768046,26.46538
27.29661,0.721431,0.690213,Alfastar - Astroclubul Bucuresti,43.92539455584139,27.29661
31.97332,0.683582,0.727444,"Mykolaiv, 0.3m f/5 Telescope",46.97248804937941,31.97332
40.325,0.91876,0.393856,Alamri astronomical observatory,23.3436386336747,40.325
41.42533,0.72519,0.687159,"FASTAU, Astrofarm Astroverts",43.649720861244774,41.42533
42.66639,0.723844,0.688125,INASAN-Kislovodsk Observatory,43.743090414832615,42.66639
203.49572,0.934614,0.354517,"SNX-NET, Wailuku",20.900635831785277,-156.50428
203.74247,0.93624,0.351538,Haleakala-LCO Clamshell #3,20.70704563427611,-156.25753
203.74249,0.936241,0.351538,Haleakala-LCO OGG B #2,20.707025393252287,-156.25751
203.74299,0.936236,0.351547,"ATLAS-HKO, Haleakala",20.70761176469241,-156.25701
204.42387,0.94329,0.332467,"ATLAS-MLO Auxiliary Camera, Mauna Loa",19.536215468213005,-155.57613
204.42395,0.94329,0.332467,"ATLAS-MLO, Mauna Loa",19.536215468213005,-155.57605
204.52396,0.941711,0.337239,"Subaru Telescope, Maunakea",19.825579810817683,-155.47604
204.52241,0.941706,0.337212,"Submillimeter Array, Maunakea (SMA)",19.824213275942288,-155.47759
204.52965,0.941734,0.337191,"United Kingdom Infrared Telescope, Maunakea",19.82253143609231,-155.47035
204.53054,0.941733,0.337201,"University of Hawaii 88-inch telescope, Maunakea",19.823092916613458,-155.46946
204.52797,0.941707,0.337251,"NASA Infrared Telescope Facility, Maunakea",19.82630793713884,-155.47203
204.53109,0.941717,0.33724,"Canada-France-Hawaii Telescope, Maunakea",19.82551754532978,-155.46891
204.53093,0.941728,0.337214,"Gemini North Observatory, Maunakea",19.823894655136908,-155.46907
204.52526,0.941708,0.337246,"W. M. Keck Observatory, Keck 1, Maunakea",19.82601749287871,-155.47474
204.52574,0.941704,0.337256,"W. M. Keck Observatory, Keck 2, Maunakea",19.82663720702742,-155.47426
210.3902,0.953686,-0.299837,Astronomical Society of Tahiti,-17.563460279380998,-149.6098
237.451,0.74924,0.66027,"Shasta Valley Observatory, Grenada",41.579188459965245,-122.549
237.1603,0.70274,0.70909,"Murray Hill Observatory, Beaverton",45.450107603672635,-122.8397
237.31286,0.782952,0.620081,"Hume Observatory, Santa Rosa",38.5659104728644,-122.68714
237.41456,0.653977,0.753984,"Golden Ears Observatory, Maple Ridge",49.253277536353664,-122.58544
237.86917,0.795044,0.604511,Palo Alto,37.433098105523634,-122.13083
237.84128,0.795776,0.603616,"Black Mountain Observatory, Los Altos",37.36669566134622,-122.15871999999999
238.95508,0.81197,0.581864,TransAstra TKO at SkiesAway,35.80808703539114,-121.04491999999999
239.19456,0.681217,0.72977,"Burnt Tree Hill Observatory, Cle Elum",47.16273196380994,-120.80544
239.46151,0.683272,0.727821,"CWU-Lind Observatory, Ellensburg",47.00025874412912,-120.53849
239.45983,0.683247,0.727841,"CWU Observatory, Ellensburg",47.00208968735937,-120.54016999999999
240.92056,0.791644,0.609534,June Lake Overlook,37.781012870927405,-119.07944
240.20358,0.776325,0.628595,"Jack C. Davis Observatory, Carson City",39.185645297478224,-119.79642000000001
240.58701,0.79904,0.59962,"JPL SynTrack Robotic Telescope, Auberry",37.07042686269727,-119.41299000000001
240.587,0.79904,0.59962,"iTelescope SRO Observatory, Auberry",37.07042686269727,-119.41300000000001
240.5869,0.79904,0.59962,"RASC Observatory, Alder Springs",37.07042686269727,-119.41309999999999
241.3633,0.8252,0.56305,"AHS Observatory, Castaic",34.485870471145304,-118.63669999999999
241.46,0.82815,0.558687,Tarzana,34.18305874407089,-118.53999999999999
241.6172,0.83164,0.55346,Redondo Beach,33.821668767843214,-118.3828
240.5872,0.79904,0.599619,"JPL SynTrack Robotic Telescope 2, Auberry",37.07038090448234,-119.4128
242.18366,0.833735,0.550383,Newport Beach,33.6076320515325,-117.81634
242.1279,0.82855,0.5581,"Maury Lewin Observatory, Glendora",34.14221691645241,-117.87209999999999
242.9181,0.84002,0.54076,"Rani Observatory, San Diego",32.9466714956707,-117.08189999999999
242.8449,0.82758,0.55989,Cedar Glen Observatory,34.25871292563584,-117.1551
242.79187,0.838837,0.542598,"Cosmos Research Center, Encinitas",33.072375565641444,-117.20813000000001
243.6151,0.82737,0.56004,"CS3-DanHenge Observatory, Landers",34.27262045152003,-116.38489999999999
243.61514,0.827367,0.560037,"CS3-Trojan Station, Landers",34.27257430303888,-116.38486
243.61519,0.827368,0.560036,"CS3-Palmer Divide Station, Landers",34.27249446808078,-116.38480999999999
243.57311,0.841238,0.53938,Mount Laguna Observatory,32.842051362527776,-116.42688999999999
244.53556,0.8579,0.512937,"BOOTES-5, Bajo California",31.04490803437132,-115.46444
246.30486,0.791059,0.610084,"BURSST, Beryl",37.826553190324674,-113.69514000000001
251.83,0.827059,0.560862,"Astrottica Network USA2, Pie Town",34.32176680902267,-108.16999999999999
246.28761,0.79174,0.609209,"Skygems Dreamscope Utah, Beryl Junction",37.7628538171475,-113.71239
246.3025,0.792006,0.608864,"iTelescope Observatory, Beryl Junction",37.73782585565606,-113.69749999999999
251.82967,0.827058,0.560864,"USA1/HCRO, Pie Town",34.321894210567315,-108.17033
246.686,0.579007,0.812698,Athabasca University Geophysical Observatory,54.713683942221145,-113.314
248.33292,0.818306,0.573452,"JPL SynTrack Robotic Telescope 3, Flagstaff",35.20305724701353,-111.66708
249.743,0.849529,0.52609,"NAC Observatory, Benson",31.9413174837162,-110.257
247.8537,0.829354,0.557017,"BCC Observatory, Black Canyon City",34.06474852596164,-112.1463
248.39981,0.849456,0.526492,Kitt Peak-Bok,31.963180003793116,-111.60019
248.23911,0.762243,0.645493,"Mountainville Observatory, Alpine",40.4489474790099,-111.76088999999999
248.05794,0.835743,0.547377,"Command Module, Tempe",33.39976450544148,-111.94206
248.3314,0.79889,0.59979,Big Water,37.08341319788234,-111.6686
248.46331,0.819378,0.571927,"FRoST, Anderson Mesa",35.09592749588231,-111.53669
248.63195,0.836631,0.546101,"Rusty Mountain Observatory, Gold Canyon",33.310408904836564,-111.36805000000001
249.26745,0.845313,0.533209,Catalina Sky Survey-Kuiper,32.41693870344537,-110.73255
249.1219,0.85208,0.52234,"Whipple Observatory, Mount Hopkins-PAIRITEL",31.680768050781243,-110.87809999999999
249.339,0.848249,0.528126,"Mountain Creek Ranch, Vail",32.07962309515391,-110.661
249.74202,0.849537,0.52608,"Moka Observatory, Benson",31.940586311400438,-110.25798
248.32772,0.818623,0.572977,"Sierra Sinagua Observatory, Flagstaff",35.17024612845458,-111.67228
249.21119,0.847025,0.530011,"Saguaro Observatory, Tucson",32.20885790726049,-110.78881000000001
249.39819,0.85211,0.52205,Elgin,31.665647691020975,-110.60181
248.78278,0.762335,0.645641,"Little Moose Observatory, Timber Lakes",40.45201854844374,-111.21722
248.78336,0.762292,0.645691,"Moose Springs Observatory, Timber Lakes",40.455804794722276,-111.21664000000001
249.21069,0.84511,0.533602,"OWL-Net, Mt. Lemmon",32.442274951398566,-110.78931
251.10288,0.84951,0.526194,"Dark Sky New Mexico, Animas",31.946977561730094,-108.89712
248.98319,0.845476,0.532429,"Leo Observatory, Tucson",32.37399739191762,-111.01680999999999
249.6181,0.85776,0.51308,"MASTER-OAGH Observatory, Sonora",31.05609744540546,-110.3819
251.79086,0.841371,0.539217,Whiskey Creek Observatory,32.83003483212794,-108.20913999999999
251.77822,0.827004,0.560943,"Killer Rocks Observatory, Pie Town",34.32739433645222,-108.22178
251.10231,0.849511,0.526188,Cewanee Observatory at DSNM,31.946653942595706,-108.89769000000001
251.8155,0.827009,0.560941,"Insight Remote Observatory, Pie Town",34.32713787994274,-108.18450000000001
252.76406,0.828722,0.558332,"FOAH Observatory, Magdalena",34.14775406641769,-107.23594
250.48403,0.850261,0.52502,"Sonoran Desert Skies Observatory, Pearce",31.866840367010294,-109.51597000000001
253.30194,0.846331,0.531305,"Tortugas Mountain Observatory, Las Cruces",32.29310594857833,-106.69806
253.3902,0.911283,0.410639,"UAS-ISON Observatory, Cosala",24.40157462852809,-106.6098
253.71819,0.811354,0.58318,"North Mesa Observatory, Los Alamos",35.890175038482745,-106.28181000000001
254.34647,0.817018,0.575271,"Deep Sky West Observatory, Rowe",35.33114636818826,-105.65352999999999
254.2666,0.840062,0.541466,Tzec Maun Cloudcroft Facility,32.97949011189326,-105.73339999999999
254.47105,0.84071,0.540313,"Heaven on Earth Observatory, Mayhill",32.90359104498739,-105.52895000000001
254.475,0.84061,0.54046,"Hazardous Observatory, Mayhill",32.91380891380962,-105.525
254.47131,0.840709,0.540308,"Canvas View New Mexico Skies, Mayhill",32.90338030639755,-105.52869000000001
254.72039,0.806382,0.590114,"Finlaystone Observatory, Angel Fire",36.38043092275065,-105.27960999999999
255.36992,0.778401,0.626222,"Baker Observatory, Black Forest",39.00469950760094,-104.63007999999999
255.91881,0.861839,0.506046,"Deep Sky Observatory Collaborative, Pier 5",30.58848950270694,-104.08118999999999
255.61742,0.843042,0.536333,"The Ranch Observatory, Lakewood",32.63856010919226,-104.38257999999999
255.98483,0.861053,0.507428,McDonald Observatory-LCO ELP,30.67992095749523,-104.01517000000001
255.98493,0.861051,0.507431,McDonald Observatory-LCO ELP Aqawan A #1,30.680128005651557,-104.01507000000001
255.98483,0.861053,0.507427,McDonald Observatory-LCO ELP B,30.67987140809209,-104.01517000000001
255.91873,0.861839,0.506046,"Divine Creation Observatory, Fort Davis",30.58848950270694,-104.08126999999999
256.72578,0.719992,0.69189,Rapid City,44.052035909558555,-103.27422000000001
254.47472,0.840614,0.540448,"Dimension Point, Mayhill",32.91310423975734,-105.52528000000001
250.4842,0.85026,0.52502,"Chiricahua Skies Observatory, Sunizona",31.866870581171902,-109.51580000000001
251.82983,0.827057,0.560864,"Coyote Watcher, Pie Town",34.3219264704418,-108.17017000000001
255.98496,0.861332,0.507595,McDonald Observatory-LCO ELP Aqawan B #1,30.680048863892452,-104.01504
253.69516,0.811343,0.583195,"Walnut Park Observatory, Los Alamos",35.891243873887,-106.30484000000001
255.98498,0.861332,0.507595,McDonald Observatory-LCO ELP Aqawan B #2,30.680048863892452,-104.01501999999999
249.39822,0.852111,0.522049,TransAstra at Winer,31.66556860981162,-110.60177999999999
259.69219,0.936737,0.349756,"Observatoire LAURIER, El Marques",20.600905131739765,-100.30781000000002
260.61797,0.853052,0.520205,"The Gikem Observatory, Rockwood",31.54685155458459,-99.38202999999999
260.30403,0.849505,0.525995,"Stonehenge Observatory, Novice",31.937398945318105,-99.69596999999999
260.61774,0.85305,0.520209,"Starfront Observatories, Rockwood",31.54710788486885,-99.38225999999997
260.73497,0.868735,0.493762,"Medina Dome, Medina",29.77816708803053,-99.26503000000002
261.0734,0.86642,0.49781,"Millwood Observatory, Comfort",30.0464589849625,-98.92660000000001
261.09473,0.86214,0.505126,Putman Mountain Observatory,30.534082139985248,-98.90526999999997
261.0571,0.858216,0.511725,"Shed of Science South, Pontotoc",30.975741119125715,-98.94290000000001
261.05661,0.858216,0.511726,"Live Oak Observatory, Pontotoc",30.975790526862852,-98.94339000000002
261.05728,0.858219,0.511721,"Tara Observatory, Cherokee",30.97545510771414,-98.94272000000001
263.33572,0.870056,0.491332,"Starry Night Observatory, Columbus",29.619051167741013,-96.66428000000002
263.89,0.752697,0.656235,"JDP Observatory, Omaha",41.27409295887338,-96.11000000000001
264.15689,0.86932,0.492598,"Katy Observatory, Katy",29.70330635377735,-95.84311000000002
264.56578,0.874931,0.482617,"Live Oak Observatory, Lake Jackson",29.04443561545362,-95.43421999999998
265.1078,0.700141,0.711688,Spirit Marsh Observatory. Sauk Centre,45.66098445978927,-94.8922
265.7604,0.80902,0.5859,Fayetteville,36.09542890565724,-94.2396
266.25728,0.781733,0.62159,"Rolling Hills Observatory, Warrensburg",38.67735875621075,-93.74272000000002
266.8927,0.78221,0.62099,"Rattle Snake Observatory, Sedalia",38.63331999470934,-93.10730000000001
267.42811,0.820618,0.569618,"River Ridge Observatory, Conway",34.9462758993273,-92.57189
268.34983,0.817712,0.573711,"White County Observatory, Searcy",35.234848501878254,-91.65017
268.61611,0.759765,0.648058,"Pin Oak Observatory, Fort Madison",40.65335402763529,-91.38389000000001
268.66169,0.759876,0.647933,"Cherokeeridge Observatory, Fort Madison",40.64375450175833,-91.33830999999998
271.00944,0.761606,0.645927,"Mark Evans Observatory, Bloomington",40.49161437136063,-88.99056000000002
271.26719,0.836205,0.546596,"Tree Gate Farm Observatory, Starkville",33.34763667230662,-88.73280999999997
271.88331,0.747086,0.662545,"Jimginny Observatory, Naperville",41.7589831363824,-88.11669
272.14753,0.752886,0.655985,"Willowed Plains Observatory, Manteno",41.2561383252116,-87.85246999999998
272.6247,0.75272,0.65618,"Northwest Indiana Robotic Telescope, Lowell",41.27084415980721,-87.37529999999998
273.47361,0.778448,0.625642,"Star Quarry Observatory, Bedford",38.97704389657801,-86.52638999999999
273.24511,0.821914,0.567774,Harvest,34.8167020442543,-86.75488999999999
273.19083,0.810875,0.583314,"Wayne Observatory, Franklin",35.91249942520922,-86.80917
273.76869,0.822976,0.566292,Pleasant Groves Observatory,34.71190032398813,-86.23131000000001
273.77122,0.7657,0.641103,"Arrowhead, Sheridan",40.1282033276752,-86.22877999999997
274.24962,0.767039,0.639505,"Red Fox Observatory, Pendleton",40.00845018261048,-85.75038
274.37283,0.740783,0.669559,Kalamazoo,42.300457991359465,-85.62716999999998
276.4855,0.781341,0.622075,"Moeller Observatory, Manchester",38.713186351305524,-83.5145
282.90628,0.778653,0.625363,"Spots Observatory, Bethesda",38.9571714172395,-77.09372000000002
275.00447,0.844595,0.533635,"WestRock Observatory, Columbus",32.459693526786765,-84.99552999999997
275.38019,0.772786,0.632594,"Hevonen Farm Observatory, Oxford",39.49213023742044,-84.61980999999997
275.23817,0.722574,0.689025,"Shamrock Banks Observatory, Clare",43.830763359469245,-84.76182999999997
275.63506,0.776417,0.628165,"RMS Observatory, Cincinnati",39.16312067291057,-84.36493999999999
283.12911,0.771735,0.633872,"Starpool Observatory, Hampstead",39.587182738891514,-76.87088999999997
286.57383,0.749769,0.659492,"RCNS, New Milford",41.52558344936478,-73.42617000000001
276.3883,0.83011,0.55581,"Ex Nihilo Observatory, Winder",33.98290024832939,-83.61169999999998
276.9939,0.76659,0.64004,"Adena Brook Observatory, Columbus",40.04856923251223,-83.0061
276.77117,0.838735,0.542749,"Georgia College Observatory, Milledgeville",33.08285285022894,-83.22883000000002
277.23736,0.834226,0.549613,"Deerlick Observatory, Crawfordville",33.555124711657456,-82.76263999999998
277.2375,0.834222,0.549619,Crawfordville Observatory,33.55553937333823,-82.76249999999999
277.83451,0.819315,0.571499,"Transit Dreams Observatory, Campobello",35.077824322191105,-82.16548999999998
277.8453,0.81784,0.5736,"Squirrel Valley Observatory, Columbus",35.22539869905025,-82.15469999999999
278.0391,0.85661,0.51423,"Buffalo Creek Observatory, Nahunta",31.146833590791193,-81.96089999999998
280.502,0.748729,0.660767,"EliLauren Observatory, Neilltown",41.62000028566764,-79.49799999999999
281.22014,0.736467,0.67428,"Transit Dreams Observatory-North, Hamburg NY",42.667717874780315,-78.77985999999999
278.58531,0.807479,0.588163,"Dark Sky Observatory, Boone",36.25271443478391,-81.41469000000001
278.80944,0.878725,0.475726,Robinson Observatory,28.591742821223434,-81.19056
281.5291,0.797117,0.601832,Hampden-Sydney Observatory,37.238438900811865,-78.47089999999997
279.54,0.797348,0.601651,Anderson Observatory,37.22213941571671,-80.45999999999998
279.46571,0.88551,0.463056,"Mind's Eye Observatory, Vero Beach",27.764563179359296,-80.53429
285.43186,0.750738,0.658457,"MT_Hope_Cavu, Otisville",41.44420434648249,-74.56814000000003
286.22017,0.755635,0.652808,"Duo Ursi de Saltu, Scarsdale",41.01485845918702,-73.77983
283.93828,0.802431,0.594736,"Benito Loyola Observatory, Virginia Beach",36.72893358768311,-76.06171999999998
280.41192,0.818614,0.572448,Foxfire Village,35.14562764954525,-79.58807999999999
289.23501,0.86285,-0.504261,"SNX-NET, Rio Hurtado",-30.47050960778314,-70.76499000000001
280.887,0.811693,0.582156,"BKH Observatory, Chapel Hill",35.831005394216454,-79.113
281.06757,0.778794,0.62538,"CBA-MM Observatory, Mountain Meadows",38.952860809316064,-78.93243000000001
281.25404,0.813127,0.580167,Apex,35.690054840474325,-78.74596000000003
287.56544,0.755204,0.653287,Custer Institute and Observatory,41.05185857749247,-72.43455999999998
283.51419,0.778335,0.625736,US Naval Academy Hopper Hall Observatory,38.98532055322778,-76.48581000000001
282.31524,0.77114,0.634559,Hagerstown,39.6393742542113,-77.68475999999998
282.28944,0.785431,0.61689,"Mark Slade Remote Observatory, Wilderness",38.3337469063066,-77.71055999999999
282.58389,0.773703,0.631447,"Natelli Observatory, Frederick",39.407773960564995,-77.41611
282.52583,0.773143,0.632153,"Pineapple Observatory, Frederick",39.45953622915229,-77.47417000000002
289.26095,0.873473,-0.485999,ESA TBT La Silla Observatory,-29.255293017330843,-70.73905000000002
283.14964,0.777667,0.626574,"ALPHA Observatory, South Laurel",39.04689017914534,-76.85036000000002
284.10758,0.757005,0.651302,"The Dark Side Observatory, Weatherly",40.89797393831909,-75.89242000000002
286.36626,0.995574,0.097155,"AstroExplor Observatory, Tinjaca",5.610995093159726,-73.63373999999999
283.74492,0.71338,0.698447,"Leeside Observatory, Elgin",44.58639467708831,-76.25508000000002
284.13761,0.758729,0.649276,"Comet Hunter Observatory2, New Ringgold",40.7451917019762,-75.86239
284.30958,0.996767,0.082976,"Observatorio Astronomico UTP, Pereira",4.7905448767390135,-75.69042000000002
285.27004,0.768364,0.637863,"Red Lion Observatory, Southampton Twsp",39.887263954965825,-74.72996
284.79169,0.697761,0.713966,"Observatoire GOZ, Montpellier",45.85001835903533,-75.20830999999998
285.05381,0.756278,0.652109,"SVH Observatory, Blairstown",40.960338931349625,-74.94619
285.10211,0.759453,0.648444,"Paul Robinson Observatory, Voorhees State Park",40.68185014126862,-74.89789000000002
289.23502,0.862845,-0.504269,"ATLAS Chile, Rio Hurtado",-30.47105199982811,-70.76497999999998
285.985,0.759912,0.647855,"OLPH Observatory, Brooklyn",40.6390039045789,-74.01499999999999
285.91386,0.698475,0.713264,"Loose Goose Observatory, Saint-Jerome",45.792560753256346,-74.08614
285.99297,0.717404,0.694456,"Rand II Observatory, Lake Placid",44.26115407645123,-74.00702999999999
286.8211,0.75302,0.6558,"Trumbull Observatory, Trumbull",41.24307236730793,-73.1789
289.32156,0.957949,-0.287797,"Observatorio Astronomico de Moquegua, Carumas",-16.82821158536251,-70.67844000000002
289.26245,0.873451,-0.48604,"Danish Telescope, La Silla",-29.25796920197394,-70.73755
289.60944,0.910001,-0.41415,"SPECULOOS-South Observatory, Paranal",-24.61614306963116,-70.39056
289.23695,0.862826,-0.504288,"CHILESCOPE Observatory, Rio Hurtado",-30.47254697686034,-70.76305000000002
287.401,0.75196,0.65702,"Skyledge Observatory, Killingworth",41.33588818462075,-72.59899999999999
288.88325,0.739859,0.670509,"Clay Telescope, Harvard University",42.376502335966514,-71.11675000000002
289.19535,0.865587,-0.499763,Cerro Tololo-LCO Aqawan B #1,-30.1677264231859,-70.80464999999998
288.7678,0.74138,0.66885,Westwood,42.24727008668552,-71.23219999999998
288.99967,0.724557,0.686948,"Nebula Knoll Observatory, East Wakefield",43.66592199014581,-71.00033000000002
288.87804,0.736419,0.674274,"Mendel Observatory, Merrimack College",42.669324834125504,-71.12196
288.69747,0.740821,0.669461,"Whitin Observatory, Wellesley",42.294820296966876,-71.30252999999999
289.19358,0.865572,-0.499793,Cerro Tololo-DECam,-30.16965210340686,-70.80642
289.19519,0.865591,-0.49976,Cerro Tololo-LCO A,-30.167461958267577,-70.80480999999997
289.19533,0.865592,-0.499759,Cerro Tololo-LCO B,-30.167383389663605,-70.80466999999999
289.19532,0.865591,-0.499761,Cerro Tololo-LCO C,-30.1675117683651,-70.80468000000002
289.4657,0.837136,-0.545574,"Slooh.com Chile Observatory, La Dehesa",-33.26916569747031,-70.53429999999997
289.19533,0.865589,-0.499764,Cerro Tololo-LCO Aqawan A #1,-30.167718715701643,-70.80466999999999
289.05814,0.73274,0.678229,Phillips Exeter Academy Grainger Observatory,42.97944983151164,-70.94186000000002
289.60257,0.910007,-0.414148,"VHS-VISTA, Cerro Paranal",-24.6158952369751,-70.39742999999999
290.67357,0.850987,-0.52415,"MASTER-OAFA Observatory, San Juan",-31.80234464808402,-69.32643000000002
289.196,0.865589,-0.499755,Korea Microlensing Telescope Network-CTIO,-30.167270423858184,-70.80399999999997
291.82019,0.921646,-0.387713,"MAPS, San Pedro de Atacama",-22.953127300040542,-68.17980999999997
291.82012,0.921639,-0.387712,"Observatorio Panameno, San Pedro de Atacama",-22.953230502364097,-68.17988000000003
291.82006,0.921637,-0.387717,"CAO, San Pedro de Atacama (since 2013)",-22.953540490518503,-68.17993999999999
291.82024,0.921638,-0.387716,"Atacama Desert Observatory, San Pedro de Atacama",-22.953465098116762,-68.17975999999999
291.8203,0.921639,-0.387712,"Polonia Observatory, San Pedro de Atacama",-22.953230502364097,-68.17970000000003
291.82015,0.921638,-0.387716,"SON, San Pedro de Atacama Station",-22.953465098116762,-68.17984999999999
292.60125,0.910349,-0.413802,Observatorio Astronomico Tolar,-24.589619006875512,-67.39875
289.23502,0.862846,-0.50427,"Observatory Hurtado, El Sauce",-30.471072637177453,-70.76497999999998
289.23517,0.862833,-0.504255,"Telescope Live, El Sauce",-30.47070502538014,-70.76483000000002
289.20361,0.862286,-0.505209,"Observatoire SADR, Poroto",-30.53395603119127,-70.79638999999997
291.56747,0.664264,0.745,"MCD Observatory, Saint-Anaclet",48.46995227849143,-68.43252999999999
289.25058,0.864981,-0.500958,"Simonyi Survey Telescope, Rubin Observatory",-30.244671059727718,-70.74941999999999
289.14649,0.862374,-0.50511,"Skygems Chile, Rio Hurtado",-30.526484306656,-70.85351000000003
289.14639,0.862374,-0.505109,"iTelescope Deep Sky Chile, Rio Hurtado",-30.52643467617771,-70.85361
289.235,0.862852,-0.504255,"ShAO Chile station, El Sauce",-30.470153601998046,-70.76499999999999
289.1467,0.862375,-0.505108,"Deep Random Survey, Rio Hurtado",-30.526355976163227,-70.85329999999999
291.8204,0.921644,-0.387717,"OVTLN, San Pedro de Atacama",-22.95338421864623,-68.1796
289.59604,0.909953,-0.414324,"VLT Survey Telescope, Paranal",-24.626402882731973,-70.40395999999998
295.712,0.80343,-0.593455,Observatorio Los Cabezones,-36.635596236169555,-64.28800000000001
295.4498,0.85269,-0.52103,Observatorio Remoto Bosque Alegre,-31.598200873405126,-64.55020000000002
295.83222,0.854475,-0.517879,"Observatorio Orbis Tertius, Cordoba",-31.390007549400863,-64.16778
291.82053,0.921647,-0.387711,"ABYO, San Pedro de Atacama",-22.952998840789906,-68.17946999999998
293.8497,0.95511,-0.29667,"Astronomia Sigma Octante, Cochabamba",-17.36481941309907,-66.15030000000002
289.26208,0.873456,-0.486033,BlackGEM,-29.257477501233456,-70.73791999999997
291.82053,0.921646,-0.38771,"6R-POL2, San Pedro de Atacama",-22.952968097201637,-68.17946999999998
290.67383,0.850988,-0.524154,"Santel Observatory, El Leoncito",-31.80251032453258,-69.32616999999999
291.82052,0.921646,-0.387713,"BOOTES-7, San Pedro Atacama",-22.953127300040542,-68.17948000000001
289.14681,0.862374,-0.505109,"RoSaMund Obervatory - DSC, Rio Hurtado",-30.52643467617771,-70.85318999999998
289.147,0.862368,-0.50512,"BTN-1, Deep Sky Chile",-30.527155028619337,-70.85300000000001
291.82053,0.921647,-0.38771,"OVTLN2, San Pedro de Atacama",-22.952945773175376,-68.17946999999998
289.98831,0.887329,-0.460106,"Observatorio Desierto Cosmico, Atacama",-27.565631902305345,-70.01168999999999
289.14678,0.862375,-0.505111,UBC Southern Observatory,-30.526504867514547,-70.85322000000002
295.57233,0.852247,-0.521566,"NAOS, Alta Gracia",-31.637793542650424,-64.42766999999998
289.20081,0.865545,-0.499828,SARA-CT,-30.17217196328425,-70.79919000000001
289.98828,0.887329,-0.460106,"CHILE1/ODC, Atacama",-27.565631902305345,-70.01172000000003
299.13761,0.840299,-0.540322,Observatorio Astronomico Municipal de Funes,-32.91680592399173,-60.862390000000005
299.47934,0.850485,-0.524263,"Galileo Galilei Observatory, Oro Verde",-31.823022145334132,-60.52066000000002
299.99039,0.998647,-0.051941,"OARU, Manaus",-2.9973786104552764,-60.00961000000001
301.13711,0.825648,-0.562299,"Observatorio Pueyrredon, La Lonja",-34.43568434761334,-58.86288999999999
301.1378,0.82615,-0.56158,"Observatorio Antares, Pilar",-34.38526857623752,-58.86219999999997
301.61689,0.822572,-0.566762,"Cielos de Banfield, Banfield",-34.747328467058175,-58.38310999999999
301.6055,0.821536,-0.568259,"Observatorio Proton-Proton, Longchamps",-34.851996303948795,-58.394499999999994
303.82419,0.821025,-0.568999,Observatorio Astronomico de Montevideo,-34.90369850653145,-56.17581000000001
305.40626,0.903659,-0.426885,"Polo Astronomico CMF,Foz do Iguacu",-25.43481785130686,-54.593740000000025
306.42556,0.895232,-0.444317,Guaraciaba Observatory,-26.549457018401053,-53.57443999999998
308.43322,0.931623,-0.362375,"Observatorio OATU, Tupi Paulista",-21.384972894858187,-51.566779999999994
308.92025,0.896628,-0.441642,"OASMiS, Sao Miguel da Serra",-26.37581898367966,-51.07974999999999
308.87889,0.868775,-0.49356,"Waccobs, Sao Leopoldo",-29.76692503561589,-51.12110999999999
309.49422,0.931569,-0.362525,Observatorio Campo dos Amarais,-21.394152956669732,-50.505780000000016
309.99097,0.990274,-0.13887,"SUN Observatory, Redencao",-8.035853986802344,-50.009029999999996
309.92475,0.900184,-0.434346,"Centro Astron. Nevoeiro, Antonio Olinto",-25.90862174537783,-50.07524999999998
312.21833,0.918367,-0.394621,"Ottoservatorio, Tatui",-23.393045288578552,-47.78167000000002
312.0889,0.96218,-0.2721,"Dogsheaven Observatory, Brasilia",-15.891717717112943,-47.911099999999976
312.49131,0.918012,-0.395458,"Observatorio Adhara, Sorocaba",-23.4453996669041,-47.50869
312.21786,0.962401,-0.271311,"Rocca Observatory, Brasilia",-15.844498229141726,-47.78214000000003
312.13208,0.963322,-0.268189,"Carina Observatory, Brasilia",-15.656932657729405,-47.86792000000003
312.78881,0.917193,-0.397452,"Orion-Colesanti observatory, Mairinque",-23.569508403099718,-47.21118999999999
313.6047,0.92363,-0.38244,Munhoz Observatory,-22.62893561309831,-46.39530000000002
314.58361,0.924574,-0.380207,"Observatorio Pedra Preta, Itajuba",-22.4893310492851,-45.41638999999998
315.21504,0.935906,-0.351562,"SONEAR Observatory, Oliveira",-20.715102364426283,-44.78496000000001
316.0158,0.94089,-0.337985,"SONEAR 2 Observatory, Belo Horizonte",-19.881984331280183,-43.98419999999999
316.31,0.94132,-0.337075,"SONEAR Wykrota-CEAMIG, Serra da Piedade",-19.824279507239105,-43.69
318.68794,0.929268,-0.36817,"ROCG, Campos dos Goytacazes",-21.74526274878491,-41.312059999999974
319.63169,0.938049,-0.345356,"Omega Centauri Observatory, Cariacica",-20.336991638578194,-40.36831000000001
321.3126,0.9884,-0.15179,"OASI, Nova Itacuruba",-8.788710418405794,-38.687400000000025
324.03889,0.989706,-0.143217,"Discovery Observatory, Caruaru",-8.288646710231207,-35.96111000000002
352.13368,0.856447,0.515346,"SNX-NET, Oukaimeden",31.206677476205098,-7.866319999999973
343.48961,0.881484,0.471433,"Transient Survey Telescope (TST), Teide",28.29899162710203,-16.510389999999973
343.49042,0.881484,0.471429,"Two-meter Twin Telescope, TTT1",28.298788704353285,-16.509580000000028
343.49053,0.881484,0.471429,"Two-meter Twin Telescope, TTT2",28.298788704353285,-16.50947000000002
352.13292,0.856451,0.515335,"High Atlas Window to the Kosmos,Oukaimeden",31.206016920309974,-7.867079999999987
343.49077,0.881482,0.471432,"Two-meter Twin Telescope, TTT3",28.298995159726633,-16.509230000000002
353.37238,0.786766,0.615329,"ApolloIV5, Fregenal de la Sierra",38.215837202159065,-6.627619999999979
353.37251,0.786768,0.615327,"Makroskooppi, Fregenal de la Sierra",38.21567589493517,-6.627490000000023
354.58128,0.786275,0.615972,"Abraham Zacut, Salamanca",38.26231661117042,-5.4187200000000075
359.79189,0.770614,0.635186,"Observatorio NovaCanet, Canet de Berenguer",39.68638667782774,-0.20810999999997648
356.38858,0.758313,0.649939,"Cotos de Monterrey, Venturada",40.78965202397545,-3.6114200000000096
359.46617,0.773792,0.631365,Tros Alt,39.400891685136884,-0.5338300000000231
359.9927,0.701911,0.709914,Observatoire de la grande vallee,45.517184012785556,-0.0072999999999865395
357.16642,0.673761,0.736498,"Brenehuen, Grand-Champ",47.73879545218191,-2.8335799999999836
356.5733,0.56175,0.82456,"Forthimage, Edinburgh",55.91332660958773,-3.4266999999999825
358.06548,0.630258,0.77381,"LPMR Observatory, Broad Chalke",51.02595418852441,-1.9345200000000204
359.04761,0.748699,0.660768,"Observatorio Arcosur, Zaragoza",41.621183246286975,-0.9523899999999799
358.11972,0.665503,0.743909,Observatoire de Bretagne,48.37526365831947,-1.8802800000000275
351.85389,0.727084,0.684321,"Magalofes Observatory, Fene",43.45668249052902,-8.146110000000022
357.48003,0.79601,0.603469,Observatorio de Seron,37.35183988893371,-2.5199700000000007
353.01194,0.741821,0.668656,"Trevinca Skies-Amalthea, Trevinca",42.222041804656016,-6.988060000000019
353.01194,0.741819,0.668659,"ASERO, Valdin",42.22224660650991,-6.988060000000019
353.01189,0.741825,0.66867,"Proxima Centauri Observatory, Valdin",42.222485049524025,-6.988110000000006
354.5553,0.73015,0.68115,"Observatorio ESTELIA, Ladines",43.203507521680756,-5.444700000000012
354.8335,0.802497,0.594854,"Ras Algethi, Ronda",36.73212312447059,-5.166499999999985
354.53482,0.787182,0.6148,"JD Cassini, Piconcillo",38.17717107794148,-5.465179999999975
355.43322,0.746699,0.663112,"Observatorio Azahar, Valoria la Buena",41.79808453752274,-4.566779999999994
354.58571,0.732833,0.678415,"LCB Lugueros observatory, Valdelugueros",42.98365900274474,-5.414289999999994
357.99864,0.785356,0.617157,Pradillos Ferez,38.3484722374835,-2.001359999999977
358.08932,0.762606,0.645079,Observatorio de Vega del Codorno,40.417334045506045,-1.9106800000000135
359.64303,0.713822,0.697993,"Bommes Observatory, Bommes",44.55002691567616,-0.3569699999999898
358.68692,0.617953,0.783613,"Southside Observatory, Steeple Aston",51.92785231001121,-1.3130800000000136
359.07299,0.748454,0.661036,Observatorio del Lucero del Alba,41.64203131018788,-0.9270099999999957
353.26586,0.798528,0.599968,"BOOTES-1, Mazagon",37.104084896688676,-6.734140000000025
352.13321,0.856462,0.515344,"OWL-Net, Oukaimeden",31.206134240406513,-7.86678999999998
352.13331,0.85645,0.515339,"HAO observatory, Oukaimeden",31.206243647115144,-7.8666900000000055
355.73346,0.76133,0.646426,"Rio Cofio, Robledo de Chavela",40.52372207001931,-4.26654000000002
352.98203,0.833809,0.550302,"MAO, Ain Laqsab",33.601400745959346,-7.017969999999991
355.36389,0.802644,0.594495,"Observatorio Horus, Cartama",36.71051613694564,-4.636109999999974
357.67324,0.787439,0.614746,"Marina Sky, Nerpio",38.16563881131596,-2.326759999999979
356.3605,0.798537,0.600132,"Ad Astra Sangos Observatory, Alhendin",37.11130870992668,-3.639499999999998
357.59139,0.794477,0.605566,"Telescope Live, Oria",37.50106971071827,-2.40861000000001
356.8786,0.62844,0.77527,"Old Orchard Observatory, Fiddington",51.15962899915308,-3.121399999999994
353.37235,0.786766,0.615329,"PGC, Fregenal de la Sierra",38.215837202159065,-6.627650000000017
358.96669,0.601635,0.796115,"Appledorne Observatory, Farnsfield",53.10610433953162,-1.0333099999999718
359.0961,0.78494,0.61762,"La Romaneta, Monovar",38.38415639141985,-0.9039000000000215
355.54519,0.802515,0.594662,"Observatorio AGP GUAM 4, Malaga",36.72264195913358,-4.454810000000009
353.37226,0.786773,0.615335,"ART, Fregenal de la Sierra",38.215860976066416,-6.627740000000017
359.65331,0.630352,0.773724,Southwater,51.01866190292386,-0.3466900000000237
358.95192,0.793166,0.607001,Asociacion Astronomica de Cartagena,37.61232409264188,-1.0480800000000272
343.48827,0.881476,0.471456,Tenerife-LCO Aqawan A #2,28.300375478073704,-16.51173
342.10811,0.877671,0.478415,"Gran Telescopio Canarias, Roque de los Muchachos",28.756647113368317,-17.89188999999999
342.11094,0.877701,0.47838,La Palma-TNG,28.754053280529696,-17.889059999999972
342.1217,0.87763,0.4785,La Palma-MERCATOR,28.762069328023884,-17.878300000000024
343.4883,0.881475,0.471455,Tenerife-LCO Aqawan A #1,28.300351881024355,-16.51170000000002
343.4894,0.88148,0.47143,"MASTER-IAC Observatory, Tenerife",28.298947961528928,-16.51060000000001
342.11492,0.877679,0.478433,"Nordic Optical Telescope, La Palma",28.757336026240065,-17.885080000000016
343.48848,0.881475,0.47146,"Tenerife Observatory-LCO B, Tenerife",28.300605529476925,-16.51152000000002
343.49031,0.881476,0.47145,"Artemis Observatory, Teide",28.300071098814705,-16.509689999999978
343.38969,0.88301,0.467899,"Observatorio Astronomico Arcangel, Las Zocas",28.07823234131199,-16.610310000000027
343.6998,0.87976,0.47393,"Observatorio Coralito, La Laguna",28.472496802546356,-16.300200000000018
357.67331,0.787438,0.614748,"Northern Skygems Observatory, Nerpio",38.16576472468335,-2.326689999999985
354.11944,0.751634,0.657576,Observatorio Astronomico Sobradillo,41.372247135390346,-5.880560000000003
355.525,0.586571,0.807215,"Glyn Marsh Observatory, Douglas",54.17841302690332,-4.475000000000023
343.48835,0.881474,0.471457,"Tenerife Observatory-LCO A, Tenerife",28.30048047336781,-16.511649999999975
358.98372,0.766879,0.64013,Observatorio Astrofisico de Javalambre,40.04190025669447,-1.0162799999999947
357.67331,0.787438,0.614748,"6ROADS Observatory 2, Nerpio",38.16576472468335,-2.326689999999985
359.11233,0.6128,0.787622,NNHS Drummonds Observatory,52.30208471183913,-0.8876700000000142
358.8985,0.76788,0.63877,OAO University Observatory Station Aras,39.94509896864552,-1.1014999999999873
354.94553,0.805224,0.591005,Cancelada,36.46106620900024,-5.054469999999981
357.80426,0.632788,0.771754,"Northolt Branch Observatory 3, Blandford Forum",50.83904779044154,-2.1957400000000007
351.15294,0.768722,0.637456,"Picoto Observatory, Leiria",39.85613959735925,-8.847059999999999
346.4989,0.87535,0.48189,Observatorio Costa Teguise,28.996157864624188,-13.501100000000008
355.5127,0.8024,0.59482,"El Manzanillo Observatory, Puerto de la Torre",36.733873129392045,-4.487300000000005
356.6264,0.76087,0.64689,"Irydeo Observatory, Camarma de Esteruelas",40.56113488157632,-3.3736000000000104
357.66579,0.631495,0.772801,"Rushay Farm Observatory, Sturminster Newton",50.934433914076116,-2.3342099999999846
357.46216,0.664742,0.744597,Landehen,48.43410571885668,-2.537840000000017
351.67248,0.728723,0.682549,"Observatorio Terminus, A Coruna",43.318118902280915,-8.327519999999993
355.14264,0.804657,0.591779,"Cosmos Observatory, Marbella",36.516212724263426,-4.857360000000028
356.807,0.623612,0.779131,Cardiff,51.51403173240613,-3.1929999999999836
357.2925,0.59846,0.79849,Runcorn,53.333337883658196,-2.707499999999982
359.74915,0.623799,0.778975,"Northolt Branch Observatory 2, Shepherd's Bush",51.500073913771374,-0.250850000000014
357.40631,0.591893,0.803336,Alston Observatory,53.80104169619922,-2.593689999999981
355.28431,0.744053,0.666069,Mazariegos,42.02591563321913,-4.715689999999995
356.4486,0.76313,0.64423,"Anunaki Observatory, Rivas Vaciamadrid",40.36066950324098,-3.551400000000001
359.33899,0.604299,0.794113,"The Studios Observatory, Grantham",52.91511959334065,-0.6610099999999761
352.1336,0.85645,0.51534,"TRAPPIST-North, Oukaimeden",31.206292917093293,-7.866399999999999
358.92214,0.623422,0.779306,"Greenmoor Observatory, Woodcote",51.52880406736122,-1.077859999999987
354.915,0.79391,0.60604,"Uraniborg Observatory, Ecija",37.542485131638855,-5.0849999999999795
350.2119,0.61577,0.78529,Knocknaboola,52.08563723033323,-9.788099999999986
355.42589,0.803207,0.593753,"Observatorio Zuben, Alhaurin de la Torre",36.65698776926688,-4.574110000000019
355.63068,0.762093,0.645483,ESA TBT Cebreros Observatory,40.4540764338495,-4.369320000000016
357.7154,0.599292,0.797871,Chelford Observatory,53.273908350968384,-2.2846000000000117
357.8506,0.73205,0.679,Observatorio Zaldibia,43.0388436810174,-2.149400000000014
359.064,0.748594,0.660857,"Montecanal Observatory, Zaragoza",41.629004984464615,-0.9359999999999786
351.62912,0.737181,0.673585,Observatorio Forcarei,42.61060842496751,-8.37088
358.47002,0.746291,0.663495,"Skybor Observatory, Borja",41.83008491541702,-1.5299800000000232
352.1424,0.74016,0.67021,Observatorio el Miron del Cielo,42.35217528484262,-7.857599999999991
352.17252,0.741388,0.668906,Observatorio Astronomico Corgas,42.24934979423257,-7.82747999999998
355.59156,0.783284,0.619848,"DeSS Deimos Sky Survey, Niefla Mountain",38.54357604829272,-4.408439999999985
353.52314,0.59732,0.799328,Dunboyne Castle Observatory,53.414419003334714,-6.476859999999988
353.4003,0.77964,0.62418,"Observatorio Torreaguila, Barbano",38.86867259678266,-6.599699999999984
353.187,0.79823,0.60034,Observatorio Mazagon Huelva,37.13146493349031,-6.812999999999988
353.35711,0.737583,0.673113,Ponferrada,42.57503493227392,-6.642890000000023
353.60972,0.773272,0.632064,"Observatorio Norba Caesarina, Aldea Moret",39.4508876655069,-6.390280000000018
353.88864,0.599295,0.797856,"Cademuir Observatory, Dalkey",53.273254600743,-6.111359999999991
353.96731,0.795365,0.604101,"Observatorio Nuevos Horizontes, Camas",37.40317663011231,-6.032690000000002
354.1562,0.7961,0.60315,Amanecer de Arrakis,37.334106306476,-5.8437999999999874
354.4676,0.73736,0.67346,"Observatorio Sirius, Las Lomas",42.59837915443213,-5.5323999999999955
354.5644,0.72675,0.6846,"Observatorio Carda, Villaviciosa",43.481487473170795,-5.435600000000022
354.88958,0.797212,0.601739,Osuna,37.23088392218119,-5.110419999999976
358.3242,0.788031,0.61369,"Arroyo Observatory, Arroyo Hurtado",38.096880963798085,-1.675799999999981
357.45327,0.797556,0.601783,Calar Alto TNO Survey,37.2209952283532,-2.546730000000025
359.62808,0.623054,0.779568,Northolt Branch Observatory,51.554660256539094,-0.3719199999999887
355.7324,0.80253,0.594629,Observatorio Estrella de Mar,36.72060479634587,-4.267600000000016
355.95897,0.802136,0.595174,"BOOTES-2 Observatory, Algarrobo",36.75925357987971,-4.041029999999978
356.2881,0.76033,0.64755,"Chicharronian 3C Observatory, Tres Cantos",40.61010034554841,-3.711900000000014
357.45184,0.79753,0.60183,Calar Alto-Schmidt,37.224050349474005,-2.5481599999999958
356.75028,0.801058,0.596932,Observatorio Sierra Contraviesa,36.87729074157727,-3.249720000000025
356.89,0.62347,0.77923,St. Mellons,51.52393364705778,-3.1100000000000136
357.1021,0.608005,0.791293,"Stanley Laver Observatory, Pontesbury",52.64821289254972,-2.897899999999993
357.5101,0.62716,0.77632,"Fosseway Observatory, Stratton-on-the-Fosse",51.25453946354784,-2.4898999999999774
357.8281,0.59942,0.79777,Macclesfield,53.2645667116951,-2.1718999999999937
357.8482,0.7954,0.60418,Albox,37.405575277616975,-2.15179999999998
358.74999,0.631731,0.772595,Curdridge,50.91648319776115,-1.2500099999999748
358.39222,0.591378,0.803713,"Almalex Observatory, Leeds",53.837615584013484,-1.607779999999991
359.85589,0.78238,0.620769,"Observatorio Polop, Alicante",38.61730232299252,-0.14411000000001195
358.8565,0.62725,0.77623,Kempshott,51.24728350636093,-1.1435000000000173
358.8909,0.76782,0.63883,Astronomia Para Todos Remote Observatory,39.949951843373775,-1.1091000000000122
359.19369,0.747818,0.661731,Observatorio Cesaraugusto,41.69612154255796,-0.8063099999999963
359.41647,0.704568,0.70727,"OPERA Observatory, Saint Palais",45.30207285354015,-0.5835299999999961
359.5216,0.77156,0.63405,"Observatorio TRZ, Betera",39.60146522132275,-0.4784000000000219
359.97874,0.595468,0.800687,"Clixby Observatory, Cleethorpes",53.54605934478254,-0.021259999999983847
