Longitude,cos,sin,Name
0.0,0.62411,0.77873,Greenwich
0.1542,0.62992,0.77411,Crowborough
0.62,0.622,0.781,Rayleigh
3.9,0.725,0.687,Montpellier
1.4625,0.7252,0.68627,Toulouse
2.231,0.659891,0.748875,Meudon
2.12417,0.751042,0.658129,"Fabra Observatory, Barcelona"
2.33675,0.65947,0.749223,Paris
3.0355,0.80172,0.59578,Algiers-Bouzareah
7.4417,0.6838,0.7272,Berne-Uecht
6.92124,0.723655,0.688135,Caussols
8.7975,0.6792,0.73161,Wetzikon
4.35821,0.633333,0.771306,Uccle
4.48397,0.614813,0.786029,Leiden
5.39509,0.728859,0.682384,Marseilles
5.12929,0.61577,0.785285,Utrecht
5.9893,0.68006,0.73076,Besancon
6.84924,0.641946,0.764282,Hoher List
6.7612,0.62779,0.77578,Dusseldorf-Bilk
6.9575,0.68331,0.72779,Neuchatel
7.3004,0.72391,0.68767,Nice
8.3855,0.65701,0.75138,Karlsruhe
7.7748,0.7079,0.70409,Pino Torinese
8.2625,0.64299,0.76335,Wiesbaden
8.7216,0.65211,0.7557,Heidelberg-Konigstuhl
9.1965,0.660205,0.748637,Stuttgart
7.46511,0.684884,0.726402,Berne-Zimmerwald
9.1912,0.70254,0.70929,Milan
9.9363,0.64686,0.76009,Wurzburg
10.2406,0.5964,0.8,Hamburg-Bergedorf
11.25446,0.723534,0.688012,"Arcetri Observatory, Florence"
11.18985,0.639061,0.766705,Sonneberg
11.58295,0.631624,0.772706,Jena
11.71124,0.630904,0.773338,"Karl Schwarzschild Observatory, Tautenburg"
12.45246,0.745176,0.664656,"Monte Mario Observatory, Rome"
12.57592,0.565008,0.822321,Copenhagen
12.6504,0.747247,0.66242,Castel Gandolfo
13.7333,0.7366,0.67416,"Collurania Observatory, Teramo"
13.7704,0.70033,0.71144,Trieste
13.1874,0.56485,0.82243,Lund
13.7298,0.63019,0.77387,"Lohrmann Institute, Dresden"
11.38083,0.679862,0.731012,Innsbruck
13.06428,0.611721,0.788439,Potsdam
11.52643,0.697656,0.714269,"Asiago Astrophysical Observatory, Padua"
14.2559,0.75738,0.65082,"Capodimonte Observatory, Naples"
16.339,0.66739,0.74227,Vienna (since 1879)
14.2881,0.65922,0.74965,"Klet Observatory, Ceske Budejovice"
16.8782,0.61146,0.78864,Poznan
15.8408,0.641709,0.764432,Hradec Kralove
17.6067,0.5088,0.858,Uppsala-Kvistaberg
18.0582,0.51118,0.8566,Stockholm (before 1931)
18.4766,0.83055,-0.55508,"Royal Observatory, Cape of Good Hope"
18.3083,0.51224,0.85597,Stockholm-Saltsjobaden
18.9642,0.67688,0.73373,"Konkoly Observatory, Budapest (since 1933)"
11.6654,0.56595,0.82169,Brorfelde
19.9596,0.64321,0.76316,Cracow
20.23418,0.655001,0.75347,Skalnate Pleso
20.5133,0.71074,0.70116,Belgrade
20.495,0.57897,0.81262,Kaliningrad
20.2201,0.655,0.75364,Lomnicky Stit
21.42,0.61572,0.78535,Warsaw-Ostrowik
22.2985,0.662142,0.746904,Uzhhorod
22.2293,0.4944,0.86632,Turku
22.445,0.49496,0.86601,Turku-Tuorla
22.75,0.49489,0.86605,Turku-Kevola
12.6318,0.67222,0.738,Traunstein
23.71817,0.789321,0.611946,Athens
24.0297,0.64632,0.76058,Lviv University Observatory
24.0142,0.64627,0.76062,Lviv Polytechnic Institute
24.4042,0.54925,0.83287,Baldone
25.2865,0.5794,0.81233,Vilnius (before 1939)
24.73782,0.74803,0.66185,"NAO Rozhen, Smolyan"
7.17,0.629,0.774,Scheuren Observatory
26.09391,0.715515,0.696285,Bucharest
26.4058,0.87518,-0.48263,"Boyden Observatory, Bloemfontein"
26.7216,0.52557,0.84791,Tartu
27.8768,0.90127,-0.43225,Johannesburg-Hartbeespoort
28.0292,0.89819,-0.43876,"Yale-Columbia Station, Johannesburg"
28.075,0.89824,-0.43868,Johannesburg
28.2288,0.9012,-0.43251,"Radcliffe Observatory, Pretoria"
28.9667,0.75566,0.65278,Istanbul
27.8768,0.90127,-0.43225,"Leiden Station, Johannesburg"
15.7561,0.66929,0.74063,St. Polten
30.5056,0.63918,0.76651,Holosiivskyi district-Kyiv
30.3274,0.50471,0.86041,Pulkovo
30.5023,0.638,0.76749,Kyiv
30.7582,0.68987,0.72152,Odesa
31.3411,0.86799,0.49495,Helwan
31.82769,0.867391,0.496114,Kottomia
31.9747,0.68359,0.72743,Mykolaiv
8.25,0.645,0.762,Mainz
4.20919,0.70363,0.708287,"Observatoire de Nurol, Aurec sur Loire"
18.5546,0.60177,0.79601,Torun-Piwnice
20.3647,0.3537,0.9322,Skibotn
33.9974,0.71565,0.6962,Crimea-Simeiz
34.016,0.71172,0.70024,Crimea-Nauchnyi
9.4283,0.69967,0.71215,Merate
34.7625,0.86165,0.50608,"Wise Observatory, Mitzpeh Ramon"
11.569,0.697916,0.71409,"Asiago Observatory, Cima Ekar, 182 cm Copernicus"
25.53529,0.484073,0.872114,Lahti
24.14145,0.461165,0.88437,Ahtari
36.2322,0.64403,0.76246,Kharkiv
36.75953,0.564841,0.822468,Zvenigorod
14.52774,0.695365,0.716346,Ljubljana
10.80375,0.719842,0.69204,San Marcello Pistoiese
37.5706,0.56403,0.82302,Moscow
14.0711,0.69662,0.71519,Crni Vrh
11.003,0.70998,0.70186,Cavezzo
11.0278,0.72367,0.68784,Montelupo
3.0705,0.80241,0.59481,Algiers-Kouba
39.415,0.54316,0.83683,Rostov
10.9721,0.72439,0.6871,"Piazzano Observatory, Florence"
10.9039,0.70232,0.7095,"Pleiade Observatory, Verona"
13.0166,0.63502,0.77001,"Volkssternwarte Drebach, Schoenbrunn"
41.4277,0.72489,0.68702,"Engelhardt Observatory, Zelenchukskaya Station"
41.44067,0.725004,0.686912,Zelenchukskaya
11.5958,0.66893,0.74094,Giesing
11.5385,0.66897,0.74092,Sendling
17.274,0.66558,0.74394,"Astronomical and Geophysical Observatory, Modra"
42.82,0.74731,0.66262,Abastuman
13.7261,0.70489,0.70699,Visnjan
36.93403,0.648856,0.758394,"Kharkiv University, Chuhuivskyi district Station"
3.5035,0.72017,0.69176,Pises Observatory
44.2917,0.76352,0.64398,Byurakan
2.255,0.72534,0.68612,Castres
44.7895,0.747594,0.662026,Tbilisi
9.79015,0.718943,0.692828,Monte Viseggi L. Zannoni Observatory
6.9797,0.63385,0.77088,Bornheim
46.00661,0.623279,0.779393,Saratov
45.92,0.777,0.628,Ordubad
10.23963,0.700148,0.711796,Lumezzane
4.725,0.7123,0.6996,Observatoire de l'Ardeche
5.2461,0.71919,0.6926,Bedoin
5.0906,0.72819,0.68309,Les Tardieux
11.48245,0.631607,0.772773,Groszschwabhausen
49.121,0.56353,0.82334,Kasan
48.8156,0.56282,0.82383,"Engelhardt Observatory, Kasan"
34.8147,0.84821,0.5279,Givatayim Observatory
7.5717,0.6755,0.73494,Village-Neuf
7.1108,0.72526,0.68618,Antibes
3.6294,0.69945,0.71241,Augerolles
7.3672,0.65646,0.75189,Hottviller
7.1874,0.62156,0.78075,Sinsen
9.02406,0.692986,0.71859,Gnosca
1.666,0.65549,0.75268,Bray et Lu
4.5597,0.62734,0.77614,'s-Gravenwezel
10.6673,0.71715,0.69487,Frignano
8.57391,0.70043,0.711392,Osservatorio Astronomico di Suno
2.0375,0.72481,0.68667,Guitalens
4.2236,0.65403,0.75396,Beine-Nauroy
2.1572,0.65806,0.75045,Maisons Laffitte
8.744,0.67719,0.73346,"Eschenberg Observatory, Winterthur"
25.5633,0.57036,0.81868,Moletai Astronomical Observatory
9.1747,0.6608,0.74814,Stuttgart-Hoffeld
12.1043,0.68923,0.7225,Cortina
10.1971,0.55864,0.82664,"Ole Romer Observatory, Aarhus"
15.0858,0.79431,0.60549,Catania Astrophysical Observatory
12.8117,0.74166,0.66864,Frasso Sabino
7.6033,0.69871,0.71333,Promiod
10.5153,0.72065,0.69115,Monte Agliale
10.84144,0.722651,0.688913,Castelmartini
8.1605,0.70725,0.70467,Cerrina Tololo Observatory
15.7805,0.75988,0.64808,Potenza
6.1492,0.65017,0.75731,"Roeser Observatory, Luxembourg"
6.8861,0.66631,0.74325,St. Michel sur Meurthe
1.7553,0.74984,0.65946,"Piera Observatory, Barcelona"
16.0117,0.6373,0.76812,Upice
8.5727,0.67662,0.73398,Bulach Observatory
59.5472,0.54541,0.83541,Kourovskaya
8.4016,0.70737,0.70453,Airali Observatory
1.9206,0.75217,0.65711,Observatorio de Begues
14.4697,0.81089,0.58327,"Flarestar Observatory, San Gwann"
7.0364,0.68593,0.72539,Onnens
55.5061,0.93464,-0.35447,"St. Clotilde, Reunion"
25.5131,0.46536,0.88219,"Nyrola Observatory, Jyvaskyla"
7.6083,0.6932,0.7188,"F.-X. Bagnoud Observatory, St-Luc"
2.8225,0.77098,0.63475,Observatorio Astronomico de Consell
3.9414,0.72477,0.68669,Le Cres
6.1344,0.69423,0.71745,Collonges
9.0175,0.69694,0.71507,Monte Generoso
3.9519,0.72571,0.6857,Mauguio
55.41,0.93288,-0.35941,"Observatoire des Makes, Saint-Louis"
55.2586,0.93394,-0.35634,"St. Paul, Reunion"
41.42,0.72496,0.68695,"Starlab Observatory, Karachay-Cherkessia"
6.0361,0.72081,0.69097,"Valmeca Observatory, Puimichel"
7.4219,0.67876,0.732,Observatoire Astronomique Jurassien-Vicques
66.8821,0.77679,0.62781,Kitab
17.0733,0.61314,0.78735,"Astronomical Observatory, Borowiec"
66.89555,0.782059,0.621762,Maidanak
6.1514,0.6934,0.71823,Geneva (before 1967)
68.6819,0.78382,0.61909,Gissar
68.7811,0.78306,0.62006,Dushanbe
69.2936,0.75213,0.65692,Tashkent
69.2178,0.78648,0.6161,Sanglok
18.0094,0.91807,-0.39579,Tivoli
11.4492,0.66804,0.74174,"Untermenzing Observatory, Munich"
7.3331,0.65296,0.7549,Homburg-Erbach
12.1836,0.71739,0.69434,Bastia
8.75674,0.662195,0.746924,Wildberg
2.438,0.66659,0.74294,"Telescope Jean-Marc Salomon, Buthiers"
4.3036,0.63385,0.77088,Beersel Hills Observatory
7.6033,0.69871,0.71332,Jonathan B. Postel Observatory
5.8997,0.73137,0.67971,"Tamaris Observatoire, La Seyne sur Mer"
8.99548,0.701614,0.710215,GiaGa Observatory
8.76972,0.697648,0.714307,Schiaparelli Observatory
11.2731,0.71478,0.69703,"Obs. Casalecchio di Reno, Bologna"
10.5667,0.4922,0.8677,"Haagaar Observatory, Eina"
9.3065,0.70156,0.71025,Osservatorio Antonio Grosso
9.5875,0.70893,0.70294,Rivalta
11.56883,0.697904,0.7141,"Asiago Observatory, Cima Ekar, 67/92 cm Schmidt"
76.9573,0.73042,0.68104,Alma-Ata
11.1764,0.72338,0.68815,Scandicci
355.35747,0.803253,0.593708,Observatorio La Dehesilla
2.38539,0.749843,0.659421,Observatorio Montcabre
11.6569,0.66709,0.74258,Garching Observatory
10.7328,0.67021,0.73981,Buchloe
5.6914,0.65732,0.75114,Observatoire des Cote de Meuse
77.87114,0.730114,0.681643,Assah
78.4541,0.95444,0.29768,Hyderabad
78.7283,0.95618,0.29216,Japal-Rangapur
78.8263,0.97627,0.21634,"Vainu Bappu Observatory, Kavalur"
16.3617,0.919631,-0.392203,"IAS Observatory, Hakos"
2.4939,0.66113,0.74777,Yerres-Canotiers
80.2464,0.97427,0.22465,Madras
7.50171,0.673178,0.737048,Ottmarsheim
288.825,0.7298,0.6814,Northwood Ridge Observatory
11.8858,0.70293,0.70888,"Guido Ruggieri Observatory, Padua"
281.2853,0.73683,0.67392,"OrbitJet Observatory, Colden"
13.875,0.70038,0.71147,"Bruno Zugna Observatory, Trieste"
14.9743,0.75936,0.64857,"G. C. Gloriosi Astronomical Observatory, Salerno"
12.0133,0.6744,0.7363,Mt. Wendelstein Observatory
5.3983,0.64403,0.76253,Vesqueville
1.3317,0.75,0.6593,Masquefa Observatory
10.5403,0.72226,0.68931,"Sauro Donati Astronomical Observatory, San Vito"
1.12833,0.614951,0.785931,Coddenham Observatory
13.11352,0.696669,0.714993,"CAST Observatory, Talmassons"
84.9465,0.5537,0.82995,Tomsk
2.7333,0.6822,0.7288,Baugy
10.9094,0.50204,0.86197,Grorudalen Optical Observatory
8.4114,0.64506,0.76159,Trebur
8.83317,0.662308,0.746832,Herrenberg Sternwarte
13.47,0.66465,0.74474,Schaerding
1.6956,0.72681,0.6846,Varennes
9.413,0.59572,0.8005,"Umbrella Observatory, Fredenbeck"
0.0,0.0,0.0,Geocentric Occultation Observation
,,,Spitzer Space Telescope
14.28476,0.659216,0.749664,Klet Observatory-KLENOT
,,,Roving Observer
0.0,0.0,0.0,Hipparcos
,,,SOHO
,,,Hubble Space Telescope
293.24692,0.949577,0.312734,Arecibo
243.20512,0.817719,0.573979,"Goldstone DSS 13, Fort Irwin"
243.11047,0.815913,0.57651,"Goldstone DSS 14, Fort Irwin"
288.51128,0.736973,0.673692,"Haystack, Westford"
33.18689,0.705965,0.705886,Yevpatoriya
280.16017,0.784451,0.61832,Green Bank
243.12461,0.816796,0.575252,"Goldstone DSS 25, Fort Irwin"
,,,Gaia
19.22586,0.349828,0.933688,EISCAT Tromso UHF
149.0661,0.8556,-0.51626,Siding Spring Observatory-DSS
243.14022,0.836325,0.546877,Palomar Mountain-DSS
289.26626,0.87344,-0.486052,"European Southern Observatory, La Silla-DSS"
148.98146,0.816176,-0.576054,Canberra DSS 35
148.97854,0.816182,-0.576043,Canberra DSS 36
148.98127,0.816109,-0.576148,Canberra DSS 43
204.52396,0.941711,0.337239,New Horizons KBO Search-Subaru
204.53109,0.941717,0.33724,New Horizons KBO Search-CFHT
289.30803,0.875516,-0.482342,Magellan-Clay Telescope
289.30914,0.87551,-0.482349,Magellan-Baade Telescope
,,,"Unistellar Network, Roving Observer"
149.55014,0.864051,-0.50179,"ATCA, W196 reduction, DSS 47"
148.98196,0.816149,-0.576092,Canberra DSS 34
,,,Euclid
,,,James Webb Space Telescope
,,,Non-geocentric Occultation Observation
20.38279,0.608295,0.791076,Plonsk
356.8175,0.56158,0.82467,"Royal Observatory, Blackford Hill, Edinburgh"
116.4494,0.76818,0.63809,"Peking, Transit of Venus site"
10.72822,0.631526,0.772827,"Seeberg Observatory, Gotha (1787-1857)"
8.9118,0.60114,0.79646,Lilienthal
11.3522,0.71448,0.69733,Bologna
4.3603,0.72245,0.68912,Nimes
8.8163,0.60204,0.79579,Bremen
15.8311,0.60536,0.79329,Driesen
2.3708,0.66135,0.74759,"Flammarion Observatory, Juvisy"
102.7883,0.90694,0.42057,Yunnan Observatory
133.80983,0.850085,-0.524929,"Ceduna 30, UTAS"
,,,SPHEREx
,,,Nancy Grace Roman Space Telescope
250.10799,0.842743,0.537438,Mt. Graham-VATT
248.40024,0.849471,0.52647,LPL/Spacewatch II
285.1058,0.7663,0.64033,"Burlington, New Jersey"
285.5899,0.76936,0.63668,Burlington remote site
285.8467,0.76031,0.64739,"Astrophysical Obs., College of Staten Island"
283.0,0.7789,0.6251,"Catholic University Observatory, Washington"
286.22,0.7366,0.67407,"Dudley Observatory, Albany (after 1893)"
286.819,0.7203,0.6913,Middlebury
287.3408,0.74943,0.65988,Van Vleck Observatory
107.616,0.99316,-0.11808,"Bosscha Observatory, Lembang"
133.54444,0.82337,0.56572,Bisei Spaceguard Center-BATTeRS
288.8467,0.70279,0.70926,Mont Megantic
288.88,0.99,0.15,University of the Andes station
289.1296,0.9889,0.15185,"OAN de Llano del Hato, Merida"
289.30858,0.875513,-0.482346,Las Campanas Observatory
109.5514,0.82066,0.56963,"Purple Mountain, Hainan Island station"
290.6769,0.98477,0.17381,"Observatorio Taya Beixo, Barquisimeto"
287.7166,0.7241,0.68743,"Shattuck Observatory, Hanover"
138.36276,0.808792,0.58653,"Usuda Deep Space Center, 64-m, Nagano"
289.59569,0.909943,-0.414336,Cerro Paranal
288.87164,0.739802,0.670574,Minor Planet Center Test Code
,,,NOAA GOES-19
112.334,0.9574,0.2877,"Tsingtao field station, Xisha Islands"
,,,NASA Parker Solar Probe
,,,NOAA SOLAR-1
,,,ESA Solar Orbiter
115.691,0.85206,-0.5217,Quinns Rock
116.135,0.84883,-0.52702,"Perth Observatory, Perth-Lowell Telescope"
116.4381,0.85859,-0.51102,Chiro Observatory
115.7571,0.85078,-0.52378,Craigie
116.134,0.84882,-0.52703,"Perth Observatory, Bickley-MCT"
116.135,0.84882,-0.52703,"Perth Observatory, Bickley"
116.3277,0.76598,0.64072,"Peking Observatory, Shaho Station"
117.575,0.76278,0.6447,"Peking Observatory, Xinglong Station"
118.8209,0.84828,0.52788,"Purple Mountain Observatory, Nanking"
,,,Jupiter Icy Moons Explorer (JUICE)
249.5236,0.84936,0.52642,Desert Eagle Observatory
120.3196,0.80925,0.58552,Tsingtao
,,,PUNCH
,,,Lucy
121.1843,0.85708,0.51348,Sheshan
,,,Psyche
,,,Trace Gas Orbiter
135.4853,0.82199,0.56762,Toyonaka
137.9486,0.80669,0.58923,Akashina
134.3189,0.83425,0.54955,Shishikui
127.1258,0.78688,0.61507,Younchun
128.9767,0.80841,0.58695,Bohyunsan Optical Astronomy Observatory
128.4575,0.80046,0.59773,Sobaeksan Optical Astronomy Observatory
127.3854,0.80474,0.59166,KNUE Astronomical Observatory
139.9086,0.80417,0.59244,Utsunomiya-Imaizumi
135.2669,0.81698,0.57475,Ayabe
139.56622,0.810402,0.583916,Ageo
139.2635,0.80504,0.59132,Kurohone
135.8678,0.81939,0.57135,Sakamoto
136.1778,0.82061,0.56963,Konan
135.0648,0.82265,0.56669,Nishi Kobe
140.0206,0.80109,0.59674,Kawachi
139.2133,0.81618,0.5759,Hadano
141.0867,0.78319,0.6197,Kogota
140.0064,0.80807,0.58712,Shimotsuma
140.1586,0.78856,0.61296,Nanyo
135.1719,0.82782,0.55912,Wakayama
132.9442,0.83314,0.55138,Kuma Kogen
134.8933,0.82649,0.56106,Sumoto
140.655,0.73673,0.67398,Ray Observatory
130.7703,0.83416,0.54967,Yamada
130.5747,0.85213,0.52164,YCPM Kagoshima Station
135.9579,0.82597,0.56196,Uto Observatory
138.3003,0.81147,0.58267,Miyasaka Observatory
133.167,0.81504,0.57747,Yatsuka
138.8117,0.81213,0.58191,Ochiai
139.15,0.8101,0.5844,Chichibu
133.5273,0.83424,0.54956,Kochi
133.5965,0.82433,0.56431,Tokyo-Okayama
133.8276,0.8345,0.5492,Geisei
135.3397,0.82866,0.55797,Oishi
134.7196,0.81915,0.57174,Minami-Oda Observatory
134.8708,0.8206,0.5697,Uzurano
139.0392,0.81321,0.58022,Uenohara
135.7933,0.82014,0.57031,"Kwasan Observatory, Kyoto"
136.01132,0.824347,0.56431,Murou
137.6279,0.823,0.56613,Hamamatsu-Yuto
137.0349,0.8219,0.56772,Ishiki
137.62542,0.812172,0.581777,Tokyo-Kiso
137.5553,0.80915,0.58639,Tokyo-Norikura
137.8959,0.80218,0.59526,Chirorin
138.1792,0.8219,0.5678,Shimada
138.468,0.82039,0.56997,Nihondaira Observatory
138.3217,0.81121,0.58309,Yatsugatake-Kobuchizawa
139.1944,0.81,0.58469,Tokyo-Dodaira
139.5421,0.8133,0.57991,Tokyo-Mitaka
139.7447,0.81347,0.57965,Tokyo (before 1938)
139.8725,0.80425,0.59234,Utsunomiya
140.77843,0.786177,0.61596,"Sendai Observatory, Ayashi Station"
141.3667,0.73355,0.67741,JCPM Sapporo Station
140.1292,0.809,0.5858,JCPM Sakura Station
142.3208,0.70692,0.70493,JCPM Hamatonbetsu Station
142.3583,0.7224,0.6891,Tokyo-Asahikawa
142.4208,0.7236,0.6879,Asahikawa
141.4761,0.7321,0.67892,Sapporo Science Center
139.108,0.8087,0.5863,Nagatoro
144.59,0.73158,0.6795,Kushiro
143.7827,0.72344,0.68811,Kitami
139.4208,0.8088,0.5861,Oosato
136.3078,0.818,0.57335,Dynic Astronomical Observatory
137.0556,0.81593,0.57625,Kani
140.9292,0.7909,0.6099,Yamamoto
139.3292,0.8069,0.5887,Kamihoriguchi
141.8233,0.72946,0.68174,Bibai
140.3099,0.78426,0.61837,Kahoku
138.1747,0.81121,0.58328,Nyukasa
139.5211,0.81234,0.58124,Kiyose and Mizuho
134.891,0.81883,0.57222,Sengamine
139.417,0.80739,0.58805,Oizumi
140.5991,0.80011,0.59803,Iwaki
149.06608,0.855595,-0.516262,Siding Spring Observatory
149.0077,0.81694,-0.57499,Mount Stromlo
149.0636,0.81615,-0.57606,Kambah
149.1336,0.81701,-0.57485,Barton
137.1371,0.79611,0.60317,Yanagida Astronomical Observatory
150.94034,0.857259,-0.513294,Tamworth
150.8329,0.8337,-0.55038,Windsor
151.205,0.83126,-0.55404,Sydney
133.765,0.83244,0.55262,"Mt. Kajigamori, Otoyo"
151.0461,0.85503,-0.51709,Loomberah
151.12473,0.831807,-0.553222,North Ryde
149.0658,0.81758,-0.57405,Macquarie
152.9316,0.88796,-0.45843,"Taylor Range Observatory, Brisbane"
136.8217,0.85618,-0.51498,Woomera
138.7283,0.82667,-0.56084,Stockport
153.397,0.88271,-0.46837,Reedy Creek
149.04,0.81761,-0.57402,Hawker
149.2123,0.8555,-0.51623,"Rainbow Observatory, near Coonabarabran"
149.7578,0.83548,-0.54793,"Mt. Tarana Observatory, Bathurst"
153.08222,0.86379,-0.502166,Boambee
152.1078,0.84197,-0.53771,Bagnall Beach Observatory
10.9206,0.70765,0.70419,S. Benedetto Po
11.8936,0.7033,0.70852,"G. Colombo Astronomical Observatory, Padua"
11.3356,0.71658,0.69528,Osservatorio di Livergnano
284.6971,0.767,0.63953,Haverford
287.3621,0.74059,0.66978,"Smith College Observatory, Northampton"
253.2539,0.81156,0.58288,"ROTSE-III, Los Alamos"
278.6842,0.73025,0.68097,Elginfield Observatory
357.1697,0.55559,0.82867,"Swilken Brae, St. Andrews"
357.4822,0.7477,0.6619,Gualba Observatory
301.4656,0.8237,-0.56513,"Obs. Astronomico Plomer, Buenos Aires"
243.2794,0.83507,0.54868,Star Cruiser Observatory
359.42,0.7802,0.6235,Observatorio d'Ontinyent
262.1666,0.87049,0.49058,"Kingsnake Observatory, Seguin"
255.2056,0.77154,0.63448,Centennial Observatory
253.2801,0.84543,0.53268,"Desert Moon Observatory, Las Cruces"
279.6503,0.82617,0.56156,"Griffin Hunter Observatory, Bethune"
279.3339,0.81857,0.57254,"Carla Jane Observatory, Charlotte"
262.7569,0.79447,0.60536,"West Skies Observatory, Mulvane"
279.1063,0.898,0.4385,"Big Cypress Observatory, Fort Lauderdale"
242.1331,0.8203,0.57021,Edwards Raven Observatory
283.37678,0.774542,0.630425,Maryland Space Grant Consortium Observatory
237.9636,0.78912,0.61218,CBA Concord
358.8278,0.61348,0.78709,Daventry Observatory
18.3403,0.66221,0.74685,Partizanske
355.9806,0.75992,0.64805,Guadarrama Observatory
288.1172,0.72607,0.68538,"Smith River Observatory, Danbury"
265.9981,0.8301,0.55579,"Area 52 Observatory, Nashville"
19.89367,0.671543,0.738689,"University of Szeged, Piszkesteto Stn. (Konkoly)"
283.0842,0.77905,0.62488,Mount Belleview Observatory
254.7375,0.76726,0.63959,"Sommers-Bausch Observatory, Boulder"
288.5013,0.75109,0.65799,"Toby Point Observatory, Narragansett"
174.7801,0.80166,-0.59578,Takapuna
174.8487,0.8002,-0.5977,"Mount Molehill Observatory, Auckland"
174.7766,0.80058,-0.59724,Auckland Observatory
13.3296,0.74652,0.66349,"Astronomical Observatory, Campo Catino"
7.382,0.67873,0.73205,Courroux
13.32756,0.749268,0.660088,Ceccano
8.2389,0.56364,0.82325,Houstrup
6.3203,0.71225,0.69998,Merlette
13.31661,0.694793,0.716822,Remanzacco
170.46496,0.720773,-0.691079,"Mount John Observatory, Lake Tekapo"
7.6965,0.70747,0.70443,Turin (before 1913)
7.14074,0.706597,0.705359,"Grange Observatory, Bussoleno"
0.4856,0.62103,0.78117,Galleywood
3.0896,0.72548,0.68597,Lamalou-les-Bains
6.0505,0.7302,0.68096,Sollies-Pont
0.7733,0.61466,0.78616,Cockfield
7.93067,0.595365,0.800771,Moorwarfen
357.1854,0.5556,0.82866,St. Andrews
173.8036,0.74734,-0.66254,"Carter Observatory, Black Birch Station"
174.7594,0.75191,-0.65706,"Happy Valley, Wellington"
174.7654,0.75256,-0.65635,"Carter Observatory, Wellington"
175.47,0.765,-0.643,Palmerston North
355.4444,0.56858,0.81989,Macnairston Observatory
358.3664,0.57486,0.81553,Newcastle-upon-Tyne
359.87,0.612,0.788,Hemingford Abbots
358.0,0.633,0.772,Wimborne Minster
356.9,0.76131,0.64644,Centro Astronomico de Yebes
358.47,0.605,0.795,Mickleover
357.4542,0.79753,0.60182,Calar Alto
357.8361,0.61126,0.78879,Stakenbridge
357.66247,0.597857,0.798936,Altrincham
358.686,0.6311,0.7731,Bishopstoke
359.29449,0.622323,0.78016,Loudwater
359.2581,0.61334,0.78718,Earls Barton
359.79078,0.625578,0.777562,Cheam
0.0,0.0,0.0,Geocentric
0.3475,0.63237,0.77208,Herstmonceux
0.84793,0.618111,0.783475,Colchester
0.0948,0.614,0.78667,Cambridge
4.3944,0.68553,0.7257,Le Creusot
4.5639,0.6229,0.7797,Simon Stevin
9.96,0.598,0.797,Bendestorf
5.22,0.617,0.783,Nyenheim
5.29,0.617,0.783,Zeist
5.8725,0.73132,0.67976,La Seyne sur Mer
8.0256,0.63185,0.77257,Siegen
5.7157,0.7214,0.69034,Haute Provence
4.4893,0.61477,0.78606,Leiden (before 1860)
4.7855,0.69971,0.71209,Lyons
8.438,0.6513,0.7563,Mundenheim (1907-1913)
7.4956,0.64656,0.76038,"Volkssternwarte Dhaun, near Kirn"
9.97321,0.595399,0.800741,Hamburg (before 1909)
6.1358,0.69201,0.71957,Geneva (from 1967)
9.9727,0.59545,0.80071,"Marine Observatory, Hamburg"
8.2867,0.62598,0.77729,Meschede
7.0966,0.63427,0.77053,Bonn
10.88794,0.645624,0.761154,"Remeis Observatory, Bamberg"
7.7677,0.66279,0.74633,Strasbourg
8.6512,0.64251,0.76374,Frankfurt
8.4605,0.6509,0.7566,Mannheim
8.76917,0.633171,0.771473,Marburg
10.1477,0.58426,0.80886,Kiel
9.9431,0.5955,0.8007,Altona
9.9426,0.6234,0.77931,Gottingen
10.7229,0.50259,0.86163,Christiania
10.6898,0.5911,0.8039,Lubeck
12.4797,0.74545,0.66434,"Collegio Romano, Rome"
11.6084,0.66853,0.7413,Munich
11.8715,0.70335,0.70847,Padua
12.3913,0.62606,0.77719,Leipzig (since 1861)
13.3578,0.78782,0.61386,Palermo
13.1062,0.61135,0.78873,Berlin-Babelsberg
13.3642,0.6097,0.79,"Urania Observatory, Berlin"
13.8461,0.70998,0.70187,Pola
14.1316,0.66968,0.74024,Kremsmunster
14.2753,0.6647,0.74477,Linz
14.3953,0.64306,0.76331,Prague
13.0374,0.6091,0.7904,Falkensee
12.3688,0.626,0.7772,Leipzig (before 1861)
13.35131,0.610644,0.789263,"Wilhelm Foerster Observatory, Berlin"
16.3817,0.66767,0.742,Vienna (before 1879)
16.3549,0.6676,0.74207,"Oppolzer Observatory, Vienna"
17.0363,0.62904,0.77479,Breslau
13.395,0.60999,0.78976,Berlin (1835-1913)
17.6257,0.50341,0.86116,Uppsala
11.4196,0.5943,0.8015,Schwerin
18.1895,0.67201,0.73808,Hurbanovo
11.3418,0.71485,0.697,"Osservatorio S. Vittore, Bologna"
18.9938,0.64002,0.76574,Chorzow
8.3959,0.63684,0.76845,"Burgsolms Observatory, Wetzlar"
19.8263,0.64336,0.76306,Cracow-Fort Skala
11.26,0.675,0.734,"Reintal, near Munich"
14.77961,0.64525,0.761529,Ondrejov
21.0303,0.61396,0.78672,Warsaw
14.98,0.793,0.607,Serra La Nave
10.931,0.703262,0.708561,Madonna di Dossobuono
19.89367,0.671543,0.738689,Piszkesteto Stn. (Konkoly)
15.9236,0.66938,0.74062,"Figl Observatory, Vienna"
13.6,0.671,0.739,Seewalchen
11.19,0.671,0.741,Herrsching
10.1344,0.70437,0.70746,Bassano Bresciano
203.7424,0.93623,0.35156,Haleakala-NEAT/GEODSS
12.7117,0.69783,0.71387,Chions
204.5278,0.94171,0.33725,Maunakea
24.9587,0.49891,0.86375,Helsinki
25.299,0.5794,0.8123,Vilnius (since 1939)
10.63,0.704,0.708,Cavriana
6.89,0.631,0.772,Cologne
9.6612,0.6145,0.7862,Eldagsen
10.2667,0.70463,0.70721,Gottolengo
6.808,0.68219,0.72894,La Chaux de Fonds
0.376,0.63067,0.77346,Burwash
7.5,0.678,0.734,Metzerlen Observatory
27.99,0.898,-0.439,Linden Observatory
8.85,0.711,0.701,Novi Ligure
15.4936,0.68242,0.72862,Graz
22.8,0.83,-0.556,Sedgefield
1.2408,0.61682,0.78447,Orwell Park
30.2717,0.69087,0.72056,Odesa-Mayaky
30.2946,0.50213,0.86189,Leningrad
30.52462,0.640067,0.765748,Kyiv comet station
0.1423,0.73358,0.67799,Pic du Midi
9.22918,0.697459,0.714479,Sormano
11.25,0.715,0.697,Eremo di Tizzano
12.64369,0.738223,0.672386,Santa Lucia Stroncone
7.46,0.678,0.734,Metzerlen
9.6258,0.60995,0.78979,Resse Observatory
7.02114,0.628245,0.775437,Solingen
11.17,0.739,0.671,Monte Argentario
13.2033,0.74497,0.66529,Monte Autore
13.52578,0.696925,0.714749,Farra d'Isonzo
12.6183,0.74446,0.66545,Colleverde di Guidonia
9.6631,0.61461,0.78621,Springe
11.33409,0.717444,0.694448,Loiano
13.55764,0.739311,0.671604,Campo Imperatore-CINEOS
11.4708,0.71618,0.69564,"TLC Observatory, Bologna"
13.7281,0.63009,0.77394,"Engelhardt Observatory, Dresden"
16.3854,0.66764,0.74203,"Urania Observatory, Vienna"
10.13,0.58622,0.80745,Bothkamp
13.47524,0.610235,0.789572,"Archenhold Sternwarte, Berlin-Treptow"
7.113,0.62142,0.78086,Marl
9.9956,0.59353,0.80212,Norderstedt
8.0,0.6277,0.776,"Hagen Observatory, Ronkhausen"
203.742,0.93623,0.35156,Haleakala-AMOS
12.8533,0.73772,0.67314,Osservatorio Polino
11.3431,0.71577,0.69604,Pianoro
8.6531,0.64877,0.75848,"Starkenburg Sternwarte, Heppenheim"
7.1,0.625,0.778,Lenkerbeck
7.0709,0.62504,0.778,Heisingen
2.467,0.6621,0.7469,Soisy-sur-Seine
6.9067,0.71233,0.70014,St. Veran
16.58348,0.654655,0.753466,Brno
2.5725,0.66496,0.74437,Arbonne la Foret
5.0077,0.7275,0.68382,Martigues
2.09013,0.749506,0.659828,Sabadell
2.9517,0.7711,0.63463,Observatorio Astronomico de Mallorca
7.48503,0.629461,0.774501,Bergisch Gladbach
7.568,0.68778,0.72358,Oberwichtrach
5.5667,0.63577,0.76932,Liege
9.6167,0.64723,0.75977,Dertingen
203.5683,0.93557,0.35201,Kihei-AMOS Remote Maui Experimental Site
4.9864,0.62847,0.77524,Geel
5.2146,0.72002,0.69168,Blauvac
6.84366,0.624789,0.778184,Mulheim-Ruhr
20.1511,0.69273,0.7188,Szeged Observatory
7.2367,0.67051,0.73951,Osenbach
10.02293,0.595992,0.800307,Hamburg-Georgswerder
11.1739,0.7238,0.68773,San Polo A Mosciano
9.9339,0.7193,0.69238,Romito
5.1456,0.70182,0.71007,Crolles
2.9019,0.73605,0.67467,Pergignan
6.9794,0.62524,0.77783,Essen
10.0903,0.59326,0.80232,Hamburg-Himmelsmoor
8.8933,0.61778,0.78374,Detmold
13.7233,0.62933,0.77456,Dresden
13.5996,0.6429,0.7634,Senftenberger Sternwarte
20.0272,0.82468,-0.56374,Overberg
236.685,0.6648,0.7445,"Oak Bay, Victoria"
243.2794,0.83507,0.54868,OCA-Anza Observatory
243.14022,0.836325,0.546877,Palomar Mountain/NEAT
254.17942,0.841945,0.538563,Apache Point-Sloan Digital Sky Survey
242.4369,0.82999,0.55603,"Santana Observatory, Rancho Cucamonga"
245.9683,0.6337,0.7712,"Stone Finder Observatory, Calgary"
249.39822,0.852115,0.522053,"Winer Observatory, Sonoita"
265.3003,0.78207,0.62117,"Powell Observatory, Louisburg"
242.9028,0.8351,0.54836,Temecula
249.41916,0.852069,0.522123,"Grasslands Observatory, Tucson"
245.9333,0.6291,0.7749,"Rock Finder Observatory, Calgary"
237.8678,0.68091,0.72996,"Torus Observatory, Buckley"
242.31841,0.826471,0.561727,"Table Mountain Observatory, Wrightwood-PHMC"
236.383,0.6656,0.7438,Sooke
236.3921,0.6658,0.74367,Victoria
236.6903,0.66437,0.74491,"Climenhaga Observatory, Victoria"
236.583,0.663631,0.745601,Dominion Astrophysical Observatory
237.0514,0.66257,0.7465,"Heron Cove Observatory, Orcas"
237.7379,0.79038,0.61059,"Leuschner Observatory, Berkeley"
245.7117,0.63251,0.77222,"Rothney Astrophysical Observatory, Priddis"
238.3545,0.79619,0.60335,"Lick Observatory, Mount Hamilton"
248.3136,0.83483,0.54879,Red Mountain Observatory
239.2775,0.684,0.7273,Manastash Ridge Observatory
240.9903,0.82215,0.56781,Wallis Observatory
241.1692,0.827,0.5604,Moorpark College Observatory
240.00921,0.684483,0.726626,Wanapum Dam
240.82,0.821,0.568,San Emigdio Peak
240.8238,0.8254,0.56279,Ojai
240.9558,0.82775,0.55922,Camarillo
242.00198,0.827184,0.560523,Stony Ridge
241.9436,0.82794,0.55942,Mount Wilson
242.31783,0.826474,0.561722,"Table Mountain Observatory, Wrightwood"
242.33605,0.826464,0.56173,"Ford Observatory, Wrightwood"
243.13746,0.836357,0.546831,Palomar Mountain
242.3907,0.83553,0.54762,San Clemente
242.8281,0.82746,0.56012,Lake Arrowhead
248.2597,0.83352,0.55083,Fountain Hills
244.5367,0.85792,0.51292,San Pedro Martir
244.78,0.833,0.554,Los Angeles
245.8858,0.62954,0.77459,Calgary
247.6381,0.79932,0.59932,Kanab
248.9182,0.84751,0.52922,"Goodricke-Pigott Observatory, Tucson"
247.51,0.82512,0.56356,Prescott
247.84,0.816,0.575,Williams
249.2092,0.84512,0.53359,"U. of Minn. Infrared Obs., Mt. Lemmon"
248.3473,0.81848,0.57318,"Northern Arizona University, Flagstaff"
248.4645,0.81938,0.57193,"Lowell Observatory, Anderson Mesa Station"
248.2601,0.81851,0.57319,"U.S. Naval Observatory, Flagstaff"
248.3367,0.81832,0.57344,"Lowell Observatory, Flagstaff"
248.39966,0.849466,0.526479,"Steward Observatory, Kitt Peak-Spacewatch"
249.0513,0.84679,0.53036,"Steward Observatory, Tucson"
249.26745,0.845313,0.533209,"Catalina Station, Tucson"
248.9943,0.847,0.53009,"Tumamoc Hill, Tucson"
248.40533,0.849504,0.526425,Kitt Peak
249.1154,0.85205,0.52249,"Whipple Observatory, Mt. Hopkins"
248.38381,0.849546,0.526308,"Kitt Peak, McGraw-Hill"
249.26736,0.845316,0.533212,Mt. Bigelow
248.46331,0.81938,0.57193,Lowell Observatory-LONEOS
250.3817,0.80656,0.5896,Chinle
249.79716,0.853823,0.519224,"Junk Bond Observatory, Sierra Vista"
252.8117,0.8305,0.5561,"Joint Obs. for cometary research, Socorro"
249.26736,0.845311,0.533211,University of Arizona Catalina Sky Survey
253.34093,0.831869,0.553542,"Lincoln Laboratory ETS, New Mexico"
254.17942,0.841945,0.538563,Apache Point
253.9366,0.78294,0.62043,Salida
254.56,0.774,0.633,Chamberlin field station
255.0475,0.77092,0.6352,"Chamberlin Observatory, Denver"
254.22882,0.84025,0.541096,"W & B Observatory, Cloudcroft"
254.7336,0.7798,0.62458,"MPO Observatory, Florissant"
255.9785,0.86114,0.50731,"McDonald Observatory, Fort Davis"
255.11867,0.778365,0.62625,"USAF Academy Observatory, Colorado Springs"
254.9897,0.76865,0.63793,Thornton
246.8173,0.82444,0.56439,Bagdad
253.2759,0.84546,0.53264,"Jornada Observatory, Las Cruces"
255.2489,0.77753,0.62731,"Palmer Divide Observatory, Colorado Springs"
256.0481,0.8616,0.50636,Prude Ranch
247.7042,0.76004,0.64802,Tooele
253.08608,0.829384,0.557204,Etscorn Observatory
259.6261,0.90216,0.43018,Universidad de Monterrey
259.7312,0.76271,0.64476,Lime Creek
264.4192,0.87017,0.4911,Missouri City
263.33,0.82134,0.56861,"Cottonwood Observatory, Ada"
260.8053,0.94388,0.33026,"National Observatory, Tacubaya"
261.3453,0.86883,0.49358,Fair Oaks Ranch
265.6933,0.69024,0.7212,Brainerd
262.53872,0.813941,0.579096,"Zeno Observatory, Edmond"
262.6084,0.8861,0.46194,Corpus Christi
262.87858,0.648804,0.758451,"Glenlea Astronomical Observatory, Winnipeg"
262.84143,0.671544,0.738537,"University of North Dakota, Grand Forks"
272.6711,0.7729,0.63244,"Rose-Hulman Observatory, Terre Haute"
263.23,0.95591,0.29359,Oaxaca
263.3546,0.83802,0.54387,"Allen, Texas"
263.99758,0.779425,0.624489,"Farpoint Observatory, Eskridge"
264.4064,0.872133,0.487634,"George Observatory, Needville"
263.3357,0.87006,0.49132,Houston
275.6633,0.8282,0.5586,"New Bullpen Observatory, Alpharetta"
267.6733,0.7788,0.6252,Observatory of the State University of Missouri
265.244,0.77965,0.62419,"Sunflower Observatory, Olathe"
265.3383,0.8511,0.5233,"SFA Observatory, Nacogdoches"
266.8503,0.71493,0.69692,"Goodsell Observatory, Northfield"
266.31216,0.748989,0.660428,"Drake University, Des Moines"
267.76148,0.708545,0.703382,"University of Minnesota, Minneapolis"
273.8378,0.76884,0.63735,"Doyan Rose Observatory, Indianapolis"
267.1747,0.77569,0.62906,"Morrison Obervatory, Glasgow"
275.2254,0.72551,0.68597,"Brooks Observatory, Mt. Pleasant"
268.9292,0.86373,0.50227,Highland Road Park Observatory
268.468,0.75014,0.65912,"Van Allen Observatory, Iowa City"
276.1642,0.82795,0.55902,Oakwood
268.7282,0.71059,0.70131,"Hobbs Observatory, Fall Creek"
269.2439,0.78038,0.62324,Lake Saint Louis
275.4647,0.82278,0.56659,"Puckett Observatory, Mountain Town"
270.59069,0.731622,0.679491,"Washburn Observatory, Madison"
271.4432,0.73762,0.67303,"Yerkes Observatory, Williams Bay"
274.6478,0.73353,0.67743,Optec Observatory
272.32567,0.743605,0.666407,"Dearborn Observatory, Evanston (bef. July 1939)"
280.005,0.8096,0.5851,High Point
279.2379,0.88044,0.47257,"BCC Observatory, Cocoa"
273.1947,0.80946,0.5853,Nashville
273.6048,0.77216,0.63337,"Goethe Link Observatory, Brooklyn"
277.6456,0.88138,0.47083,Zephyrhills
274.2008,0.70885,0.70304,"Four Winds Observatory, Lake Leelanau"
280.4658,0.72157,0.69009,King City
275.1439,0.83264,0.55205,"Puckett Observatory, Stone Mountain"
275.5775,0.77669,0.62784,Cincinnati
275.5167,0.736,0.67477,"Michigan State University Obs., East Lansing"
276.2697,0.74102,0.6693,Ann Arbor
272.32488,0.743585,0.66643,"Dearborn Observatory, Evanston (aft. Oct. 1939)"
276.9892,0.76716,0.63936,"McMillin Observatory, Columbus"
274.0786,0.77573,0.629,"Crescent Moon Observatory, Columbus"
277.57,0.922,0.389,"Boyeros Observatory, Havana"
284.0865,0.70517,0.70669,"Boltwood Observatory, Stittsville"
278.4318,0.74966,0.65966,"Warner and Swasey Observatory, Cleveland"
278.925,0.74905,0.66039,"Warner and Swasey Nassau Station, Chardon"
284.6168,0.76029,0.64743,"Sayre Observatory, South Bethlehem"
284.4669,0.73472,0.67619,"Foggy Bottom, Hamilton"
280.6017,0.72454,0.68695,Toronto
279.9778,0.76172,0.64582,"Allegheny Observatory, Pittsburgh"
280.5779,0.72219,0.68943,"David Dunlap Observatory, Richmond Hill"
281.4778,0.78868,0.6128,"Leander McCormick Observatory, Charlottesville"
281.5075,1.00045,-0.00405,Quito
281.65,0.999,0.0,"Quito, comet astrograph station"
282.02,0.783,0.622,Rixeyville
282.2146,0.7414,0.66895,"Stull Observatory, Alfred University"
285.3542,0.76323,0.64397,"Fitz-Randolph Observatory, Princeton"
282.9345,0.77906,0.62487,"U.S. Naval Obs., Washington (since 1893)"
282.9494,0.77934,0.62451,"U.S. Naval Obs., Washington (before 1893)"
284.3667,0.76953,0.6365,"Mount Cuba Observatory, Wilmington"
284.594,0.73188,0.67922,"Litchfield Observatory, Clinton"
284.2835,0.70343,0.7084,"Dominion Observatory, Ottawa"
284.5236,0.76713,0.63937,"Flower and Cook Observatory, Philadelphia"
288.29905,0.751746,0.657236,"University of Rhode Island, Quonochontaug"
286.2515,0.7365,0.6742,"Dudley Observatory, Albany (before 1893)"
286.11,0.74789,0.66161,"Vassar College Observatory, Poughkeepsie"
286.03861,0.757969,0.650106,Rutherford
286.45,0.755,0.654,Stamford
287.0751,0.75218,0.65676,"Yale Observatory, New Haven"
287.0154,0.75093,0.65822,"Yale Observatory, Bethany"
288.865,0.73896,0.6715,Winchester
288.4511,0.96006,-0.28021,"Harvard Observatory, Arequipa"
288.44233,0.738364,0.672183,Oak Ridge Observatory
288.87164,0.739802,0.670574,"Harvard Observatory, Cambridge"
288.9167,0.74543,0.66436,Taunton
289.3121,0.83421,-0.54976,Santiago-San Bernardo
288.98,0.83997,-0.54145,Santiago-Cerro El Roble
289.4513,0.83584,-0.54738,Santiago-Cerro Calan
289.1941,0.8656,-0.4998,"Cerro Tololo Observatory, La Serena"
290.6708,0.85098,-0.52414,El Leoncito
289.26626,0.87344,-0.486052,"European Southern Observatory, La Silla"
288.5154,0.73712,0.67352,"Wallace Observatory, Westford"
289.89565,0.752586,0.656289,"Maria Mitchell Observatory, Nantucket"
288.4543,0.83992,-0.54093,Vina del Mar
289.3083,0.83533,-0.54805,Santiago-Quinta Normal (1862-1920)
288.41917,0.746007,0.663734,North Scituate
289.3479,0.83539,-0.54799,Santiago-Santa Lucia (1849-1861)
285.7583,0.71645,0.69542,Rand Observatory
288.6104,0.74018,0.67017,Sudbury
286.4167,0.704,0.7079,"Gemeaux Observatory, Laval"
284.385,0.6972,0.71451,Val-des-Bois
295.37581,0.930491,-0.365872,Tarija
295.45041,0.852688,-0.521032,Cordoba-Bosque Alegre
295.80137,0.854203,-0.518325,Cordoba
288.1691,0.73715,0.67354,Fitchburg
285.7528,0.71641,0.69546,Lake Clear
288.2595,0.74033,0.67003,Granville
288.2282,0.69312,0.71843,Plessissville
287.5393,0.6619,0.7471,Saint-Felicien
288.9758,0.74656,0.6631,Assonet
290.6979,0.85102,-0.52411,Complejo Astronomico El Leoncito
288.5697,0.73491,0.6759,Hudson
277.4134,0.87191,0.48804,"Rosemary Hill Observatory, University of Florida"
283.185,0.7653,0.6416,Etters
301.4633,0.82373,-0.56508,"Obs. Astronomico de Mercedes, Buenos Aires"
301.5654,0.82398,-0.56473,Buenos Aires-AAAA
288.6428,0.73709,0.67354,"Drum Hill Station, Chelmsford"
288.5011,0.74708,0.66252,"Furnace Brook Observatory, Cranston"
279.7553,0.89228,0.44996,Jupiter
275.8628,0.77,0.63596,Dayton
302.0678,0.82097,-0.56906,La Plata
276.2833,0.73235,0.6787,Flint
279.44233,0.796229,0.60322,"Martin Observatory, Blacksburg"
282.7678,0.76901,0.63713,Gettysburg College Observatory
273.0648,0.82481,0.56357,"Emerald Lane Observatory, Decatur"
303.80982,0.822499,-0.566884,Observatorio Astronomico Los Molinos
283.5058,0.73942,0.67107,"Ford Observatory, Ithaca"
269.65501,0.779842,0.623926,"Principia Astronomical Observatory, Elsah"
275.975,0.7078,0.7041,"Lunar Cafe Observator, Flint"
237.0219,0.72412,0.68741,"Tenagra Observatory, Cottage Grove"
265.1694,0.77927,0.62467,"Everstar Observatory, Olathe"
274.0802,0.8181,0.57333,"Cordell-Lorenz Observatory, Sewanee"
296.41962,0.71283,0.698986,"Burke-Gaffney Observatory, Halifax"
269.405,0.7805,0.6231,"River Moss Observatory, St. Peters"
249.15327,0.843603,0.535508,Biosphere 2 Observatory
249.17995,0.846183,0.531351,"Sabino Canyon Observatory, Tucson"
266.5383,0.7093,0.7026,"Wayside Observatory, Minnetonka"
242.554,0.83,0.556,Riverside
249.3992,0.85213,0.52204,"Iowa Robotic Observatory, Sonoita"
253.78,0.8194,0.5719,"Tebbutt Observatory, Edgewood"
316.3097,0.94132,-0.33707,Wykrota Observatory-CEAMIG
313.0347,0.92108,-0.38842,Valinhos
312.9204,0.92253,-0.38487,Barao Geraldo
138.5262,0.80861,0.58658,Saku
137.18,0.807,0.588,Furukawa
130.7533,0.84257,0.5368,Kumamoto
285.8792,0.74765,0.66189,"Emmy Observatory, New Paltz"
283.51,0.7784,0.6257,"U.S. Naval Academy, Michelson"
134.1222,0.81671,0.57522,Saji Observatory
135.1359,0.83066,0.55492,Hidaka Observatory
133.4298,0.8348,0.5487,Tosa
313.17411,0.921798,-0.386786,Campinas
134.3925,0.82256,0.56678,Akou
134.2411,0.82904,0.55734,Tokushima
133.7717,0.8241,0.56455,Kurashiki Observatory
314.41735,0.924359,-0.380986,"Observatorio do Pico dos Dias, Itajuba"
139.2353,0.80896,0.58593,Yorii
139.2467,0.80762,0.58774,Honjo
139.0828,0.81194,0.58196,Okutama
136.9142,0.82019,0.57019,Kagiya
137.3535,0.8197,0.57099,Tokai
316.7771,0.92169,-0.38664,Rio de Janeiro
137.2571,0.81872,0.5723,Toyota
137.3558,0.81842,0.57281,JCPM Oi Station
138.4215,0.81986,0.57065,Shizuoka
138.0792,0.8187,0.5724,Kawane
138.4667,0.82049,0.56975,JCPM Yakiimo Station
138.9367,0.81836,0.5728,Mishima
139.3367,0.80745,0.58798,Ojima
138.9952,0.81885,0.57217,Gekko
140.1427,0.80322,0.59372,Karasuyama
140.25,0.8108,0.5834,JCPM Tone Station
140.8633,0.78606,0.61609,JCPM Kimachi Station
139.4753,0.80852,0.5865,YGCO Hoshikawa and Nagano Stations
140.86222,0.786233,0.61587,Sendai Municipal Observatory
138.4476,0.81113,0.58321,Kiyosato
140.7203,0.78573,0.61658,Hatamae
138.3678,0.81132,0.58292,Yatsugatake South Base Observatory
139.4929,0.80797,0.58725,YGCO Chiyoda Station
138.1883,0.82107,0.56899,Fujieda
142.55,0.7224,0.6891,Toma
135.98994,0.819572,0.571083,Moriyama
137.0877,0.81664,0.57525,Tajimi
132.2208,0.82775,0.55922,Ootake
135.17424,0.817354,0.574227,Fukuchiyama and Kannabe
135.12,0.824,0.565,Go-Chome and Kobe-Suma
135.9246,0.83368,0.5504,Nachi-Katsuura Observatory
145.667,0.8113,-0.5837,Cobram
144.9758,0.79082,-0.61001,Melbourne
137.2467,0.80352,0.5933,Toyama
237.8717,0.6711,0.7389,Snohomish Hilltop Observatory
6.9267,0.72368,0.68811,Caussols-ODAS
282.9233,0.7429,0.6672,"Collins Observatory, Corning Community College"
288.2342,0.74769,0.66186,"Carbuncle Hill Observatory, Greene"
303.8161,0.82093,-0.56912,"Observatorio Kappa Crucis, Montevideo"
288.0108,0.73809,0.67254,"Underwood Observatory, Hubbardston"
261.8789,0.86861,0.49393,"River Oaks Observatory, New Braunfels"
272.6836,0.77287,0.63248,"Oakley Observatory, Terre Haute"
237.5522,0.6814,0.72948,Pacific Lutheran University Keck Observatory
257.8694,0.72071,0.6911,"Badlands Observatory, Quinn"
248.3183,0.8419,0.5379,Desert Beaver Observatory
282.3353,0.73161,0.67947,"RIT Observatory, Rochester"
254.4725,0.83988,0.54159,"SW Institute for Space Research, Cloudcroft"
272.8333,0.82335,0.56569,"Timberland Observatory, Decatur"
284.63,0.76655,0.64006,"The Bradstreet Observatory, St. Davids"
287.6769,0.68988,0.7215,Observatoire du Cegep de Trois-Rivieres
249.8589,0.8545,0.51811,Palominas Observatory
249.1209,0.85394,0.51902,"Tenagra II Observatory, Nogales"
270.56194,0.735007,0.67585,Madison-YRS
286.6761,0.75688,0.65136,"Moonedge Observatory, Northport"
268.7758,0.86319,0.50319,Port Allen
210.41224,0.953752,-0.299638,"S. S. Observatory, Pamatai"
210.3842,0.9533,-0.301,Puna'auia
286.57401,0.749767,0.659494,"John J. McCarthy Obs., New Milford"
249.7342,0.85383,0.51924,"Rockland Observatory, Sierra Vista"
242.9572,0.83985,0.54108,Poway Valley
282.3394,0.77977,0.624,"Wyrick Observatory, Haymarket"
263.3792,0.77614,0.62852,"Ibis Observatory, Manhattan"
358.69,0.58065,0.81143,"Bradbury Observatory, Stockton-on-Tees"
351.6162,0.77243,0.63299,Linhaceira
359.6033,0.76982,0.63619,Observatorio Rodeno
358.9611,0.63199,0.77238,Waterlooville
359.6139,0.76988,0.63608,Observatorio Pla D'Arguines
359.3636,0.60413,0.79423,Grantham
355.8664,0.63881,0.76679,Peverell
354.08315,0.796657,0.602418,"Observatorio Geminis, Dos Hermanas"
354.3986,0.72671,0.68474,Observatorio Monte Deva
0.7931,0.75662,0.6517,Ametlla de Mar
2.1244,0.65268,0.75511,Saint-Sulpice
0.2189,0.61048,0.78937,Pymoor
359.8169,0.67454,0.73577,Durtal
342.1176,0.87764,0.47847,La Palma
358.2983,0.62194,0.78046,Highworth
359.7583,0.7787,0.6253,Marxuquera
2.1339,0.74602,0.66393,Montjoia
343.4906,0.88148,0.47142,Teide Observatory
350.6739,0.78146,0.62188,Sassoeiros
356.1908,0.76224,0.6453,Observatorio Pozuelo
359.3506,0.71047,0.70137,Merignac
358.96947,0.724214,0.687282,Observatoire de Dax
1.4653,0.72596,0.68548,Ramonville Saint Agne
0.6108,0.63016,0.77387,Rolvenden
356.8206,0.56112,0.82498,"City Observatory, Calton Hill, Edinburgh"
359.8188,0.77845,0.62561,Gandia
359.7333,0.6084,0.7909,Werrington
358.8433,0.62471,0.77826,Southend Bradfield
351.4008,0.79761,0.60118,"Observacao Astronomica no Algarve, Portimao"
357.20423,0.609591,0.7901,Church Stretton
358.9778,0.61508,0.78585,Greens Norton
0.425,0.6158,0.7853,Haverhill
359.8454,0.6235,0.7792,London-Regents Park
0.49348,0.620452,0.781632,Chelmsford
350.81249,0.781336,0.62204,Lisbon
357.5833,0.54359,0.83656,Dun Echt
359.6671,0.62271,0.77983,Harrow
8.84431,0.715243,0.696571,Genoa Observatory
359.6333,0.77292,0.63239,Observatorio Astronomico de Valencia
358.4669,0.61258,0.78778,Leamington Spa
351.5483,0.5866,0.80717,Markree
357.24541,0.588685,0.805673,Conder Brow
358.6697,0.62896,0.77485,South Wonston
357.22,0.58864,0.8057,Lancaster
353.3522,0.58409,0.80898,Armagh
353.6621,0.59771,0.79904,"Dunsink Observatory, Dublin"
353.79525,0.805167,0.591067,San Fernando
357.26975,0.631671,0.772658,Eastfield
357.5317,0.60801,0.7913,Telford
359.36053,0.625049,0.777992,Ascot
355.3735,0.58658,0.80721,"Isle of Man Observatory, Foxdale"
355.706,0.56225,0.82421,Glasgow
357.40582,0.591888,0.803341,"Wilfred Hall Observatory, Preston"
356.3121,0.7626,0.64487,Madrid
356.9278,0.5975,0.79919,Liverpool (since 1867)
356.9995,0.5973,0.7993,Liverpool (before 1867)
357.49556,0.629975,0.774031,Woolston Observatory
359.3878,0.62827,0.7754,Godalming
358.4177,0.57819,0.81319,Durham
358.7483,0.62025,0.78179,Oxford
359.15,0.619,0.783,Hartwell
359.75753,0.622254,0.780206,London-Mill Hill
359.4725,0.71033,0.70153,Bordeaux-Floirac
0.377,0.62475,0.77821,Gravesend
0.7441,0.74414,0.66596,Masia Cal Maciarol Modul 2
0.7441,0.74414,0.66596,Masia Cal Maciarol Modul 8
1.4,0.7541,0.6546,Torredembarra
1.7181,0.72206,0.68956,Saint-Caprais
1.8175,0.72721,0.68417,Belesta
2.4417,0.74922,0.66012,Mataro
2.7444,0.6607,0.74815,Gretz-Armainvilliers
2.8847,0.72735,0.68406,Malibert
1.1803,0.65037,0.75711,Quincampoix
1.9281,0.75278,0.65613,Observatorio Astronomico de Corbera
2.4718,0.63222,0.77219,Wormhout
8.74768,0.703404,0.708434,Stazione Astronomica di Sozzago
7.1394,0.68632,0.72501,"Observatoire Naef, Ependes"
5.1864,0.72028,0.69143,Les Engarouines Observatory
6.7972,0.61903,0.78275,"Josef Bresser Sternwarte, Borken"
7.1922,0.68622,0.72511,Tentlingen
8.68147,0.650133,0.757328,"Guidestar Observatory, Weinheim"
7.1761,0.62342,0.77928,Herne
7.0744,0.63164,0.77267,Koln
7.51887,0.605274,0.793357,Sogel
8.0581,0.63667,0.76862,Irmtraut
8.6531,0.64877,0.75848,Starkenburg Sternwarte-SOHAS
8.6677,0.65027,0.75719,Weinheim
8.9481,0.69995,0.71185,"New Millennium Observatory, Mozzate"
9.1925,0.70104,0.71077,Nova Milanese
8.65736,0.646597,0.760303,Darmstadt
10.3236,0.61823,0.78341,"Eridanus Observatory, Langelsheim"
10.3342,0.67398,0.73642,Kempten
10.6733,0.72369,0.68782,Santa Maria a Monte
11.22308,0.700397,0.711555,Crespadoro
11.4186,0.70024,0.71155,Corcaroli Observatory
10.5517,0.58423,0.80887,Panker
11.0157,0.63231,0.77217,Volkssternwarte Kirchheim
10.7911,0.64944,0.75793,Grosshabersdorf
12.8978,0.63511,0.76995,Hormersdorf Observatory
9.7911,0.69856,0.7134,Ganda di Aviatico
13.66158,0.611298,0.788754,Mueggelheim
13.3747,0.74706,0.66266,"Campocatino Automated Telescope, Collepardo"
12.4186,0.63084,0.77336,Altenburg
14.4978,0.81104,0.58306,Pieta
14.5911,0.6929,0.71871,"Rezman Observatory, Kamnik"
9.5019,0.6128,0.7876,Gehrden
13.0897,0.61201,0.78821,"Inastars Observatory, Potsdam (before 2006)"
13.6972,0.66609,0.74346,Altschwendt
9.362,0.62525,0.77786,Karrenkneul
16.5825,0.65349,0.75447,Lelekovice
16.6031,0.75962,0.64829,Matera
10.8885,0.70401,0.70782,Povegliano Veronese
17.6372,0.50372,0.86098,Uppsala-Angstrom
28.9973,0.64407,0.76245,Andrushivka Astronomical Observatory
18.6667,0.5837,0.8093,Danzig
18.7553,0.67756,0.73304,Etyek
10.6883,0.70294,0.70889,Peschiera del Garda
16.6217,0.60828,0.79108,Ostrorog
13.1181,0.73871,0.67204,Osservatorio Astronomico Vallemare di Borbona
10.3197,0.71406,0.69784,Parma
11.1031,0.72364,0.68791,"Osservatorio Astron. Margherita Hack, Firenze"
2.4694,0.66135,0.74758,Observatoire de Chalandray-Canotiers
12.9071,0.64123,0.7649,Karlovy Vary Observatory
20.8106,0.84556,-0.5326,"YSTAR-NEOPAT Station, Sutherland"
8.8581,0.70949,0.70238,Tortona
9.2301,0.66233,0.74678,Aichtal
4.7567,0.69879,0.71298,"Cosmosoz Obs., Tassin la Demi Lune"
6.1151,0.69034,0.72132,Couvaloup de St-Cergue
2.4083,0.71939,0.69239,Le Couvent de Lentin
10.3161,0.72613,0.68526,"Stazione Osservativa Astronomica, Livorno"
7.6785,0.71665,0.69522,Chiusa di Pesio
9.6533,0.57755,0.81362,"Swedenborg Obs., Bockholmwik"
11.33,0.7287,0.6826,Osservatorio Palazzo Bindi Sergardi
25.2033,0.42654,0.90144,Lumijoki
15.4533,0.66486,0.74459,Stixendorf
13.6222,0.62904,0.77481,Radebeul Observatory
16.2895,0.66788,0.74183,"Penzing Astrometric Obs., Vienna"
8.7624,0.641951,0.764216,Bergen-Enkheim Observatory
2.1861,0.75124,0.65783,"Fort Pius Observatory, Barcelona"
20.8356,0.66948,0.74037,"Andromeda Observatory, Miskolc"
5.64693,0.720583,0.691196,"Observatoire Chante-Perdrix, Dauban"
11.71509,0.730944,0.680264,Stia
23.8434,0.743686,0.666622,"Zvezdno Obshtestvo Observatory, Plana"
14.1222,0.61408,0.78662,Lindenberg Observatory
12.4033,0.74578,0.66397,"Balzaretto Observatory, Rome"
13.8744,0.70037,0.71148,Osservatorio Astronomico di Trieste
29.9969,0.45945,0.88525,Jakokoski Observatory
30.3333,0.80175,0.59632,TUBITAK National Observatory
30.8065,0.68881,0.72252,"Odesa  Astronomical Observatory, Kryzhanovka"
4.3547,0.7017,0.71021,Albigneux
8.7662,0.64935,0.75798,Rimbach
8.90133,0.714961,0.696835,Bolzaneto
10.3308,0.67421,0.73621,"Sterni Observatory, Kempten"
2.1431,0.7512,0.65788,"Sant Gervasi Observatory, Barcelona"
26.5997,0.46678,0.88143,Hankasalmi Observatory
26.0927,0.71506,0.69673,"Urseanu Observatory, Bucharest"
10.4189,0.72222,0.68935,Lucca
13.4577,0.69641,0.71526,Cormons
28.3892,0.46584,0.88193,"Taurus Hill Observatory, Varkaus"
16.2867,0.66656,0.74303,Klosterneuburg
16.4219,0.66646,0.74308,Stammersdorf
30.2092,0.58214,0.8104,"Observatory Mazzarot-1, Baran'"
10.8589,0.69978,0.71223,Osservatorio del Monte Baldo
2.5767,0.66289,0.74622,Savigny-le-Temple
8.4464,0.64117,0.76499,"Taunus Observatory, Frankfurt"
20.6566,0.63224,0.77224,Kielce
16.2698,0.66759,0.74211,"Alter Satzberg, Vienna"
7.47851,0.698677,0.7134,"OAVdA, Saint-Barthelemy"
37.8831,0.57134,0.818,"Ka-Dar Observatory, Barybino"
2.53372,0.74752,0.662058,Montseny Astronomical Observatory
9.0033,0.69383,0.71778,Camorino
11.3807,0.71498,0.69683,San Lazzaro di Savena
10.6708,0.7255,0.68593,Capannoli
5.515,0.71564,0.69631,"Observatoire des Baronnies Provencales, Moydans"
10.6286,0.69881,0.71318,"Osservatorio Cima Rest, Magasa"
4.4906,0.61329,0.78721,"Koschny Observatory, Noordwijkerhout"
8.9311,0.6995,0.71231,Osservatorio di Tradate
9.0758,0.71061,0.70138,Ca del Monte
13.0129,0.61111,0.7889,"Inastars Observatory, Potsdam (since 2006)"
36.9547,0.56382,0.82317,"1st Moscow Gymnasium Observatory, Lipki"
33.1628,0.705588,0.706256,AZT-8 Yevpatoriya
42.5008,0.72958,0.68232,Terskol
2.4414,0.74963,0.65966,"Observatorio Iluro, Mataro"
2.2636,0.75026,0.65897,"Observatorio Carmelita, Tiana"
13.4744,0.66335,0.74589,"Gaisberg Observatory, Schaerding"
0.7441,0.74412,0.66598,Observatorio d'Ager
10.971,0.70124,0.71069,Fiamene
2.5983,0.66317,0.74598,Cesson
15.0557,0.79386,0.60614,Catania
5.6667,0.72204,0.68966,"Observatoire des Terres Blanches, Reillanne"
14.1544,0.66425,0.74516,"Picard Observatory, St. Veit"
13.1836,0.69466,0.71696,"Mandi Observatory, Pagnacco"
0.6701,0.75801,0.65008,"L'Ampolla Observatory, Tarragona"
16.5689,0.60872,0.79074,Szamotuly-Galowo
20.8108,0.8456,-0.53254,"Southern African Large Telescope, Sutherland"
12.9486,0.63467,0.7703,Gelenau
10.7783,0.72588,0.68555,"Libbiano Observatory, Peccioli"
33.7258,0.81748,0.57405,"Green Island Observatory, Gecitkale"
35.0317,0.84991,0.52524,"Bareket Observatory, Macabim"
13.7125,0.66684,0.74278,"Redshed Observatory, Kallham"
2.25934,0.748338,0.661147,"Obs. de L' Ametlla del Valles, Barcelona"
11.85746,0.724995,0.686523,Santa Mama
8.9072,0.6995,0.71231,Tradate
15.0706,0.79331,0.6069,"Skylive Observatory, Catania"
17.6925,0.65449,0.75362,Zlin Observatory
30.32514,0.574055,0.816105,Vitebsk
7.3089,0.63404,0.77073,Hennef
5.5906,0.71772,0.69419,Eygalayes
19.9356,0.64169,0.76447,Narama
12.05439,0.714373,0.69742,"Sintini Observatory, Alfonsine"
24.7503,0.49826,0.86413,"Metsala Observatory, Espoo"
6.5981,0.61901,0.78275,Bocholt
2.1125,0.749498,0.659844,"Paus Observatory, Sabadell"
8.2767,0.65808,0.75045,"Corner Observatory, Durmersheim"
7.06669,0.725612,0.68583,Vallauris
2.99725,0.741344,0.668883,Observatorio El Far
12.3536,0.74572,0.66404,"Casal Lumbroso, Rome"
0.7439,0.74413,0.66597,Ager
12.876,0.689553,0.721975,Comeglians
2.44935,0.749614,0.659663,"Observatorio Sant Pere, Mataro"
2.22439,0.749316,0.660019,"Laietania Observatory, Parets del Valles"
19.02529,0.676156,0.734318,"Polaris Observatory, Budapest"
6.87881,0.619231,0.782586,Borken
7.17531,0.612824,0.787576,"Deep Sky Observatorium, Bad Bentheim"
2.0435,0.750575,0.658604,"Valldoreix Obs.,Sant Cugat del Valles"
9.68531,0.609275,0.790314,Brelingen
20.10799,0.642589,0.763698,"Solaris Observatory, Luczanowice"
24.88779,0.491587,0.867927,"Slope Rock Observatory, Hyvinkaa"
24.3878,0.49864,0.86391,"Komakallio Observatory, Kirkkonummi"
9.00693,0.710595,0.701332,Osservatorio di Casasco
9.22419,0.685858,0.725582,"Sternwarte Mirasteilas, Falera"
13.5395,0.693458,0.718372,Mount Matajur Observatory
9.01719,0.662152,0.746956,"Owls and Ravens Observatory, Holzgerlingen"
2.4937,0.74787,0.66165,Sant Celoni
1.5213,0.75363,0.6551,Observatorio El Vendrell
7.68105,0.634701,0.77023,Soerth Observatory
8.98503,0.662074,0.747029,"Mauren Valley Observatory, Holzgerlingen"
1.10536,0.74755,0.662053,Santa Maria de Montmagastrell
8.80519,0.701074,0.710741,"Stazione Astronomica Betelgeuse, Magnago"
13.8944,0.63019,0.7739,"Sternwarte Schonfeld, Dresden"
7.95083,0.677934,0.732833,"Schafmatt Observatory, Aarau"
14.12811,0.670885,0.739158,"Astrophoton Observatory, Audorf"
11.2099,0.70048,0.711457,Marana Observatory
12.74126,0.742254,0.667919,Osservatorio Astronomico Campomaggiore
2.899,0.76967,0.63634,Caimari
9.9716,0.64613,0.76072,Maidbronn
5.79769,0.706034,0.705851,Gieres
3.53775,0.622812,0.779749,"Cyclops Observatory, Oostkapelle"
6.51011,0.604962,0.793587,Beilen Observatory
7.45561,0.625931,0.777324,Sternwarte Hagen
2.7701,0.74295,0.66715,Banyoles
8.29681,0.71057,0.701309,"Bigmuskie Observatory, Mombercelli"
2.2619,0.75018,0.65907,Observatori Astronomic de Tiana
13.29686,0.693994,0.7176,"Malina River Observatory, Povoletto"
7.25544,0.672149,0.737995,Bollwiller
0.27539,0.681073,0.729781,Chinon
6.47856,0.607102,0.791962,Hoogeveen
34.2817,0.47422,0.87748,Petrozavodsk
8.1545,0.602437,0.795492,Achternholt
4.31031,0.628378,0.775301,"Brixiis Observatory, Kruibeke"
6.1118,0.61688,0.78442,"Sterrenwacht Andromeda, Meppel"
11.313,0.728746,0.682563,Siena
0.7443,0.74413,0.66598,Santa Coloma de Gramenet
30.515,0.55583,0.82853,Velikie Luki
13.92293,0.630265,0.773855,"Lohrmann-Observatorium, Triebenberg"
2.5305,0.7474,0.66218,Observatorio Royal Park
24.96114,0.492892,0.86719,"Clayhole Observatory, Jokela"
37.6331,0.65998,0.74878,Kramatorsk
12.1153,0.68023,0.73088,Konigsleiten
92.9744,0.56032,0.82553,Krasnoyarsk
0.7442,0.74413,0.66597,"Anysllum Observatory, Ager"
17.3761,0.50302,0.86138,Fiby
3.80397,0.72266,0.688932,Rouet
3.42622,0.661039,0.747874,Maisoncelles
14.0901,0.64091,0.76509,"City Observatory, Slany"
2.1107,0.74967,0.65964,"Berta Observatory, Sabadell"
9.10031,0.698332,0.71343,Como
15.967,0.668463,0.741344,"Sky Vistas Observatory, Eichgraben"
132.1656,0.72418,0.68737,ISON-Ussuriysk Observatory
11.57261,0.673687,0.736691,"Isarwinkel Observatory, Bad Tolz"
0.74381,0.744124,0.665978,"Pingu, Ager"
3.604,0.634888,0.770037,Frasnes-Lez-Anvaing
5.4231,0.71591,0.69599,"ROSA Observatory, Vaucluse"
42.66191,0.723859,0.688104,"Kislovodsk Mtn. Astronomical Stn., Pulkovo Obs."
0.74383,0.744124,0.665978,"Observatorio Via Lactea, Ager"
12.9599,0.63858,0.76717,Oberwiesenthal
5.15439,0.628694,0.775052,Olmen
9.1331,0.70036,0.71145,Seveso
13.55806,0.73931,0.671605,"Pulkovo Observatory Station, Campo Imperatore"
4.49928,0.614813,0.786032,"Levendaal Observatory, Leiden"
1.35302,0.748763,0.660753,Pallerols
7.483,0.624224,0.778652,Wellinghofen
1.07889,0.737202,0.673777,Observatori Astronomic de Les Planes de Son
35.3425,0.47988,0.8744,"Petrozavodsk University Obs., Sheltozero Stn."
6.9825,0.62777,0.77581,"Sternwarte Neanderhoehe Hochdahl e.V., Erkrath"
41.4258,0.72496,0.68694,"Ka-Dar Observatory, TAU Station, Nizhny Arkhyz"
2.8989,0.76967,0.63634,"Observatorio CEAM, Caimari"
19.0108,0.69361,0.71796,Baja Astronomical Observatory
2.0349,0.74927,0.66012,Terrassa
30.3086,0.5823,0.81028,"Starry Wanderer Observatory, Baran'"
1.0183,0.614242,0.786484,Stowupland
7.64911,0.703322,0.708581,"Varuna Observatory, Cuorgne"
5.7992,0.61929,0.78253,Nijmegen
39.0308,0.70806,0.7038,Kuban State University Astrophysical Observatory
42.66126,0.723857,0.688105,"MASTER-II Observatory, Kislovodsk"
87.1778,0.72711,0.68469,"Xingming Observatory, Mt. Nanshan"
14.2792,0.62451,0.77842,Hoyerswerda
9.02239,0.696268,0.715567,"A. Volta Observatory, Lanzo d'Intelvi"
12.40639,0.744413,0.665514,La Giustiniana
69.12219,0.57662,0.814296,"Horizon Observatory, Petropavlovsk"
15.2356,0.66017,0.74871,Nonndorf
100.9214,0.62235,0.78051,"Sayan Solar Observatory, Irkutsk"
,,,STEREO-A
,,,STEREO-B
,,,WISE
,,,Swift
,,,NEOSSat
,,,New Horizons
,,,Kepler
,,,LISA-Pathfinder
,,,TESS
,,,NEO Surveyor
,,,Yangwang-1
7.06926,0.634261,0.770545,"Argelander Institute for Astronomy Obs., Bonn"
2.58202,0.658892,0.749723,Chelles
11.3467,0.68967,0.72175,"Eurac Observatory, Bolzano"
9.9797,0.69363,0.71819,"Giuseppe Piazzi Observatory, Ponte in Valtellina"
15.28439,0.67138,0.738819,Puchenstuben
0.72965,0.743847,0.666488,Observatori Astronomic del Montsec
2.805,0.77084,0.63493,Observatorio El Cielo de Consell
12.2199,0.59747,0.79922,Gnevsdorf
23.89339,0.789058,0.612302,"Ellinogermaniki Agogi Observatory, Pallini"
13.3611,0.65835,0.75036,"Bayerwald Sternwarte, Neuhuette"
4.49775,0.614779,0.786055,"Uiterstegracht Station, Leiden"
1.4892,0.7478,0.66186,Sant Marti Sesgueioles
12.8717,0.74621,0.66358,Palestrina
28.0325,0.70312,0.7087,Galati Observatory
0.7449,0.74412,0.66598,"Observatorio El Teatrillo de Lyra, Ager"
13.2225,0.69384,0.71776,"Whitestar Observatory, Borgobello"
0.74431,0.744127,0.665974,"Observatorio Estels, Ager"
7.4535,0.71589,0.696,Bernezzo Observatory
34.81242,0.849698,0.525519,"Martin S. Kraar Observatory, Rehovot"
2.7855,0.74801,0.66147,"Roser Observatory, Blanes"
39.7651,0.67959,0.73115,"Don Astronomical Observatory, Rostov-on-Don"
10.84098,0.693023,0.718872,Dolomites Astronomical Observatory
14.35759,0.760172,0.647614,"Osservatorio Astronomico Nastro Verde, Sorrento"
91.8425,0.5593,0.82626,Badalozhnyj Observatory
2.24372,0.75069,0.658447,Badalona
1.2408,0.77939,0.62448,"Observatorio Cala d'Hort, Ibiza"
2.7813,0.74801,0.66147,Blanes
8.7689,0.64913,0.75817,Rimbach
11.18331,0.729763,0.681487,"Montarrenti Observatory, Siena"
21.55558,0.730958,0.680397,Astronomical Station Vidojevica
1.05181,0.754546,0.654066,Vinyols
11.22621,0.717604,0.694214,"Montevenere Observatory, Monzuno"
13.60995,0.727425,0.683915,"Valdicerro Observatory, Loreto"
13.4064,0.74042,0.67004,"Bellavista Observatory, L'Aquila"
103.067,0.61962,0.78241,"MASTER-II Observatory, Tunka"
5.71239,0.721406,0.69035,"SATINO Remote Observatory, Haute Provence"
13.8786,0.73544,0.67537,"OACL Observatory, Mosciano Sant Angelo"
57.97633,0.916656,0.398354,"Al-Fulaij Observatory, Oman"
11.1764,0.72335,0.68818,"Osservatorio Casellina, Scandicci"
2.89631,0.746295,0.663419,"Observatori Can Roig, Llagostera"
42.6536,0.72388,0.68809,ASC-Kislovodsk Observatory
23.93061,0.49592,0.865471,"Andean Northern Observatory, Nummi-Pusula"
2.05189,0.751414,0.657647,Observatori Petit Sant Feliu
10.58892,0.715223,0.696709,"Rantiga Osservatorio, Tincana"
38.8569,0.7096,0.70225,Krasnodar
42.50005,0.72958,0.682314,ISON-Terskol Observatory
12.77017,0.747232,0.662472,"Associazione Tuscolana di Astronomia, Domatore"
6.2094,0.62867,0.77508,Wegberg
8.9191,0.69024,0.72136,"Ghezz Observatory, Leontica"
5.6794,0.63139,0.77287,"Observatory Gromme, Maasmechelen"
8.90181,0.661976,0.747123,Gaertringen
5.62797,0.723085,0.688551,Bastidan Observatory
11.33806,0.69058,0.7209,"Filzi School Observatory, Laives"
11.56369,0.738665,0.671859,Cat's Eye Observatory
113.3231,0.92,0.39061,"Nanchuan Observatory, Guangzhou"
11.31781,0.630848,0.773359,"Sternwarte F.Schiller-Gymnasium, Weimar"
113.96422,0.925155,0.37833,"Po Leung Kuk Observatory, Tuen Mun"
114.22,0.9245,0.3799,Hong Kong
114.358,0.86219,0.5049,Mt. Guizi Observatory
114.323,0.924955,0.378843,Hong Kong Space Museum Sai Kung iObservatory
115.71311,0.854733,-0.517343,"Zadko Observatory, Wallingup Plain"
115.815,0.8492,-0.5263,Shenton Park
115.81667,0.849044,-0.526558,"UWA Observatory, Crawley"
0.51853,0.749367,0.659977,"OAIA, Alcarras"
117.08969,0.844095,-0.534439,"LightBuckets Observatory, Pingelly"
117.08978,0.844104,-0.534424,"Tzec Maun Observatory, Pingelly (before 2010)"
1.92131,0.722868,0.68875,"Peyrole Observatory, Peyrole"
3.80361,0.725021,0.686446,"Observatoire de Fontcaude, Juvignac"
2.18286,0.748708,0.660744,"Escaldarium Observatory,Caldes de Montbui"
118.4639,0.84204,0.53767,"Purple Mountain Observatory, XuYi Station"
11.0835,0.631405,0.772922,"Sternwarte Silbergraben, Erfurt"
10.09797,0.714476,0.69752,"Osservatorio Aldebaran, Rivalba"
119.59975,0.86277,0.504193,"JiangNanTianChi Observatory, Mt. Getianling"
120.6982,0.9273,0.37308,"Kenting Observatory, Checheng"
120.7839,0.92796,0.37148,"Kenting Observatory, Hengchun"
120.8736,0.91818,0.39597,Lulin Observatory
120.8897,0.91801,0.39625,"Tataka, Mt. Yu-Shan National Park"
120.87325,0.918176,0.395972,"Lulin Widefield Telescope, Mt. Lulin"
8.43764,0.709383,0.702495,"Tecnosky Astropark, Felizzano"
122.04961,0.793971,0.605943,"Shandong University Observatory, Weihai"
13.33772,0.748318,0.661176,Frosinone
10.71704,0.727431,0.683991,Osservatorio Astronomico Orciatico
11.19084,0.723565,0.68797,"Piero Angela Observatory, Scandicci"
7.77039,0.707805,0.704162,"45th Parallel Observatory, Pino Torinese"
124.13928,0.911427,0.410157,Ishigakijima Astronomical Observatory
21.49325,0.639594,0.766177,"Kamyk, Trzesn"
9.90265,0.671664,0.738525,Observatory Bad Wurzach
11.56366,0.738665,0.671859,"BigBang Observatory, Manciano"
7.26381,0.652979,0.754898,Niederbexbach Observatory
0.79444,0.757213,0.650992,L'Ametlla de Mar
5.21519,0.720062,0.691654,"Vaucluse Observatoire Celeste, Blauvac"
1.94844,0.719539,0.692203,Plateau Astronomique La Couronne
9.7975,0.707094,0.704768,"ULU Observatory, Caselle Landi"
127.482,0.63981,0.766,ISON-Blagoveschensk Observatory
127.483,0.63981,0.76601,"MASTER-II Observatory, Blagoveshchensk"
127.9747,0.79571,0.6037,"Kangwon Science High School Observatory, Ksho"
11.67408,0.700775,0.711011,"Osservatorio Sideris Oculus, San Pietro in Gu"
128.88744,0.817572,0.573996,"Gimhae Astronomical Observatory, Uhbang-dong"
129.025,0.818419,0.572736,"KSA SEM Observatory, Danggam-dong"
7.15617,0.723595,0.688001,"MARIAMIR, Saint-Jeannet"
13.55146,0.693649,0.718079,"Sparky's Stars, Masseris"
134.9131,0.82671,0.56075,"Suntopia Marina, Sumoto"
130.4494,0.83676,0.54575,Miyaki-Argenteus
10.46138,0.719553,0.692176,"G. Pascoli Observatory, Barga (since June 2023)"
14.10967,0.740711,0.669613,"Fucama, Casalincontrada"
11.53481,0.702163,0.709679,"G. Beltrame, Arcugnano Vicenza"
9.14839,0.703654,0.708197,Civico Osservatorio Astronomico di Rozzano
37.62472,0.586136,0.80753,"Tula Rooftop Observatory, Tula"
11.73622,0.702543,0.70927,"Osservatorio Galileo, Padova"
9.97013,0.646988,0.760014,JMU Space-Observatory
133.4686,0.83505,0.54834,Tosa
15.89225,0.685516,0.725682,"ObservaSTYRium, Stainz bei Straden"
16.36131,0.91963,-0.392207,"WAA Remote Observatory, Hakos"
16.36139,0.919632,-0.392208,"SNX-NET, Hakos"
134.6819,0.83041,0.5553,Nakagawa
16.95608,0.772805,0.632534,Cariati
2.00703,0.749354,0.660032,"AAT-Terrassa, Terrassa"
10.71736,0.727433,0.683988,TD-TRO (Tuscany Remote Observatory)
136.13281,0.822378,0.567077,Iga-Ueno
138.63092,0.821212,-0.568722,"YSVP Observatory, Vale Park"
138.9728,0.80392,0.59297,Gumma Astronomical Observatory
138.2239,0.8031,0.59394,Nagano
137.6317,0.83058,-0.55504,Wallaroo
138.4681,0.80501,0.59161,Miwa
138.5086,0.8192,-0.5716,Hallet Cove
138.6597,0.82186,-0.56782,Ingle Farm
138.6407,0.83075,-0.5549,Penwortham
138.55,0.82079,-0.56931,Brooklyn Park
139.3142,0.81635,0.57562,Hiratsuka
140.3383,0.7871,0.6149,Yamagata
140.342,0.82728,-0.55991,"RAS Observatory, Moorook"
140.825,0.79261,0.60775,Adati
140.94638,0.78292,0.620047,Osaki
140.75516,0.786291,0.615826,Sendai Astronomical Observatory
139.9962,0.80351,0.59335,"Takanezawa, Tochigi"
141.068,0.78035,0.62325,Kurihara
140.34216,0.827287,-0.559905,"Tzec Maun Observatory, Moorook"
140.57,0.82752,-0.55956,Berri
11.33409,0.717444,0.694448,Loiano TANDEM
0.39123,0.717357,0.694422,"AstroKoT, Port-Ste-Marie"
144.2089,0.79902,-0.59937,Castlemaine
144.54142,0.798618,-0.599924,Barfold
145.3822,0.78756,-0.61419,"RAS Observatory, Officer"
145.7403,0.96545,0.25977,"Pacific Sky Observatory, Saipan"
145.69721,0.957625,-0.287092,"Earl Hill Observatory, Trinity Beach"
148.99889,0.820544,-0.56983,Murrumbateman
149.33431,0.855971,-0.515472,"Wobblesock Observatory, Coonabarabran"
149.0814,0.85551,-0.5163,"Oakley Southern Sky Observatory, Coonabarabran"
149.07085,0.855632,-0.516198,Siding Spring-Faulkes Telescope South
149.6627,0.84469,-0.53362,"Frog Rock Observatory, Mudgee"
149.0642,0.85563,-0.51621,Siding Spring Survey
149.0969,0.81622,-0.57597,Wanniassa
149.11,0.81852,-0.57274,"Hunters Hill Observatory, Ngunnawal"
149.6061,0.82016,-0.57041,"Magellan Observatory, near Goulburn"
149.36624,0.831684,-0.553656,"Grove Creek Observatory, Trunkey"
150.3417,0.8329,-0.5519,Leura
151.02714,0.829819,-0.556191,"BDI Observatory, Regents Park"
151.0958,0.83042,-0.55528,Kingsgrove
151.1032,0.832146,-0.552728,Marsfield
151.5667,0.8838,-0.4665,"Norma Rose Observatory, Leyburn"
151.855,0.885337,-0.463616,"Univ. of Southern Queensland Obs., Mt. Kent"
151.07119,0.833596,-0.550574,Arcadia
150.7769,0.83176,-0.55329,"Tangra Observatory, St. Clair"
153.117,0.88713,-0.45997,Rochedale (APTA)
153.3971,0.88414,-0.46566,"RAS Observatory, Biggera Waters"
153.2667,0.8871,-0.46,Thornlands
150.64105,0.833196,-0.55121,"Kuriwa Observatory, Hawkesbury Heights"
115.95533,0.845978,-0.531426,Mardella Observatory
138.89025,0.817664,-0.573796,Strathalbyn
139.57019,0.824586,-0.563855,"AUSTRALIA1/SRI, Swan Reach"
147.09597,0.817401,-0.574196,"The Rock Regional Observatory, The Rock"
149.08147,0.855509,-0.516305,TransAstra at Springbrook
149.06411,0.85562,-0.51621,GOTO South
149.08135,0.855509,-0.516305,"Slooh.com Australia, Coonabarabran"
173.2617,0.75267,-0.65622,Nelson
173.95703,0.749648,-0.659621,"Wither Observatory, Witherlea"
170.10187,0.717434,-0.694397,Twizel Observatory
174.894,0.800696,-0.597064,Farm Cove
175.16937,0.75852,-0.649478,"Speranza Observatory, Otaki"
175.654,0.76249,-0.64485,Turitea
176.204,0.78759,-0.61421,"Geyserland Observatory, Pukehangi"
177.88331,0.782217,-0.62092,"Possum Observatory, Gisborne"
203.74409,0.936241,0.351543,"Pan-STARRS 1, Haleakala"
203.74409,0.936239,0.351545,"Pan-STARRS 2, Haleakala"
201.941,0.932037,0.36116,"Ironwood Remote Observatory, Hawaii"
201.95283,0.929942,0.366558,"Ironwood Observatory, Hawaii"
203.7425,0.936239,0.351538,Haleakala-Faulkes Telescope North
210.3842,0.9533,-0.301,"Hibiscus Observatory, Punaauia"
210.3842,0.9533,-0.301,"Tiki Observatory, Punaauia"
210.38381,0.953304,-0.301004,"Moana Observatory, Punaauia"
15.126,0.665508,0.74408,"AZM Martinsberg, Oed"
8.16528,0.600977,0.796597,Universitaetssternwarte Oldenburg
18.76539,0.653307,0.75465,"KYSUCE Observatory, Kysucke Nove Mesto"
18.26061,0.67862,0.732104,"Capricornus Observatory, Csokako"
7.14133,0.627502,0.776082,"Schuelerlabor Astronomie St. 7, Wuppertal"
354.53363,0.787181,0.614802,"Piconcillo, Sierra Morena"
4.6715,0.61998,0.781996,"Dordrecht, Sterrenburg"
3.06386,0.719394,0.692378,Millau Observatory
1.99694,0.748752,0.660794,"Observatorio Les Pedritxes, Matadepera"
0.61056,0.621784,0.780574,"SWF Observatory, South Woodham Ferrers"
354.45055,0.792574,0.607765,"Clavier Observatory, Lora Del Rio"
7.18379,0.630712,0.773465,"Breitenweg Observatory, Herkenrath"
8.3306,0.6214,0.7809,"Sternwarte EG, Lippstadt"
9.77164,0.45187,0.889105,"Astronomihagen, Fannrem"
7.0052,0.725247,0.686239,"Novaloop Observatory, Mougins"
9.1183,0.71116,0.7008,"Magroforte Observatory, Alessandria"
13.34869,0.787948,0.613701,"OmegaLab Observatory, Palermo"
11.20261,0.723508,0.688023,"BAS Observatory, Scandicci"
11.28056,0.712881,0.698947,"ALMO Observatory, Padulle"
12.746,0.63252,0.77202,"Immanuel Kant Observatory,Limbach"
6.05989,0.727743,0.683615,Brignoles Observatory
13.73789,0.796024,0.603377,Osservatorio Castrofilippo
9.21439,0.655435,0.75277,"Experimenta Observatory, Heilbronn"
19.09234,0.675698,0.734739,"Vulpecula Observatory, Budapest"
9.0935,0.662443,0.746701,Dettenhausen
288.105,0.70317,0.70867,Sherbrooke
109.8236,0.82499,0.56338,"Fushan Observatory, Mt Shaohua"
0.72935,0.743842,0.666483,"Fabra Observatory, Montsec"
1.0085,0.6099,0.78983,"Wyncroft Observatory, Attleborough"
358.9124,0.77285,0.63263,Requena
284.90719,0.704518,0.70732,Casselman
13.7253,0.69946,0.71233,CCAT Trieste
291.8204,0.921639,-0.387713,"Elena Remote Observatory, San Pedro de Atacama"
7.60879,0.623411,0.779293,Wickede
13.7015,0.632547,0.772037,Oberfrauendorf
249.15789,0.849476,0.526134,"Elephant Head Obsevatory, Sahuarita"
357.4525,0.797538,0.601812,Calar Alto-CASADO
248.57779,0.8229,0.566927,Lowell Discovery Telescope
356.76842,0.759967,0.647951,"Observatorio La Senda, Cabanillas del Campo"
291.82039,0.92164,-0.387711,"ROAD, San Pedro de Atacama"
343.49174,0.88147,0.471441,Slooh.com Canary Islands Observatory
264.73816,0.86704,0.496575,"Insperity Observatory, Humble"
259.023,0.90391,0.42687,"Observatorio Astronomico UAdeC, Saltillo"
293.6879,0.83817,-0.54382,"Observatorio Buenaventura Suarez, San Luis"
313.3061,0.92118,-0.38816,"Observatorio Longa Vista, Sao Paulo"
253.63564,0.832748,0.55248,"Space Surveillance Telescope, Atom Site"
244.66153,0.818022,0.573711,Pinto Valley Observatory
253.80654,0.819827,0.571261,"HillTopTop Observatory, Edgewood"
251.10148,0.849514,0.526196,"Harlingten Research Observatory, Rancho Hildalgo"
266.5943,0.70889,0.70302,Minnetonka
253.33,0.84629,0.53134,"Organ Mesa Observatory, Las Cruces"
239.95778,0.823164,0.56599,"Byrne Observatory, Sedgwick Reserve"
237.49604,0.785917,0.616275,"Stone Edge Observatory, El Verano"
240.58727,0.799043,0.599625,"Alder Springs Observatory, Auberry"
243.063,0.83295,0.55166,Hemet
241.09533,0.816361,0.575651,Bakersfield
237.9294,0.78983,0.61128,Walnut Creek
236.8564,0.70171,0.71009,"Dilbert Observatory, Forest Grove"
237.818,0.791,0.60988,"Chabot Space and Science Center, Oakland"
237.453,0.67475,0.73559,"Maiden Lane Obs., Bainbridge Island"
240.33888,0.825544,0.562496,"Carroll Observatory, Montecito"
238.1524,0.7927,0.6076,Pleasanton
238.5469,0.72214,0.68971,"Sunriver Nature Center Observatory, Sunriver"
238.6858,0.70152,0.71031,"Mill Creek Observatory, The Dalles"
239.2911,0.77535,0.62979,Blue Canyon Observatory
238.3612,0.79616,0.60338,"Vulcan North, Lick Observatory, Mount Hamilton"
238.9169,0.78135,0.62206,"Lake Forest Observatory, Forest Hills"
239.365,0.78134,0.62225,"Rancho Del Sol, Camino"
240.225,0.78044,0.62355,"Sierra Stars Observatory, Markleeville"
241.0158,0.82829,0.5585,"Via Capote Sky Observatory, Thousand Oaks"
241.4547,0.82543,0.56273,"Francisquito Observatory, Los Angeles"
241.6047,0.83216,0.55276,Rancho Palos Verdes
241.82408,0.829301,0.55697,University Hills
241.94,0.82804,0.55925,Mount Wilson-TIE
242.88538,0.837429,0.544849,"Boulder Knolls Observatory, Escondido"
243.2783,0.8351,0.5487,"Starry Knight Observatory, Coto de Caza"
242.4178,0.83388,0.55015,"Altimira Observatory, Coto de Caza"
243.7183,0.8274,0.5603,Baldwin Lake
244.3127,0.84158,0.53832,"Desert Wanderer Observatory, El Centro"
243.6165,0.82718,0.5603,Goat Mountain Astronomical Research Station
240.5873,0.79904,0.59962,"Sierra Remote Observatories, Auberry"
242.913,0.834904,0.548639,Temecula
248.40057,0.849482,0.526455,"SARA Observatory, Kitt Peak"
250.11039,0.84274,0.53744,Mt. Graham-LBT
249.21084,0.845112,0.53361,Mount Lemmon SkyCenter
247.56518,0.799502,0.599067,"Vermillion Cliffs Observatory, Kanab"
249.0697,0.84645,0.5309,Tucson-Winterhaven
248.1894,0.74666,0.66331,"Calvin M. Hooper Memorial Observatory, Hyde Park"
247.8881,0.83064,0.55514,"LAMP Observatory, New River"
248.3069,0.81933,0.57197,"Kachina Observatory, Flagstaff"
248.9658,0.84301,0.53639,"Three Buttes Observatory, Tucson"
249.1219,0.85208,0.52234,"Whipple Observatory, Mt. Hopkins--2MASS"
249.2814,0.8492,0.5266,"Jarnac Observatory, Vail"
249.3726,0.85215,0.52201,"Sonoita Research Observatory, Sonoita"
249.9267,0.84971,0.52594,"Sonoran Skies Observatory, St. David"
249.7622,0.85404,0.51888,"Hereford Arizona Observatory, Hereford"
249.21128,0.845107,0.533611,University of Arizona Mt. Lemmon Survey
250.8694,0.84965,0.526,"Astronomical League Alpha Observatory, Portal"
251.34354,0.815037,0.578012,"Calvin-Rehoboth Observatory, Rehoboth"
251.8104,0.84192,0.53835,"NF Observatory, Silver City"
251.6987,0.84247,0.53746,Tyrone
252.81067,0.830474,0.556096,"Magdalena Ridge Observatory, Socorro"
253.3706,0.81146,0.58309,"Sulphur Flats Observatory, La Cueva"
253.3553,0.81753,0.5744,"Sandia View Observatory, Rio Rancho"
254.026,0.81388,0.57964,Santa Fe
256.0707,0.77126,0.63477,"Edmund Kline Observatory, Deer Trail"
254.4713,0.840712,0.54031,"iTelescope Observatory, Mayhill"
254.47134,0.840711,0.54031,"7300 Observatory, Cloudcroft"
254.47081,0.840705,0.540319,"BlackBird Observatory, Cloudcroft"
255.5886,0.7707,0.63549,"Antelope Hills Observatory, Bennett"
254.47141,0.840711,0.540309,"Tzec Maun Observatory, Mayhill"
250.984,0.85029,0.52492,"LightBuckets Observatory, Rodeo"
254.47078,0.840712,0.540307,"TechDome, Mayhill"
248.25212,0.840489,0.540134,"Lenomiya Observatory, Casa Grande"
249.21233,0.846402,0.530995,"Morning Star Observatory, Tucson"
254.47156,0.840711,0.540308,"ISON-NM Observatory, Mayhill"
253.289,0.77152,0.63472,"HUT Observatory, Eagle"
254.38333,0.783783,0.619652,Angel Peaks Observatory
249.28798,0.849231,0.526572,"Vail View Observatory, Vail"
263.86259,0.828144,0.558685,"Lone Star Observatory, Caney"
271.81682,0.77295,0.632393,"Eastern Illinois University Obs., Charleston"
272.03173,0.772885,0.632471,"Astronomical Research Observatory, Westfield"
272.7371,0.77438,0.63062,Terre Haute
273.49858,0.862319,0.504671,"Pear Tree Observatory, Valparaiso"
274.59881,0.733648,0.67731,"J. C. Veen Observatory, Lowell"
266.87082,0.714467,0.697388,"Harvest Moon Observatory, Northfield"
270.78922,0.735075,0.675789,"Doc Greiner Research Observatory, Janesvillle"
266.23134,0.780074,0.623645,"Moonglow Observatory, Warrensburg"
263.2315,0.836912,0.545569,"Preston Hills Observatory, Celina"
262.5494,0.81372,0.5794,"Ivywood Observatory, Edmond"
262.5558,0.81808,0.57328,"University of Oklahoma Observatory, Norman"
263.33,0.87011,0.49123,"Star Ridge Observatory, Weimar"
263.6334,0.86174,0.50567,"Texas A&M Physics Observatory, College Station"
264.1217,0.8099,0.58466,"Bixhoma Observatory, Bixby"
264.8258,0.846,0.53143,Chapel Hill
264.9517,0.77423,0.63085,Leavenworth
264.29345,0.780428,0.623229,"Sandlot Observatory, Scranton"
265.2003,0.72947,0.68182,"Grems Timmons Observatories, Graettinger"
265.9864,0.75079,0.6584,"Timberline Observatory, Urbandale"
266.6828,0.70944,0.70247,"S.O.S. Observatory, Minneapolis"
266.7306,0.82519,0.56302,Nubbin Ridge Observatory
267.0742,0.8187,0.57238,Petit Jean Mountain
267.5078,0.73568,0.67512,"Wartburg College Observatory, Waverly"
267.4998,0.81918,0.57163,Conway
267.7982,0.8188,0.5722,Cascade Mountain
267.0831,0.8189,0.5721,"Arkansas Sky Obs., Petit Jean Mountain South"
265.7297,0.77818,0.62602,"Ricky Observatory, Blue Springs"
269.1439,0.84639,0.53079,Vicksburg
265.0139,0.79424,0.60565,"PSU Greenbush Observatory, Pittsburg"
266.8636,0.81712,0.57457,"ATU Astronomical Observatory, Russellville"
267.54139,0.819253,0.571536,"University of Central Arkansas Obs., Conway"
270.4003,0.73117,0.68011,"Greiner Research Observatory, Verona"
270.67354,0.739151,0.671335,"Hawkeye Observatory, Durand"
271.22842,0.789618,0.611581,Thompsonville
271.6514,0.71305,0.69883,"Cedar Drive Observatory, Pulaski"
271.8558,0.77283,0.63254,"Astronomical Research Observatory, Charleston"
272.16764,0.742693,0.667433,Northbrook Meadow Observatory
275.97246,0.75885,0.64915,"Ohio State University Observatory, Lima"
273.3353,0.82349,0.56548,"NASA/MSFC ALaMO, Redstone Arsenal"
273.3651,0.76362,0.64356,"Prairie Grass Observatory, Camp Cullom"
273.86542,0.767435,0.639034,"Heartland Observatory, Carmel"
281.41689,0.721533,0.69008,Newcastle
274.4117,0.73335,0.67763,Calvin College Observatory
274.9276,0.75227,0.65672,"DeKalb Observatory, Auburn"
275.4364,0.77796,0.62623,"Thomas More College Observatory, Crestview Hills"
275.4364,0.77995,0.62381,"Waltonfields Observatory, Walton"
276.146,0.76956,0.63651,Yellow Springs
276.16241,0.740813,0.669522,"Stonegate Observatory, Ann Arbor"
276.34824,0.854246,0.518152,"Red Barn Observatory, Ty Ty"
276.94463,0.76432,0.642741,"Perkins Observatory, Delaware"
277.4458,0.81412,0.57897,Asheville
276.48282,0.852885,0.520378,Chula
278.2258,0.89584,0.44289,"Evelyn L. Egan Observatory, Fort Myers"
278.6351,0.7485,0.66097,"Lakeland Astronomical Observatory, Kirtland"
278.8747,0.87602,0.48066,"Bar J Observatory, New Smyrna Beach"
278.91856,0.749551,0.659816,"Indian Hill North Observatory, Huntsburg"
279.4133,0.90197,0.43036,"Oakridge Observatory, Miami"
279.7653,0.89877,0.43695,Buehler Observatory
282.70896,1.000183,0.02103,"University of Narino Observatory, Pasto"
280.4927,0.723258,0.688308,"York University Observatory, Toronto"
285.33567,0.763194,0.644015,"Halsted Observatory, Princeton"
283.61539,0.738959,0.671615,"Hartung-Boothroyd Observatory, Ithaca"
281.7839,0.77836,0.62576,"CBA-NOVAC Observatory, Front Royal"
282.6641,0.77926,0.62463,"Timberlake Observatory, Oakton"
282.4961,0.73259,0.67843,"Northview Observatory, Mendon"
283.0029,0.77784,0.62638,Silver Spring
283.1576,0.77693,0.62749,"CBA-East Observatory, Laurel"
282.4361,0.79309,0.60708,"Fenwick Observatory, Richmond"
283.7577,0.77295,0.63235,"Hope Observatory, Belcamp"
284.2975,0.70235,0.70945,"Galaxy Blues Observatory, Gatineau"
284.4731,0.70267,0.70914,Ottawa
285.04839,0.712263,0.69959,"Reynolds Observatory, Potsdam"
285.6211,0.76785,0.63849,Arcturus Observatory
285.5758,0.75934,0.64853,Berkeley Heights
285.5439,0.75781,0.65032,Cedar Knolls
285.8212,0.758745,0.649211,"NJIT Observatory, Newark"
286.6142,0.69143,0.72005,"Observatoire des Pleiades, Mandeville"
287.20132,0.746487,0.663233,"Talcott Mountain Science Center, Avon"
287.2655,0.74987,0.65938,"Dark Rosanne Obs., Middlefield"
288.8036,0.7404,0.66992,"Sunhill Observatory, Newton"
288.2294,0.74794,0.66157,"Carbuncle Hill Observatory, Coventry"
288.86253,0.740677,0.66963,"Clay Center Observatory, Brookline"
289.1949,0.86558,-0.49976,"Cerro Tololo Observatory, La Serena--2MASS"
289.26626,0.87344,-0.486052,"European Southern Obs., La Silla--ASTROVIRTEL"
289.3152,0.86693,-0.49697,Mamalluca Observatory
289.298,0.87559,-0.48217,Las Campanas Observatory-TIE
289.8061,0.74801,0.66147,"Werner Schmidt Obs., Dennis-Yarmouth Regional HS"
288.0971,0.74279,0.66735,"Conlin Hill Observatory, Oxford"
290.6932,0.85116,-0.52394,"Alianza S4, Cerro Burek"
289.80377,0.910166,-0.413875,Cerro Armazones
291.82,0.92165,-0.3877,"CAO, San Pedro de Atacama (until 2012)"
289.26345,0.86502,-0.500901,"Gemini South Observatory, Cerro Pachon"
288.87053,0.736679,0.673998,"Phillips Academy Observatory, Andover"
282.93006,0.779116,0.624793,"Burleith Observatory, Washington D.C."
288.58931,0.740298,0.67004,"Tigh Speuran Observatory, Framingham"
288.70076,0.747034,0.662558,"Wishing Star Observatory, Barrington"
291.82033,0.921638,-0.387715,"IAA-AI Atacama, San Pedro de Atacama"
284.32206,0.748993,0.660451,"Thomas G. Cupillari Observatory, Fleetville"
281.3067,0.79038,0.6107,"Fan Mountain Observatory, Covesville"
295.40711,0.854834,-0.517422,"Observatorio El Gato Gris, Tanti"
295.68161,0.838551,-0.543122,"Observatorio Astronomico Salvador, Rio Cuarto"
295.8281,0.85465,-0.5176,"El Condor Observatory, Cordoba"
296.17399,0.71212,0.699724,"Abbey Ridge Observatory, Stillwater Lake"
292.26649,0.714173,0.697623,"Frosty Cold Observatory, Mash Harbor"
282.2306,0.78534,0.61702,"Lake of the Woods Observatory, Locust Grove"
295.44381,0.850887,-0.523945,"ECCCO Observatory, Bosque Alegre"
295.8214,0.85417,-0.51839,"Observatorio Kappa Crucis, Cordoba"
284.0006,0.70401,0.70783,"Barred Owl Observatory, Carp"
289.0889,0.74643,0.66324,"Starhoo Observatory, Lakeville"
288.63304,0.738432,0.672081,"Middlesex School Observatory, Concord"
299.3417,0.83966,-0.54131,Observatorio Geminis Austral
299.3649,0.83995,-0.54086,Observatorio Astronomico del Colegio Cristo Rey
299.3464,0.83969,-0.54125,"Observatorio Beta Orionis, Rosario"
289.26631,0.865052,-0.500865,"SOAR, Cerro Pachon"
284.1297,0.76548,0.64134,Morgantown
301.5572,0.82198,-0.56762,Sidoli
301.28271,0.819978,-0.570483,"Observatorio Los Campitos, Canuelas"
301.35275,0.825603,-0.56236,"Astrodomi Observatory, Santa Rita"
302.02141,0.8544,-0.517885,"Observatorio Los Algarrobos, Salto"
301.42661,0.823342,-0.565652,"Observatorio Cruz del Sur, San Justo"
289.26061,0.873472,-0.485986,La Silla--TRAPPIST
243.14022,0.836322,0.546875,Palomar Mountain--ZTF
288.9081,0.74895,0.66041,Westport Observatory
261.90237,0.846901,0.530084,"Tarleton State University Obs., Stephenville"
273.5176,0.86201,0.50521,"Northwest Florida State College, Niceville"
301.4281,0.82326,-0.56577,"W Crusis Astronomical Observatory, San Justo"
281.6108,0.76192,0.64558,"The Cottage Observatory, Altoona"
290.5503,0.81526,-0.57753,"Pierre Auger Observatory, Malargue"
295.6757,0.8034,-0.59348,"Observatorio El Catalejo, Santa Rosa"
253.98617,0.813183,0.580617,"Sunflower Observatory, Santa Fe"
254.47142,0.840712,0.540309,"P2 Observatory, Mayhill"
283.0547,0.78133,0.62203,Clinton
249.21108,0.845109,0.533609,"Steward Observatory, Mt. Lemmon Station"
356.3783,0.79822,0.60052,Armilla
353.03081,0.779853,0.623912,"Observatorio Las Vaguadas, Badajoz"
359.64214,0.772769,0.632566,Valencia
357.71066,0.801182,0.596429,"Observatorio Astronomico John Beckman, Almeria"
359.3256,0.78579,0.61646,Elche
359.5374,0.77206,0.63345,Betera
356.1558,0.72754,0.68377,"Observatorio Fuente de los matos, Muriedas"
357.1781,0.67397,0.7363,Guernanderf
352.1494,0.74047,0.66989,Ourense
356.42639,0.767072,0.639561,Observatorio Helios Ontigola
358.833,0.62944,0.77446,"Cygnus Observatory, New Airesford"
359.29386,0.623532,0.779182,Maidenhead
355.0796,0.80245,0.59491,Yunquera
312.0,0.96235,-0.27153,"Taurus Australis Observatory, Brasilia"
359.08753,0.62644,0.77687,Hartley Wintney
312.4981,0.96931,-0.24573,Pousada dos Anoes Observatory
352.0069,0.85232,0.5214,"AGM Observatory, Marrakech"
359.94158,0.604128,0.794217,"Gedney House Observatory, Kirton"
353.6698,0.7733,0.63205,"Observatorio Los Milanos, Caceres"
355.9849,0.75923,0.64893,"Observatorio Carpe-Noctem, Madrid"
359.58711,0.670611,0.739353,"Salvia Observatory, Saulges"
358.18739,0.629588,0.774337,"Baxter Garden Observatory, Salisbury"
359.965,0.76735,0.6391,"Observatorio Los Caracoles, Castello"
355.93681,0.761573,0.646107,"Observatorio Tesla, Valdemorillo"
316.0025,0.94119,-0.33714,"CEAMIG-REA Observatory, Belo Horizonte"
355.5721,0.8024,0.59481,"Observatorio Principia, Malaga"
357.6733,0.78743,0.61474,"AstroCamp, Nerpio"
358.13328,0.590762,0.804183,"Rose Cottage Observatory, Keighley"
356.20111,0.53351,0.842967,"Tarbatness Observatory, Portmahomack"
343.5797,0.88105,0.47156,Guimar
353.19,0.5963,0.80008,"Cherryvalley Observatory, Rathmolyon"
353.0212,0.77967,0.62415,"Cerro del Viento, Badajoz"
357.9848,0.80086,0.59686,Las Negras
356.2739,0.76211,0.64543,"Observatorio UCM, Madrid"
352.9593,0.60121,0.79643,"Astroshot Observatory, Monasterevin"
356.0823,0.79287,0.60753,Fuensanta de Martos
357.6739,0.78744,0.61474,"iTelescope Observatory, Nerpio"
351.5976,0.618315,0.783298,Blackrock Castle Observatory
357.6925,0.801192,0.596407,Retamar
353.95289,0.795987,0.603315,"Astreo Observatory, Mairena del Aljarafe"
359.79704,0.713717,0.698101,St Pardon de Conques
356.1367,0.76162,0.64603,"Observatorio Rho Ophiocus, Las Rozas de Madrid"
356.81394,0.771993,0.633666,Observatorio de la Hita
356.50384,0.758233,0.64996,"Hyperion Observatory, Urbanizacion Caraquiz"
359.50178,0.621889,0.780493,"Penn Heights Observatory, Rickmansworth"
356.41339,0.757256,0.651181,El Berrueco
356.46043,0.763221,0.644121,"Observatorio Blanquita, Vaciamadrid"
359.5056,0.7688,0.63744,Segorbe
354.2845,0.739938,0.670609,"Observatorio Cielo Profundo, Leon"
359.555,0.78391,0.61884,Busot
355.1325,0.638787,0.766833,"Gothers Observatory, St. Dennis"
343.48818,0.881471,0.471466,"ESA Optical Ground Station, Tenerife"
355.29639,0.749617,0.659822,"Bootes Observatory, Boecillo"
358.81247,0.604374,0.794039,"Trent Astronomical Observatory, Clifton"
353.89543,0.767881,0.638546,"Observatorio SPAG Monfrague, Palazuelo-Empalme"
359.6549,0.77127,0.63439,"Observatorio Zonalunar, Puzol"
353.7917,0.5945,0.80141,Balbriggan
359.59839,0.784437,0.618151,Alicante
351.31769,0.746984,0.662617,Matosinhos
356.51061,0.758248,0.649949,Caraquiz
342.1208,0.87763,0.47851,La Palma-Liverpool Telescope
345.99281,0.880303,0.472891,La Corte
352.83061,0.75542,0.653125,Muxagata
354.20356,0.584292,0.808826,"An Carraig Observatory, Loughinisland"
357.20313,0.609723,0.790018,Ragdon
356.906,0.60992,0.789845,"Dingle Observatory, Montgomery"
359.83036,0.764671,0.642359,El Maestrat
356.21926,0.762019,0.645541,Aravaca
356.08003,0.759065,0.649062,El Boalo
342.13235,0.878415,0.476543,"Tacande Observatory, La Palma"
358.49361,0.671765,0.7383,Centre Astronomique de La Couyere
343.55719,0.881661,0.470499,Observatorio Altamira
354.48883,0.728241,0.683076,"Penamayor Observatory, Nava"
356.98119,0.612507,0.787898,"The Spaceguard Centre, Knighton"
355.96899,0.760373,0.647528,El Guijo Observatory
356.21381,0.791408,0.609366,Jaen
346.34213,0.875695,0.481318,"Observatorio Nira, Tias"
356.293,0.761925,0.645666,"Observatorio Ventilla, Madrid"
355.77411,0.802445,0.594759,La Axarquia
352.97769,0.796769,0.602268,Aljaraque
359.906,0.62004,0.781953,"University of Hertfordshire Obs., Bayfordbury"
355.22711,0.748695,0.660858,La Fecha
356.02911,0.792167,0.608432,"Tucci Observatory, Martos"
356.94519,0.765179,0.641659,"Observatorio DiezALaOnce, Illana"
353.06469,0.796893,0.602104,Huelva
353.60924,0.726887,0.684518,"Observatorio La Vara, Valdes"
344.5636,0.88429,0.46547,Ingenio
355.55847,0.802546,0.594601,Malaga
353.8189,0.59779,0.79897,Raheny
359.6989,0.77138,0.63425,Puzol
352.13354,0.856441,0.515339,"Oukaimeden Observatory, Marrakech"
357.6552,0.73506,0.67596,"Observatorio Iturrieta, Alava"
344.46735,0.883626,0.466916,"Observatorio Montana Cabreja, Vega de San Mateo"
346.3594,0.87569,0.48131,"Observatorio Montana Blanca, Tias"
346.444,0.87501,0.4826,Observatorio Nazaret
343.696,0.87977,0.47393,"Observatory Mackay, La Laguna"
359.4482,0.78695,0.61496,Santa Pola
342.1176,0.87764,0.47847,La Palma-NEON
343.72898,0.879789,0.473809,"Observatorio Atlante, Tenerife"
358.6608,0.74198,0.66826,Observatorio Pinsoro
354.89278,0.791142,0.609607,Posadas
343.4906,0.88149,0.47142,Bradford Robotic Telescope
344.3144,0.88549,0.46313,Los Altos de Arguineguin Observatory
344.4536,0.88416,0.46624,Observatorio La Avejerilla
358.89083,0.767822,0.63884,Centro Astronomico Alto Turia 1
356.6644,0.62304,0.77959,"Brynllefrith Observatory, Llantwit Fardre"
356.20256,0.726956,0.684386,"Observatorio Linceo, Santander"
354.3406,0.74773,0.66201,"Tocororo Observatory, Arquillinos"
353.4264,0.59719,0.79942,"Brownstown Observatory, Kilcloon"
351.6345,0.59017,0.80459,"Kingsland Observatory, Boyle"
359.4831,0.78548,0.61683,San Gabriel
359.3459,0.78871,0.61271,La Mata
353.4497,0.5983,0.7986,Celbridge
357.7833,0.61071,0.78922,Kinver
359.4667,0.77114,0.63457,Observatorio La Puebla de Vallbona
357.7055,0.61813,0.78345,"Tweenhills Observatory, Hartpury"
358.98034,0.631443,0.772863,"North Observatory, Clanfield"
358.8404,0.78968,0.61149,"Obs. Astronomico Vega del Thader, El Palmar"
357.8947,0.5935,0.80217,Willow Bank Observatory
358.9664,0.79065,0.61028,Valle del Sol
359.0833,0.6187,0.783,Quainton
357.0961,0.7295,0.68169,Bilbao
357.43471,0.789388,0.612222,"OAM Observatory, La Sagra"
358.79718,0.790771,0.610163,La Murta
357.5947,0.63154,0.77276,"Golden Hill Observatory, Stourton Caundle"
358.8244,0.78887,0.61253,Murcia
358.38066,0.795516,0.603908,"Observatorio Calarreona, Aguilas"
359.1083,0.70862,0.70323,Sainte Helene
358.13489,0.735984,0.674878,Guirguillano
357.3067,0.5935,0.8021,Leyland
357.3883,0.59274,0.8027,"Olive Farm Observatory, Hoghton"
358.9803,0.63144,0.77285,"South Observatory, Clanfield"
357.4833,0.5666,0.8213,Makerstoun
356.6153,0.7993,0.59968,Sierra Nevada Observatory
355.5067,0.76047,0.64753,La Canada
358.5592,0.63165,0.77266,"Strawberry Field Obs., Southampton"
356.2861,0.76045,0.64739,Tres Cantos Observatory
358.5317,0.62251,0.78,West Challow
357.0483,0.7411,0.6692,"Alt emporda Observatory, Figueres"
359.3487,0.62214,0.78031,Beaconsfield
357.7426,0.61927,0.78255,"Mount Tuffley Observatory, Gloucester"
357.7886,0.61909,0.7827,Abbeydale
358.55301,0.624152,0.778715,Great Shefford
356.05669,0.735326,0.67569,Observatorio de Cantabria
359.5333,0.7754,0.6293,Alginet
359.5344,0.77275,0.63259,Observatorio Manises
359.57808,0.772589,0.63279,Burjassot
8.94836,0.64263,0.763639,Hanau
0.62091,0.618636,0.78306,"Astrognosis Observatory, Bradwell"
0.66761,0.622858,0.779718,"Eastwood Observatory, Leigh on Sea"
0.74411,0.744133,0.665979,Observatori AAS Montsec
0.74416,0.74413,0.665983,"Lo Fossil Observatory, Ager"
1.02311,0.610689,0.789233,"Eden Observatory, Banham"
1.9995,0.749658,0.659703,"Observatorio Montagut, Can Sola"
2.4614,0.65973,0.74902,"Observatoire de Gravelle, St. Maurice"
1.88,0.75142,0.65773,"Observatorio Lledoner, Vallirana"
2.24,0.74889,0.66051,Llica d'Amunt
5.4214,0.71851,0.69332,"Micro Palomar, Reilhanette"
2.88079,0.697458,0.71439,Observatoire de Pommier
2.7267,0.77121,0.63447,Obsevatorio Astronomico de Marratxi
2.9124,0.77015,0.63575,"Albireo Observatory, Inca"
2.9131,0.7709,0.63485,Observatorio de Sencelles
3.75522,0.725152,0.686311,Murviel-les-Montpellier
5.42106,0.71854,0.693283,Reilhanette
7.02679,0.692802,0.718806,"Observatoire des Valentines, Bex"
7.5242,0.67588,0.7346,Hesingue
5.64731,0.720582,0.691187,"PASTIS Observatory, Banon"
4.68015,0.642261,0.763954,"Danastro Observatory, Romeree"
4.9292,0.72101,0.69061,Saint-Saturnin-les-Avignon
5.07611,0.724222,0.687283,"Les Barres Observatory, Lamanon"
9.4023,0.70168,0.71014,Gorgonzola
6.86069,0.651487,0.756168,Schmelz
5.7136,0.72157,0.69014,"Haute Provence Sud, Saint-Michel-l'Observatoire"
6.2201,0.64965,0.75775,Contern
6.2094,0.68296,0.72816,"St-Martin Observatory, Amathay Vesigneux"
6.8947,0.63326,0.77137,Sternwarte Eckdorf
7.78347,0.696415,0.715918,Stellarium Gornergrat
7.14839,0.682674,0.728365,Luscherz
7.00361,0.713656,0.698546,Osservatorio Astronomico di Bellino
7.52964,0.716152,0.695733,"Maritime Alps Observatory, Cuneo"
7.49761,0.715775,0.696117,San Defendente
7.7005,0.70697,0.70492,Turin
8.16369,0.639883,0.765937,Huenfelden
8.24887,0.645167,0.761522,Ebersheim
8.3148,0.70738,0.70449,Cereseto
8.91824,0.697505,0.714297,"M57 Observatory, Saltrio"
8.95556,0.71408,0.697844,Serra Observatory
9.0135,0.66228,0.74685,Altdorf
8.793,0.71113,0.70075,"Vegaquattro Astronomical Obs., Novi Ligure"
8.3332,0.65685,0.75151,Knielingen
9.8389,0.69215,0.7197,"OVM Observatory, Chiesa in Valmalencom"
9.97331,0.615161,0.785779,"Marienburg Sternwarte, Hildesheim"
10.49814,0.733299,0.677639,"Oss. Astronomico di Punta Falcone, Piombino"
10.9114,0.64561,0.76115,Bamberg
10.68822,0.724257,0.687222,"BSCR Observatory, Santa Maria a Monte"
10.83881,0.705714,0.706127,"Keyhole Observatory, San Giorgio di Mantova"
11.18581,0.724381,0.687146,"Carpione Observatory, Spedaletto"
11.133,0.646903,0.760116,"Sternwarte Feuerstein, Ebermannstadt"
11.65789,0.695636,0.716268,"Osservatorio del Celado, Castello Tesino"
7.6478,0.70548,0.70642,"Gwen Observatory, San Francesco al Campo"
12.04564,0.744479,0.665409,Marina di Cerveteri
11.33678,0.728803,0.682494,Astronomical Observatory University of Siena
7.765,0.645586,0.761172,Wallhausen
12.70497,0.732993,0.678008,Osservatorio di Foligno
13.0444,0.69854,0.71317,Fiore Observatory
7.4497,0.62655,0.77685,Gevelsberg
13.27744,0.620411,0.781663,"Elsterland Observatory, Jessnigk"
13.51069,0.568623,0.819848,Lindby
13.6026,0.64741,0.75967,Rokycany Observatory
13.84675,0.635514,0.769557,Teplice Observatory
10.46252,0.719536,0.692195,"G. Pascoli Observatory, Barga (before June 2023)"
11.74397,0.644963,0.761748,Waizenreuth
12.2339,0.71879,0.6929,Cesena
12.62861,0.750491,0.658684,Osservatorio Astronomico di Anzio
13.361,0.65835,0.75036,"Bayerwald Sternwarte, Spiegelau"
14.90512,0.759709,0.64811,"Osservatorio Elianto, Pontecagnano"
10.9941,0.62938,0.77452,Riethnordhausen
15.9736,0.78375,0.61901,Rosarno
12.2159,0.65748,0.75101,Neutraubling
16.3396,0.77485,0.63021,Celico
16.4158,0.75789,0.65029,Gravina in Puglia
10.2364,0.64667,0.76025,"Muensterschwarzach Observatory, Schwarzach"
11.7289,0.68897,0.72269,"Astro Dolomites, Santa Cristina Valgardena"
7.62898,0.713488,0.69841,"BSA Osservatorio, Savigliano"
11.2903,0.6468,0.76019,"EHB01 Observatory, Engelhardsberg"
9.85356,0.718987,0.692718,"iota Scorpii Observatory, La Spezia"
11.05789,0.631175,0.773097,Erfurt
16.63733,0.610859,0.789111,"Platanus Observatory, Lusowko"
13.78511,0.748666,0.660819,"P.M.P.H.R. Deep Sky Observatory, Atina"
17.5894,0.75937,0.64854,"Alphard Observatory, Ostuni"
11.04317,0.723487,0.68808,"Osservatorio Astronomico Beppe Forti, Montelupo"
10.75861,0.71834,0.693581,"Felliscopio Observatory, Fellicarolo"
6.03161,0.634354,0.770499,Kelmis
10.18189,0.701516,0.710308,Brescia
10.17011,0.646647,0.760288,Dettelbach Vineyard Observatory
19.89367,0.671543,0.738689,"GINOP-KHK, Piszkesteto"
11.56339,0.738665,0.67186,"Digital Stargate Observatory, Manciano"
20.54577,0.714093,0.697776,Sopot Astronomical Observatory
20.81019,0.845561,-0.532618,Sutherland-LCO A
20.81004,0.845561,-0.532618,Sutherland-LCO B
20.81011,0.84556,-0.53262,Sutherland-LCO C
20.81097,0.845561,-0.532606,Sutherland
20.81106,0.845555,-0.532613,"MASTER-SAAO Observatory, Sutherland"
16.75119,0.77487,0.630302,Savelli Observatory
7.18026,0.664361,0.74505,Freconrupt
17.07217,0.608205,0.791142,"6ROADS Observatory 1, Wojnowko"
22.4535,0.663064,0.746102,Derenivka Observatory
12.5375,0.74535,0.66446,"East Rome Observatory, Rome"
13.7493,0.704742,0.707169,"Visnjan Observatory, Tican"
20.81658,0.771051,0.634781,"NOAK Observatory, Stavraki"
14.73081,0.671765,0.738393,"SGT Observatory, Gaflenz"
23.5964,0.685544,0.725675,"ROASTERR-1 Observatory, Cluj-Napoca"
10.0699,0.70093,0.71089,"Dridri Observatory, Franciacorta"
9.25403,0.69628,0.715445,"Sormano 2 Observatory, Bellagio Via Lattea"
14.56406,0.760166,0.647727,"Osservatorio Salvatore di Giacomo, Agerola"
24.39447,0.497926,0.864325,"Metsahovi Optical Telescope, Metsahovi"
20.80987,0.845559,-0.532619,Sutherland-LCO Aqawan A #1
22.6186,0.78943,0.61203,Kryoneri Observatory
17.2092,0.50421,0.8607,Sandvreten Observatory
2.67789,0.629068,0.774754,Koksijde
25.62193,0.700409,0.711479,"Stardust Observatory, Brasov"
4.92247,0.698669,0.713095,Planetarium de Vaulx-en-Velin Observatory
25.97839,0.708234,0.703665,"St. George Observatory, Ploiesti"
26.04561,0.70582,0.706098,"Stardreams Observatory, Valenii de Munte"
2.7114,0.74071,0.66964,Observatori Astronomic Albanya
26.71828,0.659348,0.749399,"QOS Observatory, Zalistsi"
11.15258,0.716257,0.695653,"Osservatorio Felsina AAB, Montepastore"
18.32069,0.722441,0.689239,"AG_Sarajevo Observatory, Sarajevo"
27.42128,0.720179,0.691479,"Ostrov Observatory, Constanta"
27.66953,0.692963,0.718573,Barlad Observatory
27.8319,0.70211,0.70968,Schela Observatory
27.9289,0.89882,-0.43743,Gauteng
14.43739,0.598174,0.7987,Smolecin
11.81019,0.743368,0.666653,"Sanderphil Urban Observatory, Civitavecchia"
5.64704,0.720583,0.691197,"29PREMOTE Observatory, Dauban"
15.46339,0.758034,0.650341,ISON-Castelgrande Observatory
18.0169,0.91802,-0.39574,"Drebach-South Observatory, Windhoek"
7.51469,0.624126,0.778737,"Lohbach Observatory, Benninghofen"
12.85615,0.632524,0.772019,"RaSo Observatory, Chemnitz"
20.81044,0.845576,-0.532593,Korea Microlensing Telescope Network-SAAO
29.9546,0.67379,0.73646,Ananiv
14.02061,0.789742,0.611548,"Galhassin Robotic Telescope, Isnello"
30.5086,0.64055,0.76537,"DreamSky Observatory, Lisnyky"
14.78008,0.645319,0.761467,Ondrejov--BlueEye600 Telescope
353.73883,0.803937,0.592739,"Observatorio Alnitak, El Puerto de Santa Maria"
9.69997,0.615648,0.785407,"Gartensternwarte Schafsweide, Sehlde"
11.04031,0.723062,0.68849,"Osservatorio Spica, Signa"
6.95681,0.654011,0.754011,Sternwarte Saarbruecken Rastpfuhl
12.30181,0.720683,0.691022,Ponte Uso
11.5633,0.7367,0.674,Observatory-Astrocamp Manciano
0.74439,0.744131,0.665982,"Ager, Leida"
6.22111,0.688185,0.72336,"AstroVal, Le Chenit"
15.06243,0.793975,0.605979,"ObsCT, Catania"
356.11939,0.762017,0.645574,Observatorio Majadahonda
12.50711,0.725542,0.685961,"Osservatorio Astronomico, Piobbico"
23.56873,0.674816,0.735566,"CNVL Observatory, Baia Mare"
13.0073,0.671444,0.738747,"VEGA-Sternwarte, Dorfleiten"
34.0114,0.71157,0.70039,"GenShtab Observatory, Nauchnyi"
34.0164,0.71169,0.70028,"MARGO, Nauchnyi"
34.01694,0.711679,0.700287,MASTER-Tavrida
9.03381,0.699589,0.712226,"Aldo Agnetti Observatory, Como"
22.88878,0.700704,0.711156,"Berthelot Observatory, Hunedoara"
35.0875,0.666222,0.743283,"Sura Gardens, Dnipro"
8.05858,0.63896,0.766697,"Sternwarte Limburg, Limburg"
26.90419,0.688762,0.722601,"Bacau Observatory, Bacau"
30.57108,0.69171,0.719771,Heavenly Owl observatory
1.22606,0.651546,0.756108,"Compustar Observatory, Rouen"
30.69722,0.644961,0.761695,"Popovich Observatory, Ivanivka"
20.81028,0.845575,-0.532593,"MONET South, Sutherland"
12.52889,0.719467,0.692209,"Hypatia Observatory, Rimini"
11.00914,0.723671,0.687849,"HOB Observatory, Capraia Fiorentina"
9.36314,0.701822,0.710005,"Martesana Observatory, Cassina de Pecchi"
8.82831,0.602059,0.795784,"Bredenkamp Observatory, Bremen"
20.81122,0.845577,-0.532615,"MeerLICHT-1, Sutherland"
37.79889,0.561057,0.825033,"Cherkizovo Observatory, Moscow Oblast"
25.53683,0.830048,-0.555874,"PESCOPE, Port Elizabeth"
28.2142,0.90084,-0.43323,"LaCaille Observatory, Pretoria"
15.92333,0.698145,0.7136,"Zvjezdarnica Graberje, Zagreb"
38.5839,0.71089,0.70101,"Vedrus Observatory, Azovskaya"
38.6928,0.55979,0.82589,Melezhy Astrophoto Observatory
11.26183,0.724459,0.687083,"Beato Ermanno Observatory, Impruneta"
14.21109,0.757212,0.651048,"AstroColauri, Naples"
26.46394,0.527292,0.846853,Tartu Observatory of Tartu University
39.65161,0.68353,0.727483,"Nomad Observatory, Kochevanchik"
39.82025,0.678927,0.731765,"RDSS, Kovalevka"
14.78,0.75943,0.64844,"San Marco Observatory, Salerno"
18.22039,0.696477,0.715222,"BOSZA Observatory, Szalanta"
18.0175,0.91802,-0.39574,"SpringBok Observatory, Tivoli"
16.36169,0.919631,-0.392204,Skygems Namibia Remote Observatory
352.6795,0.775227,0.629726,"Crow Observatory, Portalegre"
356.22231,0.791355,0.609451,"UJA Observatory, Jaen"
41.27989,0.695443,0.716182,"Kairos Observatory, Letnik"
15.86325,0.766873,0.63983,"BiAnto Observatory, Lauria"
9.2631,0.7114,0.70062,"Giordano Bruno Observatory, Brallo"
16.36189,0.919631,-0.392204,"Moonbase South Observatory, Hakos"
16.5422,0.77721,0.62746,"Stazione Astronomica Le Pleiadi, Pantane"
11.14439,0.722146,0.689445,"PAO, Prato"
15.97949,0.78412,0.61856,"ABObservatory, Rosarno"
13.8078,0.74776,0.66189,"Antares MTM Observatory, S. Donato"
16.00211,0.781423,0.621967,San Costantino
1.77221,0.752844,0.65601,"Garraf Observatory, Sant Pere de Ribes"
354.14561,0.728187,0.683146,"Observatorio MOMA, Oviedo"
358.95159,0.793164,0.607,Observatorio Astronomico de Cartagena
44.2745,0.7634,0.64416,ISON-Byurakan Observatory
357.99161,0.624666,0.778298,"Castle Fields Observatory, Calne"
357.43425,0.789394,0.612232,"La Sagra Observatory, Puebla de Don Fadrique"
30.60281,0.635913,0.769201,Novosilky
26.21155,0.490116,0.868754,"Viestikallio, Artjarvi"
35.04073,0.866349,0.4979,Weizmann Astrophysical Observatory
0.86386,0.754439,0.654271,Astropriorat Observatory
2.25822,0.750568,0.658591,Badalona Boreal
1.4256,0.74764,0.66207,"Pujalt Observatory, Barcelona"
1.33161,0.729979,0.681267,"Observatoire de la Nine, Canens"
0.74381,0.74413,0.665983,"PeLe's Observatory, Ager"
10.29447,0.594202,0.801641,Siek
4.0381,0.62786,0.77573,"CHON, Stekene"
5.60094,0.630164,0.773882,Observatory Gromme - Oudsbergen
6.85411,0.724305,0.687343,"CPF Observatory, St Vallier de Thiey"
5.64718,0.720589,0.691192,"Novaastro Observatory, Banon"
47.8639,0.55891,0.82648,Puschino
7.7425,0.662866,0.746267,"Lucie Berger Observatory, Strasbourg"
8.78939,0.699981,0.711832,Schiaparelli Gallarate Station
9.1506,0.70039,0.71142,"Virgo Oservatory, Seveso"
9.77319,0.719401,0.692358,Osservatorio Il Coreggiolo
9.80922,0.719163,0.692525,"SN1572 Tycho Observatory, La Spezia"
11.83939,0.639618,0.766239,Koeditz
13.88327,0.709976,0.701881,"Osservatorio Explorer, Pula"
13.01169,0.690044,0.721515,"Polse di Cougnes Observatory, Zuglio"
16.36144,0.91963,-0.392206,"Schiaparelli Southern Observatory, Hakos"
20.81059,0.845564,-0.532612,"ATLAS South Africa, Sutherland"
16.6035,0.679955,0.730852,"ELTE Gothard Observatory, Szombathely"
16.2005,0.787195,0.614649,"La Macchina del Tempo, Ardore Marina"
23.8283,0.47849,0.87517,"Einarin Observatory, Tampere"
11.13494,0.723236,0.688304,"Zen Observatory, Scandicci"
10.7175,0.72743,0.68399,"Elijah Observatory, Lajatico"
20.81064,0.845568,-0.532607,"Lesedi Telescope-SAAO Observatory, Sutherland"
12.24864,0.718724,0.692984,"O.M.Ni.A. Observatory, Cesena"
25.62,0.70038,0.711516,"Zeta Aquarii Observatory, Brasov"
26.21281,0.49013,0.868745,"Ursa Havaintokeskus,  Artjarvi"
22.70919,0.665464,0.743964,"Sunny Transcarpathian, Mukachevo"
34.76334,0.861632,0.506111,"OWL-Net, Mitzpe Ramon"
17.27363,0.665591,0.743936,"AGO70, Astronomical Observatory, Modra"
26.61669,0.688654,0.722734,"PS Observatory, Parjol"
13.79647,0.699732,0.71209,"Opicina, Trieste"
13.91243,0.696956,0.714892,"Astronomsko drustvo Nanos, Ajdovscina"
21.76719,0.671089,0.738924,"Harsona Observatory, Nyiregyhaza"
22.95888,0.760013,0.64775,"AUTH Observatory, Thessaloniki"
31.82708,0.867372,0.496143,"OSTS-NRIAG, Kottamia"
39.25827,0.930706,0.364567,Jeddah
54.6708,0.9099,0.41343,"Emirates Observatory, Al Rahba"
54.68478,0.912805,0.407034,"Al Sadeem Observatory, Abu Dhabi"
54.92031,0.912502,0.407722,"Al-Khatim Observatory, Abu Dhabi"
25.76889,0.697617,0.714205,"Starhopper Observatory, Sfantu Gheorghe"
55.45033,0.90528,0.423399,"Althuraya Astronomy Center, Dubai"
55.46205,0.904763,0.424484,"Sharjah Observatory, Sharjah"
15.09222,0.794277,0.605535,"GAC - Via L. Sturzo Observatory, Catania"
16.36172,0.91963,-0.392206,"IAS Remote Observatory, Hakos"
11.56375,0.738663,0.671862,"Virtual Telescope Project, Manciano"
9.22697,0.6555,0.752709,"Robert Mayer Sternwarte, Heilbronn"
8.5785,0.758941,0.649052,Sassari
10.28219,0.585977,0.807623,"CAS Observatory, Preetz"
7.07781,0.72514,0.686335,Observatoire Albireo de Biot
19.987,0.656685,0.751814,"Luckystar Observatory, Vazec"
9.17483,0.700833,0.710985,Varedo
14.0202,0.790651,0.610701,"Wide-field Mufara Telescope, Isnello"
16.36133,0.91963,-0.392207,"VdS Remote Observatory, Hakos"
7.22883,0.680334,0.730616,"Rondchamp Observatory, Reconvilier"
11.32554,0.717411,0.694492,"Virgil Observatory, Loiano"
6.58581,0.624893,0.778108,Observatory Moers Kapellen
7.13417,0.679741,0.731214,Lajoux Observatory
18.36969,0.768886,0.637286,"RPF Observatory, Gagliano del Capo"
0.23964,0.631065,0.77317,"Holbrook, Heathfield"
28.32494,0.485072,0.871558,"Mustola Observatory, Lappeenranta"
32.84019,0.820917,0.569526,"SNX-NET, Prodromos"
58.63631,0.591867,0.803429,"Kolobov Observatory, Magnitogorsk"
37.83052,0.563964,0.823064,"School 1502 Rooftop Obs., Moscow"
54.74547,0.917029,0.397543,Emirates Astronomical Observatory L.L.C
26.40409,0.875173,-0.482645,"BOOTES-6, Bloemfontein"
22.99562,0.760788,0.646852,"AUTH Astronomical Station, Noesis"
32.84017,0.820914,0.569524,"AUTH Astronomical Station, Cyprus"
54.74531,0.917018,0.397539,"Eden Emirates Observatory, Abu Dhabi"
39.51155,0.699085,0.712651,"Online observatory, Peschany"
39.96553,0.71811,0.693769,Mezmay Comet Search Center
65.4286,0.54672,0.83452,Chervishevo
73.7253,0.57847,0.81298,Omsk-Yogik Observatory
74.3694,0.85369,0.51909,"Zeds Astronomical Observatory, Lahore"
74.44422,0.853321,0.51969,"Eden Astronomical Observatory, Lahore"
76.97181,0.732126,0.679511,Tien-Shan Astronomical Observatory
77.1167,0.16712,-0.98328,"Plateau Observatory for Dome A, Kunlun Station"
77.13931,0.785023,0.617693,"Shache Station, Langan Village"
78.96383,0.842176,0.538692,"Himalayan Chandra Telescope, IAO, Hanle"
78.96461,0.842178,0.538687,"GROWTH India Telescope, IAO, Hanle"
79.6853,0.872572,0.487612,International Liquid Mirror Telescope
80.02674,0.846505,0.532071,"Purple Mountain Observatory, Jiama'erdeng"
80.02623,0.846497,0.532089,"Corona Borealis Observatory, Ngari, Tibet"
80.02675,0.846503,0.532073,"Jiama'erdeng Tianwentai JIST project, Ali, Tibet"
80.046,0.846724,0.53182,"YLT, NAOC"
85.95494,0.641844,0.76445,Multa Observatory
86.23504,0.749549,0.659927,"LW-1, NAOC-Korla"
87.17701,0.727046,0.684749,Megrez-NAOC
87.17852,0.72707,0.684719,"Xingming Observatory-KATS, Nanshan"
87.17503,0.727076,0.68472,"Nanshan Station, Xinjiang Observatory"
87.17322,0.727098,0.684697,"Xingming Observatory #3, Nanshan"
87.17906,0.727107,0.684682,"Xingming Observatory #2, Nanshan"
88.72792,0.675788,0.734831,Altay Astronomical Observatory
89.75361,0.725576,0.686265,"Xingyuan Observatory #2, Qitai"
90.52614,0.866434,0.498958,"Galaxy Tibet YBJ Observatory,Yangbajing"
93.88669,0.783127,0.62073,"Purple Mountain Observatory, Lenghu-1"
93.89522,0.782966,0.621021,"WFST, Lenghu"
98.48553,0.948521,0.316891,"TRT-NEO, Chiangmai"
101.04528,0.902014,0.431157,"Purple Mountain Observatory, Dayao"
100.03106,0.894458,0.446769,"BOOTES-4, Lijiang"
100.22861,0.875727,0.482435,"Xingyuan, Daocheng"
99.46556,0.949569,0.312613,"Choakanan Observatory, Lampang"
100.029,0.894239,0.447183,"Gaomeigu Gemini Observatory, LiJiang"
99.78111,0.994005,0.109127,"Observatori Negara, Langkawi"
100.02973,0.894468,0.446765,"Lijiang Station, Yunnan Observatories"
100.03261,0.894444,0.446808,"Yunnan-HK Observatory, Gaomeigu"
100.22664,0.875738,0.482415,Daocheng Glacier Observatory
101.13415,0.902535,0.429998,"Yunling Observatory, Yunnan"
101.18154,0.903223,0.428442,"Purple Mountain Observatory, Yaoan (0.8-m)"
101.18111,0.903206,0.428474,"Purple Mountain Observatory, Yaoan Station"
101.43942,0.998617,0.052565,"Hin Hua Observatory, Klang"
101.27869,0.975556,0.218996,"Akin Observatory, Rayong"
100.72972,0.972224,0.23325,"Astro820, Samut Prakan"
101.40403,0.967655,0.25161,"Pakchong, Nachonratchasima"
100.94939,0.97337,0.22846,"TSky Observatory, Chonburi"
101.8545,0.9991,0.042381,"Telok Kemang Observatory, Port Dickson"
101.45456,0.967528,0.252097,Jaichalad-Pailin Observatory
102.63094,0.957811,0.286532,ROP KKN Observatory
101.45413,0.967528,0.252097,"SSTAC, Pak Chong"
105.3309,0.793121,0.607347,"LW-2, NAOC-Zhongwei"
106.33476,0.672017,0.738399,"OWL-Net, Songino"
107.0518,0.672284,0.738151,ISON-Hureltogoot Observatory
109.213,0.826583,0.561181,"LiShan Observatory, Lintong"
114.08987,0.928304,-0.370597,"Space Surveillance Telescope, HEH Station"
115.57333,0.769058,0.637315,"Baihuashan Observatory, Beijing"
115.81167,0.848989,-0.526638,Nedlands
116.61083,0.75701,0.651328,"Birch Forest Observatory, LaBaGouMen"
117.28146,0.85054,-0.524246,"6R-AUS1, Youndegin"
117.57588,0.762782,0.644702,"LW-3, NAOC-Xinglong"
118.31274,0.910976,0.411089,"Kinmen Educational Remote Observatory, Jincheng"
119.59708,0.862775,0.504181,"Jiangnantianchi Observatory, Anji"
119.59736,0.862772,0.504189,"Starlight Observatory, Tianhuangping"
120.32031,0.85504,0.516826,"Lvye Observatory, Suzhou"
120.55699,0.913398,0.405722,"Cuteip Remote Observatory, Changhua"
120.62669,0.855207,0.516553,"ULTRA Observatory,Suzhou"
120.63972,0.91298,0.406672,"HuiWen High School Observatory, Taichung City"
120.71429,0.927137,0.373477,Checheng Elementary School Observatory
121.53958,0.905916,0.422185,"Chinese Culture University, Taipei"
121.786,0.797583,0.601303,"Merak, NAOC"
123.32403,0.258064,-0.963413,"ASTEP, Concordia Station"
126.33047,0.722664,0.688958,Jilin Observatory
127.03597,0.809823,0.584732,Jeonbuk Science High School Observatory
126.8475,0.817778,0.573621,"GSA Observatory, Gwangju"
127.00489,0.796371,0.602805,"GSHS Observatory, Suwon"
127.37568,0.805889,0.590124,"OWL-Net, Daedeok"
127.44675,0.824763,0.563603,Deokheung Optical Astronomy Observatory
127.7415,0.7904,0.61057,Kangwon National University Observatory
127.4744,0.806556,0.589222,DDSHS Biryong Observatory
127.47561,0.801895,0.595484,ChungBuk National University Observatory
128.76108,0.815026,0.57752,Miryang Arirang Astronomical Observatory
128.97595,0.808423,0.586939,"OWL-Net, Mt. Bohyun"
129.082,0.81744,0.57412,"BSH Byulsem Observatory, Busan"
132.09419,0.830358,0.555374,"Hirao Observatory, Yamaguchi"
133.54433,0.823371,0.565729,"Space Tracking and Communications Center, JAXA"
135.49344,0.825315,0.562809,"Sakai Observatory, Osaka"
136.49547,0.816116,0.57599,"Tarui Observatory, Tarui"
137.32944,0.821623,0.568142,Toyokawa Observatory
137.52069,0.820236,0.570158,Shinshiro
137.82536,0.805147,0.591292,Nagano Observatory
138.30444,0.811183,0.583125,Goto Astronomical Observatory in Yatsugatake
139.439,0.8143,0.57852,Machida
139.57008,0.824585,-0.563856,"Swan Reach Imaging, Glenalta"
139.85335,0.804747,0.591654,Southern Utsunomiya
140.34192,0.827286,-0.559911,"SNX-NET, Moorook"
140.38646,0.796535,0.602639,Sukagawa
140.5235,0.810991,0.583108,Katori
142.48278,0.715989,0.695814,"Nayoro Observatory, Hokkaido University"
143.5506,0.81654,-0.57538,Swan Hill
147.28772,0.73929,-0.671278,"Harlingten Telescope, Greenhill Observatory"
149.06142,0.855643,-0.516191,"SkyMapper, Siding Spring"
148.97642,0.82148,-0.568478,"Heaven's Mirror Observatory, Yass"
149.06173,0.855649,-0.516175,Korea Microlensing Telescope Network-SSO
149.07085,0.855632,-0.516199,Siding Spring-LCO Clamshell #1
149.07081,0.855626,-0.516197,Siding Spring-LCO Clamshell #2
149.069,0.855626,-0.516198,"ISON-SSO Observatory, Siding Spring"
149.0619,0.85564,-0.51618,"PROMPT, Siding Spring"
149.06442,0.855629,-0.516206,"iTelescope Observatory, Siding Spring"
149.07064,0.855632,-0.516202,Siding Spring-LCO A
149.07078,0.855632,-0.516202,Siding Spring-LCO B
149.19313,0.855519,-0.516201,Warrumbungle Observatory
149.06425,0.855627,-0.516205,"Siding Spring-Janess-G, JAXA"
149.49233,0.835816,-0.547369,"JBL Observatory, Bathurst"
150.33742,0.832917,-0.551813,"Blue Mountains Observatory, Leura"
150.44933,0.832777,-0.551945,Hazelbrook
150.50044,0.919153,-0.392623,"Glenlee Observatory, Glenlee"
149.06981,0.855626,-0.516205,"SNX-NET, Siding Spring"
151.64894,0.841722,-0.538113,"Buckthorn, Thornton"
152.94789,0.886807,-0.460619,"Woogaroo Observatory, Forest Lake"
152.8481,0.88871,-0.45696,Samford Valley Observatory
153.216,0.88762,-0.45904,Birkdale
153.09622,0.893194,-0.448181,Caloundra West
342.12071,0.87765,0.478474,GOTO North
342.23206,0.878518,0.476188,VillaDeMazoElHoyo
343.46464,0.880457,0.472653,"Tafuriaste, La Orotava"
343.48969,0.881484,0.47143,ATLAS-TDO
343.49025,0.881483,0.471432,"Two-meter Twin Telescope, TTT4"
344.57711,0.88236,0.469022,"LaMelira, Las Palmas de Gran Canaria"
353.01175,0.741817,0.668659,"NEObserver Trevinca, Trevinca Skies"
357.35656,0.791876,0.608856,PixelSkiesAstro
352.30683,0.798224,0.600382,"Dobsonian Power, Algarve"
351.16978,0.783453,0.619386,"STB Astro Observatory, Setubal"
356.30367,0.761143,0.646784,"UAM, Madrid"
358.24614,0.746259,0.663617,Observatorio Astronomico del Moncayo
353.37281,0.786772,0.615322,TransAstra TKO at e-EYE
353.01164,0.741813,0.668665,Metis Trevinca Skies
353.01158,0.741811,0.668654,"Tycho Brahe, Trevinca"
357.69143,0.599819,0.797488,"Lovell (76-m, Jodrell Bank)"
355.75199,0.762362,0.64519,Madrid DSS-63 (70-m)
358.89092,0.767825,0.638837,Centro Astronomico Alto Turia 2
354.56048,0.77265,0.632947,"Observatorio Villuercas-Navezuelas, Navezuelas"
354.40658,0.745697,0.664228,Obsservatorio astronomico Orion
354.91808,0.765253,0.641682,"Astrogredos Observatory, Arenas de San Pedro"
355.46503,0.803836,0.592881,"Observatorio IES Al-Baytar, Benalmadena"
355.41333,0.803227,0.593731,"Pinos, Alhaurin de la Torre"
356.7885,0.679215,0.7315,"Petit Cosquet, Bangor"
357.23226,0.774034,0.631202,"ALFA CENTAURI, LAS MESAS"
170.48389,0.720473,-0.691324,"Scott Street Observatory, Lake Tekapo"
170.47278,0.720489,-0.691309,"Aorangi Iti Observatory, Lake Tekapo"
170.49039,0.697579,-0.714138,"Beverly-Begg Observatory, Dunedin"
357.67342,0.787441,0.614744,"Camarasa Observatory, Astrocamp Nerpio"
357.67344,0.787445,0.61475,"MonitorMyPlanet, Nerpio"
358.6305,0.768299,0.638201,Landete-Kea
359.11339,0.669125,0.740688,"lama'stro, Le Genest-Saint-Isle"
358.77989,0.792058,0.608451,"Observatorio Sureste Estelar, Fuente Alamo"
359.66752,0.632125,0.772282,Steyning Observatory
172.34981,0.726556,-0.68483,"R. F. Joyce Observatory, Christchurch"
172.58761,0.726587,-0.684777,"Mooray Observatory, Christchurch"
0.28344,0.681028,0.729829,"Chinon Private Observatory, Chinon"
359.6768,0.693026,0.718523,Bourgeon Observatory
0.80258,0.678413,0.73224,SAT01-Mntlouis sur Loire
359.62036,0.709877,0.701989,"WATCH, Beychac Et Caillau"
359.50454,0.784613,0.617946,"Erchico, San Vicente Del Raspeig"
2.03528,0.750193,0.659046,"RubiObservatory, Rubi"
0.83289,0.680384,0.730428,"Observatoire de Tauxigny, Tauxigny"
1.93494,0.751434,0.657653,"Observatori Puig d'Agulles, Vallirana"
1.45486,0.753664,0.655084,"Rodamir, Roda de Bara"
4.10667,0.63848,0.767079,"LEPTINA-ONE, Estinnes-au-val"
3.72744,0.723117,0.68847,Observatoire de l'etoile qui rit
175.09104,0.788021,-0.613626,"Crystal Lake Observatory, Ngutunui"
4.33403,0.708332,0.703766,"Observatoire Hubert Reeves, Mars"
4.41089,0.708799,0.703289,Observatoire International de Beauvert
2.087,0.749353,0.660015,"Obs Vallespir, Sabadell"
5.64647,0.720583,0.691196,"Observatoire Banon La Tuilerie, Banon"
7.07181,0.725295,0.686171,"Telescope Leonard de Vinci, GAPRA, Antibes"
6.98947,0.68127,0.729861,"Mont-Soleil, Saint-Imier"
6.92294,0.723628,0.688176,Observatoire de la Cote d'Azur
7.14447,0.680871,0.730105,"La Porte des Etoiles, Corgemont"
8.51092,0.678068,0.732656,ETH Honggerberg Observatory
8.78094,0.600059,0.797286,Osterholz-Scharmbeck
9.06719,0.710955,0.700966,"Sanse Observatory, San Sebastiano Curone"
9.79045,0.718941,0.692828,"Fiammetta Observatory, La Spezia"
10.43101,0.716999,0.694998,Osservatorio Pierino Zambonini
10.53953,0.649091,0.758232,Baudenbach
10.88781,0.735341,0.67544,Otus Scopes Observatory
11.23808,0.723496,0.688038,"Giuliano Betti Observatory, Firenze"
12.92156,0.670725,0.739321,"Stierlingwald, Buermoos"
12.71285,0.744787,0.665093,Osservatorio Astronomico Narciso Spuntoni
12.83332,0.668165,0.741616,Sternwarte Burghausen
13.07584,0.744332,0.665855,ASTRIS Osservatorio Astronomico Claudio Del Sole
16.36147,0.91963,-0.392205,"Namibia1/HAKOS, Hakos, Namibia, Hakos"
16.705,0.759851,0.648047,ASI Matera Flyeye
19.54683,0.671902,0.738204,"Szilard Leo Observatory, Bujak"
21.49744,0.674553,0.735785,"Zenit, Hajduboszormeny"
26.02889,0.716302,0.695479,Institute of Space Science Magurele
26.0225,0.714576,0.697241,"StarBlazer Observatory, Bucharest"
26.46538,0.70756,0.704357,"SkyQuest Observatory, Sahateni"
27.29661,0.721431,0.690213,Alfastar - Astroclubul Bucuresti
31.97332,0.683582,0.727444,"Mykolaiv, 0.3m f/5 Telescope"
40.325,0.91876,0.393856,Alamri astronomical observatory
41.42533,0.72519,0.687159,"FASTAU, Astrofarm Astroverts"
42.66639,0.723844,0.688125,INASAN-Kislovodsk Observatory
203.49572,0.934614,0.354517,"SNX-NET, Wailuku"
203.74247,0.93624,0.351538,Haleakala-LCO Clamshell #3
203.74249,0.936241,0.351538,Haleakala-LCO OGG B #2
203.74299,0.936236,0.351547,"ATLAS-HKO, Haleakala"
204.42387,0.94329,0.332467,"ATLAS-MLO Auxiliary Camera, Mauna Loa"
204.42395,0.94329,0.332467,"ATLAS-MLO, Mauna Loa"
204.52396,0.941711,0.337239,"Subaru Telescope, Maunakea"
204.52241,0.941706,0.337212,"Submillimeter Array, Maunakea (SMA)"
204.52965,0.941734,0.337191,"United Kingdom Infrared Telescope, Maunakea"
204.53054,0.941733,0.337201,"University of Hawaii 88-inch telescope, Maunakea"
204.52797,0.941707,0.337251,"NASA Infrared Telescope Facility, Maunakea"
204.53109,0.941717,0.33724,"Canada-France-Hawaii Telescope, Maunakea"
204.53093,0.941728,0.337214,"Gemini North Observatory, Maunakea"
204.52526,0.941708,0.337246,"W. M. Keck Observatory, Keck 1, Maunakea"
204.52574,0.941704,0.337256,"W. M. Keck Observatory, Keck 2, Maunakea"
210.3902,0.953686,-0.299837,Astronomical Society of Tahiti
237.451,0.74924,0.66027,"Shasta Valley Observatory, Grenada"
237.1603,0.70274,0.70909,"Murray Hill Observatory, Beaverton"
237.31286,0.782952,0.620081,"Hume Observatory, Santa Rosa"
237.41456,0.653977,0.753984,"Golden Ears Observatory, Maple Ridge"
237.86917,0.795044,0.604511,Palo Alto
237.84128,0.795776,0.603616,"Black Mountain Observatory, Los Altos"
238.95508,0.81197,0.581864,TransAstra TKO at SkiesAway
239.19456,0.681217,0.72977,"Burnt Tree Hill Observatory, Cle Elum"
239.46151,0.683272,0.727821,"CWU-Lind Observatory, Ellensburg"
239.45983,0.683247,0.727841,"CWU Observatory, Ellensburg"
240.92056,0.791644,0.609534,June Lake Overlook
240.20358,0.776325,0.628595,"Jack C. Davis Observatory, Carson City"
240.58701,0.79904,0.59962,"JPL SynTrack Robotic Telescope, Auberry"
240.587,0.79904,0.59962,"iTelescope SRO Observatory, Auberry"
240.5869,0.79904,0.59962,"RASC Observatory, Alder Springs"
241.3633,0.8252,0.56305,"AHS Observatory, Castaic"
241.46,0.82815,0.558687,Tarzana
241.6172,0.83164,0.55346,Redondo Beach
240.5872,0.79904,0.599619,"JPL SynTrack Robotic Telescope 2, Auberry"
242.18366,0.833735,0.550383,Newport Beach
242.1279,0.82855,0.5581,"Maury Lewin Observatory, Glendora"
242.9181,0.84002,0.54076,"Rani Observatory, San Diego"
242.8449,0.82758,0.55989,Cedar Glen Observatory
242.79187,0.838837,0.542598,"Cosmos Research Center, Encinitas"
243.6151,0.82737,0.56004,"CS3-DanHenge Observatory, Landers"
243.61514,0.827367,0.560037,"CS3-Trojan Station, Landers"
243.61519,0.827368,0.560036,"CS3-Palmer Divide Station, Landers"
243.57311,0.841238,0.53938,Mount Laguna Observatory
244.53556,0.8579,0.512937,"BOOTES-5, Bajo California"
246.30486,0.791059,0.610084,"BURSST, Beryl"
251.83,0.827059,0.560862,"Astrottica Network USA2, Pie Town"
246.28761,0.79174,0.609209,"Skygems Dreamscope Utah, Beryl Junction"
246.3025,0.792006,0.608864,"iTelescope Observatory, Beryl Junction"
251.82967,0.827058,0.560864,"USA1/HCRO, Pie Town"
246.686,0.579007,0.812698,Athabasca University Geophysical Observatory
248.33292,0.818306,0.573452,"JPL SynTrack Robotic Telescope 3, Flagstaff"
249.743,0.849529,0.52609,"NAC Observatory, Benson"
247.8537,0.829354,0.557017,"BCC Observatory, Black Canyon City"
248.39981,0.849456,0.526492,Kitt Peak-Bok
248.23911,0.762243,0.645493,"Mountainville Observatory, Alpine"
248.05794,0.835743,0.547377,"Command Module, Tempe"
248.3314,0.79889,0.59979,Big Water
248.46331,0.819378,0.571927,"FRoST, Anderson Mesa"
248.63195,0.836631,0.546101,"Rusty Mountain Observatory, Gold Canyon"
249.26745,0.845313,0.533209,Catalina Sky Survey-Kuiper
249.1219,0.85208,0.52234,"Whipple Observatory, Mount Hopkins-PAIRITEL"
249.339,0.848249,0.528126,"Mountain Creek Ranch, Vail"
249.74202,0.849537,0.52608,"Moka Observatory, Benson"
248.32772,0.818623,0.572977,"Sierra Sinagua Observatory, Flagstaff"
249.21119,0.847025,0.530011,"Saguaro Observatory, Tucson"
249.39819,0.85211,0.52205,Elgin
248.78278,0.762335,0.645641,"Little Moose Observatory, Timber Lakes"
248.78336,0.762292,0.645691,"Moose Springs Observatory, Timber Lakes"
249.21069,0.84511,0.533602,"OWL-Net, Mt. Lemmon"
251.10288,0.84951,0.526194,"Dark Sky New Mexico, Animas"
248.98319,0.845476,0.532429,"Leo Observatory, Tucson"
249.6181,0.85776,0.51308,"MASTER-OAGH Observatory, Sonora"
251.79086,0.841371,0.539217,Whiskey Creek Observatory
251.77822,0.827004,0.560943,"Killer Rocks Observatory, Pie Town"
251.10231,0.849511,0.526188,Cewanee Observatory at DSNM
251.8155,0.827009,0.560941,"Insight Remote Observatory, Pie Town"
252.76406,0.828722,0.558332,"FOAH Observatory, Magdalena"
250.48403,0.850261,0.52502,"Sonoran Desert Skies Observatory, Pearce"
253.30194,0.846331,0.531305,"Tortugas Mountain Observatory, Las Cruces"
253.3902,0.911283,0.410639,"UAS-ISON Observatory, Cosala"
253.71819,0.811354,0.58318,"North Mesa Observatory, Los Alamos"
254.34647,0.817018,0.575271,"Deep Sky West Observatory, Rowe"
254.2666,0.840062,0.541466,Tzec Maun Cloudcroft Facility
254.47105,0.84071,0.540313,"Heaven on Earth Observatory, Mayhill"
254.475,0.84061,0.54046,"Hazardous Observatory, Mayhill"
254.47131,0.840709,0.540308,"Canvas View New Mexico Skies, Mayhill"
254.72039,0.806382,0.590114,"Finlaystone Observatory, Angel Fire"
255.36992,0.778401,0.626222,"Baker Observatory, Black Forest"
255.91881,0.861839,0.506046,"Deep Sky Observatory Collaborative, Pier 5"
255.61742,0.843042,0.536333,"The Ranch Observatory, Lakewood"
255.98483,0.861053,0.507428,McDonald Observatory-LCO ELP
255.98493,0.861051,0.507431,McDonald Observatory-LCO ELP Aqawan A #1
255.98483,0.861053,0.507427,McDonald Observatory-LCO ELP B
255.91873,0.861839,0.506046,"Divine Creation Observatory, Fort Davis"
256.72578,0.719992,0.69189,Rapid City
254.47472,0.840614,0.540448,"Dimension Point, Mayhill"
250.4842,0.85026,0.52502,"Chiricahua Skies Observatory, Sunizona"
251.82983,0.827057,0.560864,"Coyote Watcher, Pie Town"
255.98496,0.861332,0.507595,McDonald Observatory-LCO ELP Aqawan B #1
253.69516,0.811343,0.583195,"Walnut Park Observatory, Los Alamos"
255.98498,0.861332,0.507595,McDonald Observatory-LCO ELP Aqawan B #2
249.39822,0.852111,0.522049,TransAstra at Winer
259.69219,0.936737,0.349756,"Observatoire LAURIER, El Marques"
260.61797,0.853052,0.520205,"The Gikem Observatory, Rockwood"
260.30403,0.849505,0.525995,"Stonehenge Observatory, Novice"
260.61774,0.85305,0.520209,"Starfront Observatories, Rockwood"
260.73497,0.868735,0.493762,"Medina Dome, Medina"
261.0734,0.86642,0.49781,"Millwood Observatory, Comfort"
261.09473,0.86214,0.505126,Putman Mountain Observatory
261.0571,0.858216,0.511725,"Shed of Science South, Pontotoc"
261.05661,0.858216,0.511726,"Live Oak Observatory, Pontotoc"
261.05728,0.858219,0.511721,"Tara Observatory, Cherokee"
263.33572,0.870056,0.491332,"Starry Night Observatory, Columbus"
263.89,0.752697,0.656235,"JDP Observatory, Omaha"
264.15689,0.86932,0.492598,"Katy Observatory, Katy"
264.56578,0.874931,0.482617,"Live Oak Observatory, Lake Jackson"
265.1078,0.700141,0.711688,Spirit Marsh Observatory. Sauk Centre
265.7604,0.80902,0.5859,Fayetteville
266.25728,0.781733,0.62159,"Rolling Hills Observatory, Warrensburg"
266.8927,0.78221,0.62099,"Rattle Snake Observatory, Sedalia"
267.42811,0.820618,0.569618,"River Ridge Observatory, Conway"
268.34983,0.817712,0.573711,"White County Observatory, Searcy"
268.61611,0.759765,0.648058,"Pin Oak Observatory, Fort Madison"
268.66169,0.759876,0.647933,"Cherokeeridge Observatory, Fort Madison"
271.00944,0.761606,0.645927,"Mark Evans Observatory, Bloomington"
271.26719,0.836205,0.546596,"Tree Gate Farm Observatory, Starkville"
271.88331,0.747086,0.662545,"Jimginny Observatory, Naperville"
272.14753,0.752886,0.655985,"Willowed Plains Observatory, Manteno"
272.6247,0.75272,0.65618,"Northwest Indiana Robotic Telescope, Lowell"
273.47361,0.778448,0.625642,"Star Quarry Observatory, Bedford"
273.24511,0.821914,0.567774,Harvest
273.19083,0.810875,0.583314,"Wayne Observatory, Franklin"
273.76869,0.822976,0.566292,Pleasant Groves Observatory
273.77122,0.7657,0.641103,"Arrowhead, Sheridan"
274.24962,0.767039,0.639505,"Red Fox Observatory, Pendleton"
274.37283,0.740783,0.669559,Kalamazoo
276.4855,0.781341,0.622075,"Moeller Observatory, Manchester"
282.90628,0.778653,0.625363,"Spots Observatory, Bethesda"
275.00447,0.844595,0.533635,"WestRock Observatory, Columbus"
275.38019,0.772786,0.632594,"Hevonen Farm Observatory, Oxford"
275.23817,0.722574,0.689025,"Shamrock Banks Observatory, Clare"
275.63506,0.776417,0.628165,"RMS Observatory, Cincinnati"
283.12911,0.771735,0.633872,"Starpool Observatory, Hampstead"
286.57383,0.749769,0.659492,"RCNS, New Milford"
276.3883,0.83011,0.55581,"Ex Nihilo Observatory, Winder"
276.9939,0.76659,0.64004,"Adena Brook Observatory, Columbus"
276.77117,0.838735,0.542749,"Georgia College Observatory, Milledgeville"
277.23736,0.834226,0.549613,"Deerlick Observatory, Crawfordville"
277.2375,0.834222,0.549619,Crawfordville Observatory
277.83451,0.819315,0.571499,"Transit Dreams Observatory, Campobello"
277.8453,0.81784,0.5736,"Squirrel Valley Observatory, Columbus"
278.0391,0.85661,0.51423,"Buffalo Creek Observatory, Nahunta"
280.502,0.748729,0.660767,"EliLauren Observatory, Neilltown"
281.22014,0.736467,0.67428,"Transit Dreams Observatory-North, Hamburg NY"
278.58531,0.807479,0.588163,"Dark Sky Observatory, Boone"
278.80944,0.878725,0.475726,Robinson Observatory
281.5291,0.797117,0.601832,Hampden-Sydney Observatory
279.54,0.797348,0.601651,Anderson Observatory
279.46571,0.88551,0.463056,"Mind's Eye Observatory, Vero Beach"
285.43186,0.750738,0.658457,"MT_Hope_Cavu, Otisville"
286.22017,0.755635,0.652808,"Duo Ursi de Saltu, Scarsdale"
283.93828,0.802431,0.594736,"Benito Loyola Observatory, Virginia Beach"
280.41192,0.818614,0.572448,Foxfire Village
289.23501,0.86285,-0.504261,"SNX-NET, Rio Hurtado"
280.887,0.811693,0.582156,"BKH Observatory, Chapel Hill"
281.06757,0.778794,0.62538,"CBA-MM Observatory, Mountain Meadows"
281.25404,0.813127,0.580167,Apex
287.56544,0.755204,0.653287,Custer Institute and Observatory
283.51419,0.778335,0.625736,US Naval Academy Hopper Hall Observatory
282.31524,0.77114,0.634559,Hagerstown
282.28944,0.785431,0.61689,"Mark Slade Remote Observatory, Wilderness"
282.58389,0.773703,0.631447,"Natelli Observatory, Frederick"
282.52583,0.773143,0.632153,"Pineapple Observatory, Frederick"
289.26095,0.873473,-0.485999,ESA TBT La Silla Observatory
283.14964,0.777667,0.626574,"ALPHA Observatory, South Laurel"
284.10758,0.757005,0.651302,"The Dark Side Observatory, Weatherly"
286.36626,0.995574,0.097155,"AstroExplor Observatory, Tinjaca"
283.74492,0.71338,0.698447,"Leeside Observatory, Elgin"
284.13761,0.758729,0.649276,"Comet Hunter Observatory2, New Ringgold"
284.30958,0.996767,0.082976,"Observatorio Astronomico UTP, Pereira"
285.27004,0.768364,0.637863,"Red Lion Observatory, Southampton Twsp"
284.79169,0.697761,0.713966,"Observatoire GOZ, Montpellier"
285.05381,0.756278,0.652109,"SVH Observatory, Blairstown"
285.10211,0.759453,0.648444,"Paul Robinson Observatory, Voorhees State Park"
289.23502,0.862845,-0.504269,"ATLAS Chile, Rio Hurtado"
285.985,0.759912,0.647855,"OLPH Observatory, Brooklyn"
285.91386,0.698475,0.713264,"Loose Goose Observatory, Saint-Jerome"
285.99297,0.717404,0.694456,"Rand II Observatory, Lake Placid"
286.8211,0.75302,0.6558,"Trumbull Observatory, Trumbull"
289.32156,0.957949,-0.287797,"Observatorio Astronomico de Moquegua, Carumas"
289.26245,0.873451,-0.48604,"Danish Telescope, La Silla"
289.60944,0.910001,-0.41415,"SPECULOOS-South Observatory, Paranal"
289.23695,0.862826,-0.504288,"CHILESCOPE Observatory, Rio Hurtado"
287.401,0.75196,0.65702,"Skyledge Observatory, Killingworth"
288.88325,0.739859,0.670509,"Clay Telescope, Harvard University"
289.19535,0.865587,-0.499763,Cerro Tololo-LCO Aqawan B #1
288.7678,0.74138,0.66885,Westwood
288.99967,0.724557,0.686948,"Nebula Knoll Observatory, East Wakefield"
288.87804,0.736419,0.674274,"Mendel Observatory, Merrimack College"
288.69747,0.740821,0.669461,"Whitin Observatory, Wellesley"
289.19358,0.865572,-0.499793,Cerro Tololo-DECam
289.19519,0.865591,-0.49976,Cerro Tololo-LCO A
289.19533,0.865592,-0.499759,Cerro Tololo-LCO B
289.19532,0.865591,-0.499761,Cerro Tololo-LCO C
289.4657,0.837136,-0.545574,"Slooh.com Chile Observatory, La Dehesa"
289.19533,0.865589,-0.499764,Cerro Tololo-LCO Aqawan A #1
289.05814,0.73274,0.678229,Phillips Exeter Academy Grainger Observatory
289.60257,0.910007,-0.414148,"VHS-VISTA, Cerro Paranal"
290.67357,0.850987,-0.52415,"MASTER-OAFA Observatory, San Juan"
289.196,0.865589,-0.499755,Korea Microlensing Telescope Network-CTIO
291.82019,0.921646,-0.387713,"MAPS, San Pedro de Atacama"
291.82012,0.921639,-0.387712,"Observatorio Panameno, San Pedro de Atacama"
291.82006,0.921637,-0.387717,"CAO, San Pedro de Atacama (since 2013)"
291.82024,0.921638,-0.387716,"Atacama Desert Observatory, San Pedro de Atacama"
291.8203,0.921639,-0.387712,"Polonia Observatory, San Pedro de Atacama"
291.82015,0.921638,-0.387716,"SON, San Pedro de Atacama Station"
292.60125,0.910349,-0.413802,Observatorio Astronomico Tolar
289.23502,0.862846,-0.50427,"Observatory Hurtado, El Sauce"
289.23517,0.862833,-0.504255,"Telescope Live, El Sauce"
289.20361,0.862286,-0.505209,"Observatoire SADR, Poroto"
291.56747,0.664264,0.745,"MCD Observatory, Saint-Anaclet"
289.25058,0.864981,-0.500958,"Simonyi Survey Telescope, Rubin Observatory"
289.14649,0.862374,-0.50511,"Skygems Chile, Rio Hurtado"
289.14639,0.862374,-0.505109,"iTelescope Deep Sky Chile, Rio Hurtado"
289.235,0.862852,-0.504255,"ShAO Chile station, El Sauce"
289.1467,0.862375,-0.505108,"Deep Random Survey, Rio Hurtado"
291.8204,0.921644,-0.387717,"OVTLN, San Pedro de Atacama"
289.59604,0.909953,-0.414324,"VLT Survey Telescope, Paranal"
295.712,0.80343,-0.593455,Observatorio Los Cabezones
295.4498,0.85269,-0.52103,Observatorio Remoto Bosque Alegre
295.83222,0.854475,-0.517879,"Observatorio Orbis Tertius, Cordoba"
291.82053,0.921647,-0.387711,"ABYO, San Pedro de Atacama"
293.8497,0.95511,-0.29667,"Astronomia Sigma Octante, Cochabamba"
289.26208,0.873456,-0.486033,BlackGEM
291.82053,0.921646,-0.38771,"6R-POL2, San Pedro de Atacama"
290.67383,0.850988,-0.524154,"Santel Observatory, El Leoncito"
291.82052,0.921646,-0.387713,"BOOTES-7, San Pedro Atacama"
289.14681,0.862374,-0.505109,"RoSaMund Obervatory - DSC, Rio Hurtado"
289.147,0.862368,-0.50512,"BTN-1, Deep Sky Chile"
291.82053,0.921647,-0.38771,"OVTLN2, San Pedro de Atacama"
289.98831,0.887329,-0.460106,"Observatorio Desierto Cosmico, Atacama"
289.14678,0.862375,-0.505111,UBC Southern Observatory
295.57233,0.852247,-0.521566,"NAOS, Alta Gracia"
289.20081,0.865545,-0.499828,SARA-CT
289.98828,0.887329,-0.460106,"CHILE1/ODC, Atacama"
299.13761,0.840299,-0.540322,Observatorio Astronomico Municipal de Funes
299.47934,0.850485,-0.524263,"Galileo Galilei Observatory, Oro Verde"
299.99039,0.998647,-0.051941,"OARU, Manaus"
301.13711,0.825648,-0.562299,"Observatorio Pueyrredon, La Lonja"
301.1378,0.82615,-0.56158,"Observatorio Antares, Pilar"
301.61689,0.822572,-0.566762,"Cielos de Banfield, Banfield"
301.6055,0.821536,-0.568259,"Observatorio Proton-Proton, Longchamps"
303.82419,0.821025,-0.568999,Observatorio Astronomico de Montevideo
305.40626,0.903659,-0.426885,"Polo Astronomico CMF,Foz do Iguacu"
306.42556,0.895232,-0.444317,Guaraciaba Observatory
308.43322,0.931623,-0.362375,"Observatorio OATU, Tupi Paulista"
308.92025,0.896628,-0.441642,"OASMiS, Sao Miguel da Serra"
308.87889,0.868775,-0.49356,"Waccobs, Sao Leopoldo"
309.49422,0.931569,-0.362525,Observatorio Campo dos Amarais
309.99097,0.990274,-0.13887,"SUN Observatory, Redencao"
309.92475,0.900184,-0.434346,"Centro Astron. Nevoeiro, Antonio Olinto"
312.21833,0.918367,-0.394621,"Ottoservatorio, Tatui"
312.0889,0.96218,-0.2721,"Dogsheaven Observatory, Brasilia"
312.49131,0.918012,-0.395458,"Observatorio Adhara, Sorocaba"
312.21786,0.962401,-0.271311,"Rocca Observatory, Brasilia"
312.13208,0.963322,-0.268189,"Carina Observatory, Brasilia"
312.78881,0.917193,-0.397452,"Orion-Colesanti observatory, Mairinque"
313.6047,0.92363,-0.38244,Munhoz Observatory
314.58361,0.924574,-0.380207,"Observatorio Pedra Preta, Itajuba"
315.21504,0.935906,-0.351562,"SONEAR Observatory, Oliveira"
316.0158,0.94089,-0.337985,"SONEAR 2 Observatory, Belo Horizonte"
316.31,0.94132,-0.337075,"SONEAR Wykrota-CEAMIG, Serra da Piedade"
318.68794,0.929268,-0.36817,"ROCG, Campos dos Goytacazes"
319.63169,0.938049,-0.345356,"Omega Centauri Observatory, Cariacica"
321.3126,0.9884,-0.15179,"OASI, Nova Itacuruba"
324.03889,0.989706,-0.143217,"Discovery Observatory, Caruaru"
352.13368,0.856447,0.515346,"SNX-NET, Oukaimeden"
343.48961,0.881484,0.471433,"Transient Survey Telescope (TST), Teide"
343.49042,0.881484,0.471429,"Two-meter Twin Telescope, TTT1"
343.49053,0.881484,0.471429,"Two-meter Twin Telescope, TTT2"
352.13292,0.856451,0.515335,"High Atlas Window to the Kosmos,Oukaimeden"
343.49077,0.881482,0.471432,"Two-meter Twin Telescope, TTT3"
353.37238,0.786766,0.615329,"ApolloIV5, Fregenal de la Sierra"
353.37251,0.786768,0.615327,"Makroskooppi, Fregenal de la Sierra"
354.58128,0.786275,0.615972,"Abraham Zacut, Salamanca"
359.79189,0.770614,0.635186,"Observatorio NovaCanet, Canet de Berenguer"
356.38858,0.758313,0.649939,"Cotos de Monterrey, Venturada"
359.46617,0.773792,0.631365,Tros Alt
359.9927,0.701911,0.709914,Observatoire de la grande vallee
357.16642,0.673761,0.736498,"Brenehuen, Grand-Champ"
356.5733,0.56175,0.82456,"Forthimage, Edinburgh"
358.06548,0.630258,0.77381,"LPMR Observatory, Broad Chalke"
359.04761,0.748699,0.660768,"Observatorio Arcosur, Zaragoza"
358.11972,0.665503,0.743909,Observatoire de Bretagne
351.85389,0.727084,0.684321,"Magalofes Observatory, Fene"
357.48003,0.79601,0.603469,Observatorio de Seron
353.01194,0.741821,0.668656,"Trevinca Skies-Amalthea, Trevinca"
353.01194,0.741819,0.668659,"ASERO, Valdin"
353.01189,0.741825,0.66867,"Proxima Centauri Observatory, Valdin"
354.5553,0.73015,0.68115,"Observatorio ESTELIA, Ladines"
354.8335,0.802497,0.594854,"Ras Algethi, Ronda"
354.53482,0.787182,0.6148,"JD Cassini, Piconcillo"
355.43322,0.746699,0.663112,"Observatorio Azahar, Valoria la Buena"
354.58571,0.732833,0.678415,"LCB Lugueros observatory, Valdelugueros"
357.99864,0.785356,0.617157,Pradillos Ferez
358.08932,0.762606,0.645079,Observatorio de Vega del Codorno
359.64303,0.713822,0.697993,"Bommes Observatory, Bommes"
358.68692,0.617953,0.783613,"Southside Observatory, Steeple Aston"
359.07299,0.748454,0.661036,Observatorio del Lucero del Alba
353.26586,0.798528,0.599968,"BOOTES-1, Mazagon"
352.13321,0.856462,0.515344,"OWL-Net, Oukaimeden"
352.13331,0.85645,0.515339,"HAO observatory, Oukaimeden"
355.73346,0.76133,0.646426,"Rio Cofio, Robledo de Chavela"
352.98203,0.833809,0.550302,"MAO, Ain Laqsab"
355.36389,0.802644,0.594495,"Observatorio Horus, Cartama"
357.67324,0.787439,0.614746,"Marina Sky, Nerpio"
356.3605,0.798537,0.600132,"Ad Astra Sangos Observatory, Alhendin"
357.59139,0.794477,0.605566,"Telescope Live, Oria"
356.8786,0.62844,0.77527,"Old Orchard Observatory, Fiddington"
353.37235,0.786766,0.615329,"PGC, Fregenal de la Sierra"
358.96669,0.601635,0.796115,"Appledorne Observatory, Farnsfield"
359.0961,0.78494,0.61762,"La Romaneta, Monovar"
355.54519,0.802515,0.594662,"Observatorio AGP GUAM 4, Malaga"
353.37226,0.786773,0.615335,"ART, Fregenal de la Sierra"
359.65331,0.630352,0.773724,Southwater
358.95192,0.793166,0.607001,Asociacion Astronomica de Cartagena
343.48827,0.881476,0.471456,Tenerife-LCO Aqawan A #2
342.10811,0.877671,0.478415,"Gran Telescopio Canarias, Roque de los Muchachos"
342.11094,0.877701,0.47838,La Palma-TNG
342.1217,0.87763,0.4785,La Palma-MERCATOR
343.4883,0.881475,0.471455,Tenerife-LCO Aqawan A #1
343.4894,0.88148,0.47143,"MASTER-IAC Observatory, Tenerife"
342.11492,0.877679,0.478433,"Nordic Optical Telescope, La Palma"
343.48848,0.881475,0.47146,"Tenerife Observatory-LCO B, Tenerife"
343.49031,0.881476,0.47145,"Artemis Observatory, Teide"
343.38969,0.88301,0.467899,"Observatorio Astronomico Arcangel, Las Zocas"
343.6998,0.87976,0.47393,"Observatorio Coralito, La Laguna"
357.67331,0.787438,0.614748,"Northern Skygems Observatory, Nerpio"
354.11944,0.751634,0.657576,Observatorio Astronomico Sobradillo
355.525,0.586571,0.807215,"Glyn Marsh Observatory, Douglas"
343.48835,0.881474,0.471457,"Tenerife Observatory-LCO A, Tenerife"
358.98372,0.766879,0.64013,Observatorio Astrofisico de Javalambre
357.67331,0.787438,0.614748,"6ROADS Observatory 2, Nerpio"
359.11233,0.6128,0.787622,NNHS Drummonds Observatory
358.8985,0.76788,0.63877,OAO University Observatory Station Aras
354.94553,0.805224,0.591005,Cancelada
357.80426,0.632788,0.771754,"Northolt Branch Observatory 3, Blandford Forum"
351.15294,0.768722,0.637456,"Picoto Observatory, Leiria"
346.4989,0.87535,0.48189,Observatorio Costa Teguise
355.5127,0.8024,0.59482,"El Manzanillo Observatory, Puerto de la Torre"
356.6264,0.76087,0.64689,"Irydeo Observatory, Camarma de Esteruelas"
357.66579,0.631495,0.772801,"Rushay Farm Observatory, Sturminster Newton"
357.46216,0.664742,0.744597,Landehen
351.67248,0.728723,0.682549,"Observatorio Terminus, A Coruna"
355.14264,0.804657,0.591779,"Cosmos Observatory, Marbella"
356.807,0.623612,0.779131,Cardiff
357.2925,0.59846,0.79849,Runcorn
359.74915,0.623799,0.778975,"Northolt Branch Observatory 2, Shepherd's Bush"
357.40631,0.591893,0.803336,Alston Observatory
355.28431,0.744053,0.666069,Mazariegos
356.4486,0.76313,0.64423,"Anunaki Observatory, Rivas Vaciamadrid"
359.33899,0.604299,0.794113,"The Studios Observatory, Grantham"
352.1336,0.85645,0.51534,"TRAPPIST-North, Oukaimeden"
358.92214,0.623422,0.779306,"Greenmoor Observatory, Woodcote"
354.915,0.79391,0.60604,"Uraniborg Observatory, Ecija"
350.2119,0.61577,0.78529,Knocknaboola
355.42589,0.803207,0.593753,"Observatorio Zuben, Alhaurin de la Torre"
355.63068,0.762093,0.645483,ESA TBT Cebreros Observatory
357.7154,0.599292,0.797871,Chelford Observatory
357.8506,0.73205,0.679,Observatorio Zaldibia
359.064,0.748594,0.660857,"Montecanal Observatory, Zaragoza"
351.62912,0.737181,0.673585,Observatorio Forcarei
358.47002,0.746291,0.663495,"Skybor Observatory, Borja"
352.1424,0.74016,0.67021,Observatorio el Miron del Cielo
352.17252,0.741388,0.668906,Observatorio Astronomico Corgas
355.59156,0.783284,0.619848,"DeSS Deimos Sky Survey, Niefla Mountain"
353.52314,0.59732,0.799328,Dunboyne Castle Observatory
353.4003,0.77964,0.62418,"Observatorio Torreaguila, Barbano"
353.187,0.79823,0.60034,Observatorio Mazagon Huelva
353.35711,0.737583,0.673113,Ponferrada
353.60972,0.773272,0.632064,"Observatorio Norba Caesarina, Aldea Moret"
353.88864,0.599295,0.797856,"Cademuir Observatory, Dalkey"
353.96731,0.795365,0.604101,"Observatorio Nuevos Horizontes, Camas"
354.1562,0.7961,0.60315,Amanecer de Arrakis
354.4676,0.73736,0.67346,"Observatorio Sirius, Las Lomas"
354.5644,0.72675,0.6846,"Observatorio Carda, Villaviciosa"
354.88958,0.797212,0.601739,Osuna
358.3242,0.788031,0.61369,"Arroyo Observatory, Arroyo Hurtado"
357.45327,0.797556,0.601783,Calar Alto TNO Survey
359.62808,0.623054,0.779568,Northolt Branch Observatory
355.7324,0.80253,0.594629,Observatorio Estrella de Mar
355.95897,0.802136,0.595174,"BOOTES-2 Observatory, Algarrobo"
356.2881,0.76033,0.64755,"Chicharronian 3C Observatory, Tres Cantos"
357.45184,0.79753,0.60183,Calar Alto-Schmidt
356.75028,0.801058,0.596932,Observatorio Sierra Contraviesa
356.89,0.62347,0.77923,St. Mellons
357.1021,0.608005,0.791293,"Stanley Laver Observatory, Pontesbury"
357.5101,0.62716,0.77632,"Fosseway Observatory, Stratton-on-the-Fosse"
357.8281,0.59942,0.79777,Macclesfield
357.8482,0.7954,0.60418,Albox
358.74999,0.631731,0.772595,Curdridge
358.39222,0.591378,0.803713,"Almalex Observatory, Leeds"
359.85589,0.78238,0.620769,"Observatorio Polop, Alicante"
358.8565,0.62725,0.77623,Kempshott
358.8909,0.76782,0.63883,Astronomia Para Todos Remote Observatory
359.19369,0.747818,0.661731,Observatorio Cesaraugusto
359.41647,0.704568,0.70727,"OPERA Observatory, Saint Palais"
359.5216,0.77156,0.63405,"Observatorio TRZ, Betera"
359.97874,0.595468,0.800687,"Clixby Observatory, Cleethorpes"
